Command line invocation:
    /Applications/Xcode.app/Contents/Developer/usr/bin/xcodebuild -project /Users/tianli/Apps/fitcoach/ios/01-源程序/FitCoach.xcodeproj -scheme FitCoach -configuration Release -destination generic/platform=iOS -archivePath /private/tmp/ios-testflight/FitCoach-ios.xcarchive -allowProvisioningUpdates -authenticationKeyPath /Users/tianli/.appstoreconnect/private_keys/AuthKey_CJZ357HGD3.p8 -authenticationKeyID CJZ357HGD3 -authenticationKeyIssuerID 44962583-c52a-4fdb-90ba-6612ad471e4b CURRENT_PROJECT_VERSION=7 archive

Build settings from command line:
    CURRENT_PROJECT_VERSION = 7

ComputePackagePrebuildTargetDependencyGraph

Prepare packages

CreateBuildRequest

SendProjectDescription

CreateBuildOperation

ComputeTargetDependencyGraph
note: Building targets in dependency order
note: Target dependency graph (3 targets)
    Target 'FitCoach' in project 'FitCoach'
        ➜ Explicit dependency on target 'FitCoachWatch' in project 'FitCoach'
    Target 'FitCoachWatch' in project 'FitCoach'
        ➜ Explicit dependency on target 'FitCoachWatchWidget' in project 'FitCoach'
    Target 'FitCoachWatchWidget' in project 'FitCoach' (no dependencies)

GatherProvisioningInputs

CreateBuildDescription

ExecuteExternalTool /Applications/Xcode.app/Contents/Developer/Toolchains/XcodeDefault.xctoolchain/usr/bin/swiftc --version

ExecuteExternalTool /Applications/Xcode.app/Contents/Developer/usr/bin/actool --print-asset-tag-combinations --output-format xml1 /Users/tianli/Apps/fitcoach/ios/01-源程序/Resources/Assets.xcassets

ExecuteExternalTool /opt/homebrew/opt/llvm/bin/clang -v -E -dM -isysroot /Applications/Xcode.app/Contents/Developer/Platforms/WatchOS.platform/Developer/SDKs/WatchOS27.0.sdk -x c -c /dev/null

ExecuteExternalTool /Applications/Xcode.app/Contents/Developer/usr/bin/actool --print-asset-tag-combinations --output-format xml1 /Users/tianli/Apps/fitcoach/ios/01-源程序/Resources/Assets.xcassets

ExecuteExternalTool /opt/homebrew/opt/llvm/bin/clang -v -E -dM -isysroot /Applications/Xcode.app/Contents/Developer/Platforms/iPhoneOS.platform/Developer/SDKs/iPhoneOS27.0.sdk -x c -c /dev/null

ExecuteExternalTool /Applications/Xcode.app/Contents/Developer/Toolchains/XcodeDefault.xctoolchain/usr/bin/ld -version_details

ExecuteExternalTool /Applications/Xcode.app/Contents/Developer/usr/bin/actool --version --output-format xml1

Build description signature: b386ed1c5cbd1c945420d50f4f72bc47
Build description path: /Users/tianli/Library/Developer/Xcode/DerivedData/FitCoach-acaaowtqnaruxxgsuqzrckdbihlv/Build/Intermediates.noindex/ArchiveIntermediates/FitCoach/IntermediateBuildFilesPath/XCBuildData/b386ed1c5cbd1c945420d50f4f72bc47.xcbuilddata
CreateBuildDirectory /Users/tianli/Library/Developer/Xcode/DerivedData/SDKExplicitPrecompiledModules
    cd /Users/tianli/Apps/fitcoach/ios/01-源程序/FitCoach.xcodeproj
    builtin-create-build-directory /Users/tianli/Library/Developer/Xcode/DerivedData/SDKExplicitPrecompiledModules

CreateBuildDirectory /Users/tianli/Library/Developer/Xcode/DerivedData/ModuleCache.noindex
    cd /Users/tianli/Apps/fitcoach/ios/01-源程序/FitCoach.xcodeproj
    builtin-create-build-directory /Users/tianli/Library/Developer/Xcode/DerivedData/ModuleCache.noindex

CreateBuildDirectory /Users/tianli/Library/Developer/Xcode/DerivedData/FitCoach-acaaowtqnaruxxgsuqzrckdbihlv/Build/Intermediates.noindex/ArchiveIntermediates/FitCoach/PrecompiledHeaders
    cd /Users/tianli/Apps/fitcoach/ios/01-源程序/FitCoach.xcodeproj
    builtin-create-build-directory /Users/tianli/Library/Developer/Xcode/DerivedData/FitCoach-acaaowtqnaruxxgsuqzrckdbihlv/Build/Intermediates.noindex/ArchiveIntermediates/FitCoach/PrecompiledHeaders

CreateBuildDirectory /Users/tianli/Library/Developer/Xcode/DerivedData/FitCoach-acaaowtqnaruxxgsuqzrckdbihlv/Build/Intermediates.noindex/ArchiveIntermediates/FitCoach/InstallationBuildProductsLocation
    cd /Users/tianli/Apps/fitcoach/ios/01-源程序/FitCoach.xcodeproj
    builtin-create-build-directory /Users/tianli/Library/Developer/Xcode/DerivedData/FitCoach-acaaowtqnaruxxgsuqzrckdbihlv/Build/Intermediates.noindex/ArchiveIntermediates/FitCoach/InstallationBuildProductsLocation

CreateBuildDirectory /Users/tianli/Library/Developer/Xcode/DerivedData/FitCoach-acaaowtqnaruxxgsuqzrckdbihlv/Build/Intermediates.noindex/ArchiveIntermediates/FitCoach/IntermediateBuildFilesPath
    cd /Users/tianli/Apps/fitcoach/ios/01-源程序/FitCoach.xcodeproj
    builtin-create-build-directory /Users/tianli/Library/Developer/Xcode/DerivedData/FitCoach-acaaowtqnaruxxgsuqzrckdbihlv/Build/Intermediates.noindex/ArchiveIntermediates/FitCoach/IntermediateBuildFilesPath

CreateBuildDirectory /Users/tianli/Library/Developer/Xcode/DerivedData/FitCoach-acaaowtqnaruxxgsuqzrckdbihlv/Build/Intermediates.noindex/ArchiveIntermediates/FitCoach/BuildProductsPath
    cd /Users/tianli/Apps/fitcoach/ios/01-源程序/FitCoach.xcodeproj
    builtin-create-build-directory /Users/tianli/Library/Developer/Xcode/DerivedData/FitCoach-acaaowtqnaruxxgsuqzrckdbihlv/Build/Intermediates.noindex/ArchiveIntermediates/FitCoach/BuildProductsPath

CreateBuildDirectory /Users/tianli/Library/Developer/Xcode/DerivedData/CompilationCache.noindex
    cd /Users/tianli/Apps/fitcoach/ios/01-源程序/FitCoach.xcodeproj
    builtin-create-build-directory /Users/tianli/Library/Developer/Xcode/DerivedData/CompilationCache.noindex

CreateBuildDirectory /Users/tianli/Library/Developer/Xcode/DerivedData/FitCoach-acaaowtqnaruxxgsuqzrckdbihlv/Build/Intermediates.noindex/ArchiveIntermediates/FitCoach/BuildProductsPath/Release-watchos
    cd /Users/tianli/Apps/fitcoach/ios/01-源程序/FitCoach.xcodeproj
    builtin-create-build-directory /Users/tianli/Library/Developer/Xcode/DerivedData/FitCoach-acaaowtqnaruxxgsuqzrckdbihlv/Build/Intermediates.noindex/ArchiveIntermediates/FitCoach/BuildProductsPath/Release-watchos

CreateBuildDirectory /Users/tianli/Library/Developer/Xcode/DerivedData/FitCoach-acaaowtqnaruxxgsuqzrckdbihlv/Build/Intermediates.noindex/ArchiveIntermediates/FitCoach/BuildProductsPath/Release-iphoneos
    cd /Users/tianli/Apps/fitcoach/ios/01-源程序/FitCoach.xcodeproj
    builtin-create-build-directory /Users/tianli/Library/Developer/Xcode/DerivedData/FitCoach-acaaowtqnaruxxgsuqzrckdbihlv/Build/Intermediates.noindex/ArchiveIntermediates/FitCoach/BuildProductsPath/Release-iphoneos

WriteAuxiliaryFile /Users/tianli/Library/Developer/Xcode/DerivedData/FitCoach-acaaowtqnaruxxgsuqzrckdbihlv/Build/Intermediates.noindex/ArchiveIntermediates/FitCoach/IntermediateBuildFilesPath/FitCoach.build/Release-watchos/FitCoach-82678684bbf8580a0d416ffcaeede89e-VFS-watchos/all-product-headers.yaml
    cd /Users/tianli/Apps/fitcoach/ios/01-源程序/FitCoach.xcodeproj
    write-file /Users/tianli/Library/Developer/Xcode/DerivedData/FitCoach-acaaowtqnaruxxgsuqzrckdbihlv/Build/Intermediates.noindex/ArchiveIntermediates/FitCoach/IntermediateBuildFilesPath/FitCoach.build/Release-watchos/FitCoach-82678684bbf8580a0d416ffcaeede89e-VFS-watchos/all-product-headers.yaml

CreateBuildDirectory /Users/tianli/Library/Developer/Xcode/DerivedData/FitCoach-acaaowtqnaruxxgsuqzrckdbihlv/Build/Intermediates.noindex/ArchiveIntermediates/FitCoach/IntermediateBuildFilesPath/SwiftExplicitPrecompiledModules
    cd /Users/tianli/Apps/fitcoach/ios/01-源程序/FitCoach.xcodeproj
    builtin-create-build-directory /Users/tianli/Library/Developer/Xcode/DerivedData/FitCoach-acaaowtqnaruxxgsuqzrckdbihlv/Build/Intermediates.noindex/ArchiveIntermediates/FitCoach/IntermediateBuildFilesPath/SwiftExplicitPrecompiledModules

CreateBuildDirectory /Users/tianli/Library/Developer/Xcode/DerivedData/FitCoach-acaaowtqnaruxxgsuqzrckdbihlv/Build/Intermediates.noindex/ArchiveIntermediates/FitCoach/IntermediateBuildFilesPath/ExplicitPrecompiledModules
    cd /Users/tianli/Apps/fitcoach/ios/01-源程序/FitCoach.xcodeproj
    builtin-create-build-directory /Users/tianli/Library/Developer/Xcode/DerivedData/FitCoach-acaaowtqnaruxxgsuqzrckdbihlv/Build/Intermediates.noindex/ArchiveIntermediates/FitCoach/IntermediateBuildFilesPath/ExplicitPrecompiledModules

CreateBuildDirectory /Users/tianli/Library/Developer/Xcode/DerivedData/FitCoach-acaaowtqnaruxxgsuqzrckdbihlv/Build/Intermediates.noindex/ArchiveIntermediates/FitCoach/IntermediateBuildFilesPath/EagerLinkingTBDs/Release-watchos
    cd /Users/tianli/Apps/fitcoach/ios/01-源程序/FitCoach.xcodeproj
    builtin-create-build-directory /Users/tianli/Library/Developer/Xcode/DerivedData/FitCoach-acaaowtqnaruxxgsuqzrckdbihlv/Build/Intermediates.noindex/ArchiveIntermediates/FitCoach/IntermediateBuildFilesPath/EagerLinkingTBDs/Release-watchos

WriteAuxiliaryFile /Users/tianli/Library/Developer/Xcode/DerivedData/FitCoach-acaaowtqnaruxxgsuqzrckdbihlv/Build/Intermediates.noindex/ArchiveIntermediates/FitCoach/IntermediateBuildFilesPath/FitCoach.build/Release-iphoneos/FitCoach-82678684bbf8580a0d416ffcaeede89e-VFS-iphoneos/all-product-headers.yaml
    cd /Users/tianli/Apps/fitcoach/ios/01-源程序/FitCoach.xcodeproj
    write-file /Users/tianli/Library/Developer/Xcode/DerivedData/FitCoach-acaaowtqnaruxxgsuqzrckdbihlv/Build/Intermediates.noindex/ArchiveIntermediates/FitCoach/IntermediateBuildFilesPath/FitCoach.build/Release-iphoneos/FitCoach-82678684bbf8580a0d416ffcaeede89e-VFS-iphoneos/all-product-headers.yaml

CreateBuildDirectory /Users/tianli/Library/Developer/Xcode/DerivedData/FitCoach-acaaowtqnaruxxgsuqzrckdbihlv/Build/Intermediates.noindex/ArchiveIntermediates/FitCoach/IntermediateBuildFilesPath/EagerLinkingTBDs/Release-iphoneos
    cd /Users/tianli/Apps/fitcoach/ios/01-源程序/FitCoach.xcodeproj
    builtin-create-build-directory /Users/tianli/Library/Developer/Xcode/DerivedData/FitCoach-acaaowtqnaruxxgsuqzrckdbihlv/Build/Intermediates.noindex/ArchiveIntermediates/FitCoach/IntermediateBuildFilesPath/EagerLinkingTBDs/Release-iphoneos

WriteAuxiliaryFile /Users/tianli/Library/Developer/Xcode/DerivedData/FitCoach-acaaowtqnaruxxgsuqzrckdbihlv/Build/Intermediates.noindex/ArchiveIntermediates/FitCoach/IntermediateBuildFilesPath/FitCoach.build/Release-watchos/FitCoachWatchWidget.build/Objects-normal/arm64_32/FitCoachWatchWidget.SwiftFileList (in target 'FitCoachWatchWidget' from project 'FitCoach')
    cd /Users/tianli/Apps/fitcoach/ios/01-源程序
    write-file /Users/tianli/Library/Developer/Xcode/DerivedData/FitCoach-acaaowtqnaruxxgsuqzrckdbihlv/Build/Intermediates.noindex/ArchiveIntermediates/FitCoach/IntermediateBuildFilesPath/FitCoach.build/Release-watchos/FitCoachWatchWidget.build/Objects-normal/arm64_32/FitCoachWatchWidget.SwiftFileList

WriteAuxiliaryFile /Users/tianli/Library/Developer/Xcode/DerivedData/FitCoach-acaaowtqnaruxxgsuqzrckdbihlv/Build/Intermediates.noindex/ArchiveIntermediates/FitCoach/IntermediateBuildFilesPath/FitCoach.build/Release-watchos/FitCoachWatchWidget.build/Objects-normal/arm64_32/FitCoachWatchWidget_const_extract_protocols.json (in target 'FitCoachWatchWidget' from project 'FitCoach')
    cd /Users/tianli/Apps/fitcoach/ios/01-源程序
    write-file /Users/tianli/Library/Developer/Xcode/DerivedData/FitCoach-acaaowtqnaruxxgsuqzrckdbihlv/Build/Intermediates.noindex/ArchiveIntermediates/FitCoach/IntermediateBuildFilesPath/FitCoach.build/Release-watchos/FitCoachWatchWidget.build/Objects-normal/arm64_32/FitCoachWatchWidget_const_extract_protocols.json

WriteAuxiliaryFile /Users/tianli/Library/Developer/Xcode/DerivedData/FitCoach-acaaowtqnaruxxgsuqzrckdbihlv/Build/Intermediates.noindex/ArchiveIntermediates/FitCoach/IntermediateBuildFilesPath/FitCoach.build/Release-watchos/FitCoachWatchWidget.build/Objects-normal/arm64_32/FitCoachWatchWidget.SwiftConstValuesFileList (in target 'FitCoachWatchWidget' from project 'FitCoach')
    cd /Users/tianli/Apps/fitcoach/ios/01-源程序
    write-file /Users/tianli/Library/Developer/Xcode/DerivedData/FitCoach-acaaowtqnaruxxgsuqzrckdbihlv/Build/Intermediates.noindex/ArchiveIntermediates/FitCoach/IntermediateBuildFilesPath/FitCoach.build/Release-watchos/FitCoachWatchWidget.build/Objects-normal/arm64_32/FitCoachWatchWidget.SwiftConstValuesFileList

WriteAuxiliaryFile /Users/tianli/Library/Developer/Xcode/DerivedData/FitCoach-acaaowtqnaruxxgsuqzrckdbihlv/Build/Intermediates.noindex/ArchiveIntermediates/FitCoach/IntermediateBuildFilesPath/FitCoach.build/Release-watchos/FitCoachWatchWidget.build/Objects-normal/arm64_32/FitCoachWatchWidget.LinkFileList (in target 'FitCoachWatchWidget' from project 'FitCoach')
    cd /Users/tianli/Apps/fitcoach/ios/01-源程序
    write-file /Users/tianli/Library/Developer/Xcode/DerivedData/FitCoach-acaaowtqnaruxxgsuqzrckdbihlv/Build/Intermediates.noindex/ArchiveIntermediates/FitCoach/IntermediateBuildFilesPath/FitCoach.build/Release-watchos/FitCoachWatchWidget.build/Objects-normal/arm64_32/FitCoachWatchWidget.LinkFileList

WriteAuxiliaryFile /Users/tianli/Library/Developer/Xcode/DerivedData/FitCoach-acaaowtqnaruxxgsuqzrckdbihlv/Build/Intermediates.noindex/ArchiveIntermediates/FitCoach/IntermediateBuildFilesPath/FitCoach.build/Release-watchos/FitCoachWatchWidget.build/Objects-normal/arm64_32/FitCoachWatchWidget-OutputFileMap.json (in target 'FitCoachWatchWidget' from project 'FitCoach')
    cd /Users/tianli/Apps/fitcoach/ios/01-源程序
    write-file /Users/tianli/Library/Developer/Xcode/DerivedData/FitCoach-acaaowtqnaruxxgsuqzrckdbihlv/Build/Intermediates.noindex/ArchiveIntermediates/FitCoach/IntermediateBuildFilesPath/FitCoach.build/Release-watchos/FitCoachWatchWidget.build/Objects-normal/arm64_32/FitCoachWatchWidget-OutputFileMap.json

WriteAuxiliaryFile /Users/tianli/Library/Developer/Xcode/DerivedData/FitCoach-acaaowtqnaruxxgsuqzrckdbihlv/Build/Intermediates.noindex/ArchiveIntermediates/FitCoach/IntermediateBuildFilesPath/FitCoach.build/Release-watchos/FitCoachWatchWidget.build/Objects-normal/arm64/FitCoachWatchWidget.SwiftFileList (in target 'FitCoachWatchWidget' from project 'FitCoach')
    cd /Users/tianli/Apps/fitcoach/ios/01-源程序
    write-file /Users/tianli/Library/Developer/Xcode/DerivedData/FitCoach-acaaowtqnaruxxgsuqzrckdbihlv/Build/Intermediates.noindex/ArchiveIntermediates/FitCoach/IntermediateBuildFilesPath/FitCoach.build/Release-watchos/FitCoachWatchWidget.build/Objects-normal/arm64/FitCoachWatchWidget.SwiftFileList

WriteAuxiliaryFile /Users/tianli/Library/Developer/Xcode/DerivedData/FitCoach-acaaowtqnaruxxgsuqzrckdbihlv/Build/Intermediates.noindex/ArchiveIntermediates/FitCoach/IntermediateBuildFilesPath/FitCoach.build/Release-watchos/FitCoachWatchWidget.build/Objects-normal/arm64/FitCoachWatchWidget_const_extract_protocols.json (in target 'FitCoachWatchWidget' from project 'FitCoach')
    cd /Users/tianli/Apps/fitcoach/ios/01-源程序
    write-file /Users/tianli/Library/Developer/Xcode/DerivedData/FitCoach-acaaowtqnaruxxgsuqzrckdbihlv/Build/Intermediates.noindex/ArchiveIntermediates/FitCoach/IntermediateBuildFilesPath/FitCoach.build/Release-watchos/FitCoachWatchWidget.build/Objects-normal/arm64/FitCoachWatchWidget_const_extract_protocols.json

WriteAuxiliaryFile /Users/tianli/Library/Developer/Xcode/DerivedData/FitCoach-acaaowtqnaruxxgsuqzrckdbihlv/Build/Intermediates.noindex/ArchiveIntermediates/FitCoach/IntermediateBuildFilesPath/FitCoach.build/Release-watchos/FitCoachWatchWidget.build/Objects-normal/arm64/FitCoachWatchWidget.SwiftConstValuesFileList (in target 'FitCoachWatchWidget' from project 'FitCoach')
    cd /Users/tianli/Apps/fitcoach/ios/01-源程序
    write-file /Users/tianli/Library/Developer/Xcode/DerivedData/FitCoach-acaaowtqnaruxxgsuqzrckdbihlv/Build/Intermediates.noindex/ArchiveIntermediates/FitCoach/IntermediateBuildFilesPath/FitCoach.build/Release-watchos/FitCoachWatchWidget.build/Objects-normal/arm64/FitCoachWatchWidget.SwiftConstValuesFileList

WriteAuxiliaryFile /Users/tianli/Library/Developer/Xcode/DerivedData/FitCoach-acaaowtqnaruxxgsuqzrckdbihlv/Build/Intermediates.noindex/ArchiveIntermediates/FitCoach/IntermediateBuildFilesPath/FitCoach.build/Release-watchos/FitCoachWatchWidget.build/Objects-normal/arm64/FitCoachWatchWidget.LinkFileList (in target 'FitCoachWatchWidget' from project 'FitCoach')
    cd /Users/tianli/Apps/fitcoach/ios/01-源程序
    write-file /Users/tianli/Library/Developer/Xcode/DerivedData/FitCoach-acaaowtqnaruxxgsuqzrckdbihlv/Build/Intermediates.noindex/ArchiveIntermediates/FitCoach/IntermediateBuildFilesPath/FitCoach.build/Release-watchos/FitCoachWatchWidget.build/Objects-normal/arm64/FitCoachWatchWidget.LinkFileList

WriteAuxiliaryFile /Users/tianli/Library/Developer/Xcode/DerivedData/FitCoach-acaaowtqnaruxxgsuqzrckdbihlv/Build/Intermediates.noindex/ArchiveIntermediates/FitCoach/IntermediateBuildFilesPath/FitCoach.build/Release-watchos/FitCoachWatchWidget.build/Objects-normal/arm64/FitCoachWatchWidget-OutputFileMap.json (in target 'FitCoachWatchWidget' from project 'FitCoach')
    cd /Users/tianli/Apps/fitcoach/ios/01-源程序
    write-file /Users/tianli/Library/Developer/Xcode/DerivedData/FitCoach-acaaowtqnaruxxgsuqzrckdbihlv/Build/Intermediates.noindex/ArchiveIntermediates/FitCoach/IntermediateBuildFilesPath/FitCoach.build/Release-watchos/FitCoachWatchWidget.build/Objects-normal/arm64/FitCoachWatchWidget-OutputFileMap.json

WriteAuxiliaryFile /Users/tianli/Library/Developer/Xcode/DerivedData/FitCoach-acaaowtqnaruxxgsuqzrckdbihlv/Build/Intermediates.noindex/ArchiveIntermediates/FitCoach/IntermediateBuildFilesPath/FitCoach.build/Release-watchos/FitCoachWatchWidget.build/FitCoachWatchWidget.hmap (in target 'FitCoachWatchWidget' from project 'FitCoach')
    cd /Users/tianli/Apps/fitcoach/ios/01-源程序
    write-file /Users/tianli/Library/Developer/Xcode/DerivedData/FitCoach-acaaowtqnaruxxgsuqzrckdbihlv/Build/Intermediates.noindex/ArchiveIntermediates/FitCoach/IntermediateBuildFilesPath/FitCoach.build/Release-watchos/FitCoachWatchWidget.build/FitCoachWatchWidget.hmap

WriteAuxiliaryFile /Users/tianli/Library/Developer/Xcode/DerivedData/FitCoach-acaaowtqnaruxxgsuqzrckdbihlv/Build/Intermediates.noindex/ArchiveIntermediates/FitCoach/IntermediateBuildFilesPath/FitCoach.build/Release-watchos/FitCoachWatchWidget.build/FitCoachWatchWidget.DependencyStaticMetadataFileList (in target 'FitCoachWatchWidget' from project 'FitCoach')
    cd /Users/tianli/Apps/fitcoach/ios/01-源程序
    write-file /Users/tianli/Library/Developer/Xcode/DerivedData/FitCoach-acaaowtqnaruxxgsuqzrckdbihlv/Build/Intermediates.noindex/ArchiveIntermediates/FitCoach/IntermediateBuildFilesPath/FitCoach.build/Release-watchos/FitCoachWatchWidget.build/FitCoachWatchWidget.DependencyStaticMetadataFileList

WriteAuxiliaryFile /Users/tianli/Library/Developer/Xcode/DerivedData/FitCoach-acaaowtqnaruxxgsuqzrckdbihlv/Build/Intermediates.noindex/ArchiveIntermediates/FitCoach/IntermediateBuildFilesPath/FitCoach.build/Release-watchos/FitCoachWatchWidget.build/FitCoachWatchWidget.DependencyMetadataFileList (in target 'FitCoachWatchWidget' from project 'FitCoach')
    cd /Users/tianli/Apps/fitcoach/ios/01-源程序
    write-file /Users/tianli/Library/Developer/Xcode/DerivedData/FitCoach-acaaowtqnaruxxgsuqzrckdbihlv/Build/Intermediates.noindex/ArchiveIntermediates/FitCoach/IntermediateBuildFilesPath/FitCoach.build/Release-watchos/FitCoachWatchWidget.build/FitCoachWatchWidget.DependencyMetadataFileList

WriteAuxiliaryFile /Users/tianli/Library/Developer/Xcode/DerivedData/FitCoach-acaaowtqnaruxxgsuqzrckdbihlv/Build/Intermediates.noindex/ArchiveIntermediates/FitCoach/IntermediateBuildFilesPath/FitCoach.build/Release-watchos/FitCoachWatchWidget.build/FitCoachWatchWidget-project-headers.hmap (in target 'FitCoachWatchWidget' from project 'FitCoach')
    cd /Users/tianli/Apps/fitcoach/ios/01-源程序
    write-file /Users/tianli/Library/Developer/Xcode/DerivedData/FitCoach-acaaowtqnaruxxgsuqzrckdbihlv/Build/Intermediates.noindex/ArchiveIntermediates/FitCoach/IntermediateBuildFilesPath/FitCoach.build/Release-watchos/FitCoachWatchWidget.build/FitCoachWatchWidget-project-headers.hmap

WriteAuxiliaryFile /Users/tianli/Library/Developer/Xcode/DerivedData/FitCoach-acaaowtqnaruxxgsuqzrckdbihlv/Build/Intermediates.noindex/ArchiveIntermediates/FitCoach/IntermediateBuildFilesPath/FitCoach.build/Release-watchos/FitCoachWatchWidget.build/FitCoachWatchWidget-own-target-headers.hmap (in target 'FitCoachWatchWidget' from project 'FitCoach')
    cd /Users/tianli/Apps/fitcoach/ios/01-源程序
    write-file /Users/tianli/Library/Developer/Xcode/DerivedData/FitCoach-acaaowtqnaruxxgsuqzrckdbihlv/Build/Intermediates.noindex/ArchiveIntermediates/FitCoach/IntermediateBuildFilesPath/FitCoach.build/Release-watchos/FitCoachWatchWidget.build/FitCoachWatchWidget-own-target-headers.hmap

WriteAuxiliaryFile /Users/tianli/Library/Developer/Xcode/DerivedData/FitCoach-acaaowtqnaruxxgsuqzrckdbihlv/Build/Intermediates.noindex/ArchiveIntermediates/FitCoach/IntermediateBuildFilesPath/FitCoach.build/Release-watchos/FitCoachWatchWidget.build/FitCoachWatchWidget-generated-files.hmap (in target 'FitCoachWatchWidget' from project 'FitCoach')
    cd /Users/tianli/Apps/fitcoach/ios/01-源程序
    write-file /Users/tianli/Library/Developer/Xcode/DerivedData/FitCoach-acaaowtqnaruxxgsuqzrckdbihlv/Build/Intermediates.noindex/ArchiveIntermediates/FitCoach/IntermediateBuildFilesPath/FitCoach.build/Release-watchos/FitCoachWatchWidget.build/FitCoachWatchWidget-generated-files.hmap

WriteAuxiliaryFile /Users/tianli/Library/Developer/Xcode/DerivedData/FitCoach-acaaowtqnaruxxgsuqzrckdbihlv/Build/Intermediates.noindex/ArchiveIntermediates/FitCoach/IntermediateBuildFilesPath/FitCoach.build/Release-watchos/FitCoachWatchWidget.build/FitCoachWatchWidget-all-target-headers.hmap (in target 'FitCoachWatchWidget' from project 'FitCoach')
    cd /Users/tianli/Apps/fitcoach/ios/01-源程序
    write-file /Users/tianli/Library/Developer/Xcode/DerivedData/FitCoach-acaaowtqnaruxxgsuqzrckdbihlv/Build/Intermediates.noindex/ArchiveIntermediates/FitCoach/IntermediateBuildFilesPath/FitCoach.build/Release-watchos/FitCoachWatchWidget.build/FitCoachWatchWidget-all-target-headers.hmap

WriteAuxiliaryFile /Users/tianli/Library/Developer/Xcode/DerivedData/FitCoach-acaaowtqnaruxxgsuqzrckdbihlv/Build/Intermediates.noindex/ArchiveIntermediates/FitCoach/IntermediateBuildFilesPath/FitCoach.build/Release-watchos/FitCoachWatchWidget.build/FitCoachWatchWidget-all-non-framework-target-headers.hmap (in target 'FitCoachWatchWidget' from project 'FitCoach')
    cd /Users/tianli/Apps/fitcoach/ios/01-源程序
    write-file /Users/tianli/Library/Developer/Xcode/DerivedData/FitCoach-acaaowtqnaruxxgsuqzrckdbihlv/Build/Intermediates.noindex/ArchiveIntermediates/FitCoach/IntermediateBuildFilesPath/FitCoach.build/Release-watchos/FitCoachWatchWidget.build/FitCoachWatchWidget-all-non-framework-target-headers.hmap

WriteAuxiliaryFile /Users/tianli/Library/Developer/Xcode/DerivedData/FitCoach-acaaowtqnaruxxgsuqzrckdbihlv/Build/Intermediates.noindex/ArchiveIntermediates/FitCoach/IntermediateBuildFilesPath/FitCoach.build/Release-watchos/FitCoachWatch.build/empty-FitCoachWatch.plist (in target 'FitCoachWatch' from project 'FitCoach')
    cd /Users/tianli/Apps/fitcoach/ios/01-源程序
    write-file /Users/tianli/Library/Developer/Xcode/DerivedData/FitCoach-acaaowtqnaruxxgsuqzrckdbihlv/Build/Intermediates.noindex/ArchiveIntermediates/FitCoach/IntermediateBuildFilesPath/FitCoach.build/Release-watchos/FitCoachWatch.build/empty-FitCoachWatch.plist

WriteAuxiliaryFile /Users/tianli/Library/Developer/Xcode/DerivedData/FitCoach-acaaowtqnaruxxgsuqzrckdbihlv/Build/Intermediates.noindex/ArchiveIntermediates/FitCoach/IntermediateBuildFilesPath/FitCoach.build/Release-watchos/FitCoachWatchWidget.build/DerivedSources/Entitlements.plist (in target 'FitCoachWatchWidget' from project 'FitCoach')
    cd /Users/tianli/Apps/fitcoach/ios/01-源程序
    write-file /Users/tianli/Library/Developer/Xcode/DerivedData/FitCoach-acaaowtqnaruxxgsuqzrckdbihlv/Build/Intermediates.noindex/ArchiveIntermediates/FitCoach/IntermediateBuildFilesPath/FitCoach.build/Release-watchos/FitCoachWatchWidget.build/DerivedSources/Entitlements.plist

WriteAuxiliaryFile /Users/tianli/Library/Developer/Xcode/DerivedData/FitCoach-acaaowtqnaruxxgsuqzrckdbihlv/Build/Intermediates.noindex/ArchiveIntermediates/FitCoach/IntermediateBuildFilesPath/FitCoach.build/Release-watchos/FitCoachWatch.build/Objects-normal/arm64_32/FitCoachWatch_const_extract_protocols.json (in target 'FitCoachWatch' from project 'FitCoach')
    cd /Users/tianli/Apps/fitcoach/ios/01-源程序
    write-file /Users/tianli/Library/Developer/Xcode/DerivedData/FitCoach-acaaowtqnaruxxgsuqzrckdbihlv/Build/Intermediates.noindex/ArchiveIntermediates/FitCoach/IntermediateBuildFilesPath/FitCoach.build/Release-watchos/FitCoachWatch.build/Objects-normal/arm64_32/FitCoachWatch_const_extract_protocols.json

WriteAuxiliaryFile /Users/tianli/Library/Developer/Xcode/DerivedData/FitCoach-acaaowtqnaruxxgsuqzrckdbihlv/Build/Intermediates.noindex/ArchiveIntermediates/FitCoach/IntermediateBuildFilesPath/FitCoach.build/Release-watchos/FitCoachWatch.build/Objects-normal/arm64_32/FitCoachWatch.SwiftFileList (in target 'FitCoachWatch' from project 'FitCoach')
    cd /Users/tianli/Apps/fitcoach/ios/01-源程序
    write-file /Users/tianli/Library/Developer/Xcode/DerivedData/FitCoach-acaaowtqnaruxxgsuqzrckdbihlv/Build/Intermediates.noindex/ArchiveIntermediates/FitCoach/IntermediateBuildFilesPath/FitCoach.build/Release-watchos/FitCoachWatch.build/Objects-normal/arm64_32/FitCoachWatch.SwiftFileList

WriteAuxiliaryFile /Users/tianli/Library/Developer/Xcode/DerivedData/FitCoach-acaaowtqnaruxxgsuqzrckdbihlv/Build/Intermediates.noindex/ArchiveIntermediates/FitCoach/IntermediateBuildFilesPath/FitCoach.build/Release-watchos/FitCoachWatch.build/Objects-normal/arm64_32/FitCoachWatch.SwiftConstValuesFileList (in target 'FitCoachWatch' from project 'FitCoach')
    cd /Users/tianli/Apps/fitcoach/ios/01-源程序
    write-file /Users/tianli/Library/Developer/Xcode/DerivedData/FitCoach-acaaowtqnaruxxgsuqzrckdbihlv/Build/Intermediates.noindex/ArchiveIntermediates/FitCoach/IntermediateBuildFilesPath/FitCoach.build/Release-watchos/FitCoachWatch.build/Objects-normal/arm64_32/FitCoachWatch.SwiftConstValuesFileList

WriteAuxiliaryFile /Users/tianli/Library/Developer/Xcode/DerivedData/FitCoach-acaaowtqnaruxxgsuqzrckdbihlv/Build/Intermediates.noindex/ArchiveIntermediates/FitCoach/IntermediateBuildFilesPath/FitCoach.build/Release-watchos/FitCoachWatch.build/Objects-normal/arm64_32/FitCoachWatch.LinkFileList (in target 'FitCoachWatch' from project 'FitCoach')
    cd /Users/tianli/Apps/fitcoach/ios/01-源程序
    write-file /Users/tianli/Library/Developer/Xcode/DerivedData/FitCoach-acaaowtqnaruxxgsuqzrckdbihlv/Build/Intermediates.noindex/ArchiveIntermediates/FitCoach/IntermediateBuildFilesPath/FitCoach.build/Release-watchos/FitCoachWatch.build/Objects-normal/arm64_32/FitCoachWatch.LinkFileList

WriteAuxiliaryFile /Users/tianli/Library/Developer/Xcode/DerivedData/FitCoach-acaaowtqnaruxxgsuqzrckdbihlv/Build/Intermediates.noindex/ArchiveIntermediates/FitCoach/IntermediateBuildFilesPath/FitCoach.build/Release-watchos/FitCoachWatch.build/Objects-normal/arm64_32/FitCoachWatch-OutputFileMap.json (in target 'FitCoachWatch' from project 'FitCoach')
    cd /Users/tianli/Apps/fitcoach/ios/01-源程序
    write-file /Users/tianli/Library/Developer/Xcode/DerivedData/FitCoach-acaaowtqnaruxxgsuqzrckdbihlv/Build/Intermediates.noindex/ArchiveIntermediates/FitCoach/IntermediateBuildFilesPath/FitCoach.build/Release-watchos/FitCoachWatch.build/Objects-normal/arm64_32/FitCoachWatch-OutputFileMap.json

WriteAuxiliaryFile /Users/tianli/Library/Developer/Xcode/DerivedData/FitCoach-acaaowtqnaruxxgsuqzrckdbihlv/Build/Intermediates.noindex/ArchiveIntermediates/FitCoach/IntermediateBuildFilesPath/FitCoach.build/Release-watchos/FitCoachWatch.build/Objects-normal/arm64/FitCoachWatch_const_extract_protocols.json (in target 'FitCoachWatch' from project 'FitCoach')
    cd /Users/tianli/Apps/fitcoach/ios/01-源程序
    write-file /Users/tianli/Library/Developer/Xcode/DerivedData/FitCoach-acaaowtqnaruxxgsuqzrckdbihlv/Build/Intermediates.noindex/ArchiveIntermediates/FitCoach/IntermediateBuildFilesPath/FitCoach.build/Release-watchos/FitCoachWatch.build/Objects-normal/arm64/FitCoachWatch_const_extract_protocols.json

WriteAuxiliaryFile /Users/tianli/Library/Developer/Xcode/DerivedData/FitCoach-acaaowtqnaruxxgsuqzrckdbihlv/Build/Intermediates.noindex/ArchiveIntermediates/FitCoach/IntermediateBuildFilesPath/FitCoach.build/Release-watchos/FitCoachWatch.build/Objects-normal/arm64/FitCoachWatch.SwiftFileList (in target 'FitCoachWatch' from project 'FitCoach')
    cd /Users/tianli/Apps/fitcoach/ios/01-源程序
    write-file /Users/tianli/Library/Developer/Xcode/DerivedData/FitCoach-acaaowtqnaruxxgsuqzrckdbihlv/Build/Intermediates.noindex/ArchiveIntermediates/FitCoach/IntermediateBuildFilesPath/FitCoach.build/Release-watchos/FitCoachWatch.build/Objects-normal/arm64/FitCoachWatch.SwiftFileList

WriteAuxiliaryFile /Users/tianli/Library/Developer/Xcode/DerivedData/FitCoach-acaaowtqnaruxxgsuqzrckdbihlv/Build/Intermediates.noindex/ArchiveIntermediates/FitCoach/IntermediateBuildFilesPath/FitCoach.build/Release-watchos/FitCoachWatch.build/Objects-normal/arm64/FitCoachWatch.SwiftConstValuesFileList (in target 'FitCoachWatch' from project 'FitCoach')
    cd /Users/tianli/Apps/fitcoach/ios/01-源程序
    write-file /Users/tianli/Library/Developer/Xcode/DerivedData/FitCoach-acaaowtqnaruxxgsuqzrckdbihlv/Build/Intermediates.noindex/ArchiveIntermediates/FitCoach/IntermediateBuildFilesPath/FitCoach.build/Release-watchos/FitCoachWatch.build/Objects-normal/arm64/FitCoachWatch.SwiftConstValuesFileList

WriteAuxiliaryFile /Users/tianli/Library/Developer/Xcode/DerivedData/FitCoach-acaaowtqnaruxxgsuqzrckdbihlv/Build/Intermediates.noindex/ArchiveIntermediates/FitCoach/IntermediateBuildFilesPath/FitCoach.build/Release-watchos/FitCoachWatch.build/Objects-normal/arm64/FitCoachWatch.LinkFileList (in target 'FitCoachWatch' from project 'FitCoach')
    cd /Users/tianli/Apps/fitcoach/ios/01-源程序
    write-file /Users/tianli/Library/Developer/Xcode/DerivedData/FitCoach-acaaowtqnaruxxgsuqzrckdbihlv/Build/Intermediates.noindex/ArchiveIntermediates/FitCoach/IntermediateBuildFilesPath/FitCoach.build/Release-watchos/FitCoachWatch.build/Objects-normal/arm64/FitCoachWatch.LinkFileList

WriteAuxiliaryFile /Users/tianli/Library/Developer/Xcode/DerivedData/FitCoach-acaaowtqnaruxxgsuqzrckdbihlv/Build/Intermediates.noindex/ArchiveIntermediates/FitCoach/IntermediateBuildFilesPath/FitCoach.build/Release-watchos/FitCoachWatch.build/Objects-normal/arm64/FitCoachWatch-OutputFileMap.json (in target 'FitCoachWatch' from project 'FitCoach')
    cd /Users/tianli/Apps/fitcoach/ios/01-源程序
    write-file /Users/tianli/Library/Developer/Xcode/DerivedData/FitCoach-acaaowtqnaruxxgsuqzrckdbihlv/Build/Intermediates.noindex/ArchiveIntermediates/FitCoach/IntermediateBuildFilesPath/FitCoach.build/Release-watchos/FitCoachWatch.build/Objects-normal/arm64/FitCoachWatch-OutputFileMap.json

WriteAuxiliaryFile /Users/tianli/Library/Developer/Xcode/DerivedData/FitCoach-acaaowtqnaruxxgsuqzrckdbihlv/Build/Intermediates.noindex/ArchiveIntermediates/FitCoach/IntermediateBuildFilesPath/FitCoach.build/Release-watchos/FitCoachWatch.build/FitCoachWatch.hmap (in target 'FitCoachWatch' from project 'FitCoach')
    cd /Users/tianli/Apps/fitcoach/ios/01-源程序
    write-file /Users/tianli/Library/Developer/Xcode/DerivedData/FitCoach-acaaowtqnaruxxgsuqzrckdbihlv/Build/Intermediates.noindex/ArchiveIntermediates/FitCoach/IntermediateBuildFilesPath/FitCoach.build/Release-watchos/FitCoachWatch.build/FitCoachWatch.hmap

WriteAuxiliaryFile /Users/tianli/Library/Developer/Xcode/DerivedData/FitCoach-acaaowtqnaruxxgsuqzrckdbihlv/Build/Intermediates.noindex/ArchiveIntermediates/FitCoach/IntermediateBuildFilesPath/FitCoach.build/Release-watchos/FitCoachWatch.build/FitCoachWatch.DependencyStaticMetadataFileList (in target 'FitCoachWatch' from project 'FitCoach')
    cd /Users/tianli/Apps/fitcoach/ios/01-源程序
    write-file /Users/tianli/Library/Developer/Xcode/DerivedData/FitCoach-acaaowtqnaruxxgsuqzrckdbihlv/Build/Intermediates.noindex/ArchiveIntermediates/FitCoach/IntermediateBuildFilesPath/FitCoach.build/Release-watchos/FitCoachWatch.build/FitCoachWatch.DependencyStaticMetadataFileList

WriteAuxiliaryFile /Users/tianli/Library/Developer/Xcode/DerivedData/FitCoach-acaaowtqnaruxxgsuqzrckdbihlv/Build/Intermediates.noindex/ArchiveIntermediates/FitCoach/IntermediateBuildFilesPath/FitCoach.build/Release-watchos/FitCoachWatch.build/FitCoachWatch.DependencyMetadataFileList (in target 'FitCoachWatch' from project 'FitCoach')
    cd /Users/tianli/Apps/fitcoach/ios/01-源程序
    write-file /Users/tianli/Library/Developer/Xcode/DerivedData/FitCoach-acaaowtqnaruxxgsuqzrckdbihlv/Build/Intermediates.noindex/ArchiveIntermediates/FitCoach/IntermediateBuildFilesPath/FitCoach.build/Release-watchos/FitCoachWatch.build/FitCoachWatch.DependencyMetadataFileList

WriteAuxiliaryFile /Users/tianli/Library/Developer/Xcode/DerivedData/FitCoach-acaaowtqnaruxxgsuqzrckdbihlv/Build/Intermediates.noindex/ArchiveIntermediates/FitCoach/IntermediateBuildFilesPath/FitCoach.build/Release-watchos/FitCoachWatch.build/FitCoachWatch-project-headers.hmap (in target 'FitCoachWatch' from project 'FitCoach')
    cd /Users/tianli/Apps/fitcoach/ios/01-源程序
    write-file /Users/tianli/Library/Developer/Xcode/DerivedData/FitCoach-acaaowtqnaruxxgsuqzrckdbihlv/Build/Intermediates.noindex/ArchiveIntermediates/FitCoach/IntermediateBuildFilesPath/FitCoach.build/Release-watchos/FitCoachWatch.build/FitCoachWatch-project-headers.hmap

WriteAuxiliaryFile /Users/tianli/Library/Developer/Xcode/DerivedData/FitCoach-acaaowtqnaruxxgsuqzrckdbihlv/Build/Intermediates.noindex/ArchiveIntermediates/FitCoach/IntermediateBuildFilesPath/FitCoach.build/Release-watchos/FitCoachWatch.build/FitCoachWatch-own-target-headers.hmap (in target 'FitCoachWatch' from project 'FitCoach')
    cd /Users/tianli/Apps/fitcoach/ios/01-源程序
    write-file /Users/tianli/Library/Developer/Xcode/DerivedData/FitCoach-acaaowtqnaruxxgsuqzrckdbihlv/Build/Intermediates.noindex/ArchiveIntermediates/FitCoach/IntermediateBuildFilesPath/FitCoach.build/Release-watchos/FitCoachWatch.build/FitCoachWatch-own-target-headers.hmap

WriteAuxiliaryFile /Users/tianli/Library/Developer/Xcode/DerivedData/FitCoach-acaaowtqnaruxxgsuqzrckdbihlv/Build/Intermediates.noindex/ArchiveIntermediates/FitCoach/IntermediateBuildFilesPath/FitCoach.build/Release-watchos/FitCoachWatch.build/FitCoachWatch-all-target-headers.hmap (in target 'FitCoachWatch' from project 'FitCoach')
    cd /Users/tianli/Apps/fitcoach/ios/01-源程序
    write-file /Users/tianli/Library/Developer/Xcode/DerivedData/FitCoach-acaaowtqnaruxxgsuqzrckdbihlv/Build/Intermediates.noindex/ArchiveIntermediates/FitCoach/IntermediateBuildFilesPath/FitCoach.build/Release-watchos/FitCoachWatch.build/FitCoachWatch-all-target-headers.hmap

WriteAuxiliaryFile /Users/tianli/Library/Developer/Xcode/DerivedData/FitCoach-acaaowtqnaruxxgsuqzrckdbihlv/Build/Intermediates.noindex/ArchiveIntermediates/FitCoach/IntermediateBuildFilesPath/FitCoach.build/Release-watchos/FitCoachWatch.build/FitCoachWatch-generated-files.hmap (in target 'FitCoachWatch' from project 'FitCoach')
    cd /Users/tianli/Apps/fitcoach/ios/01-源程序
    write-file /Users/tianli/Library/Developer/Xcode/DerivedData/FitCoach-acaaowtqnaruxxgsuqzrckdbihlv/Build/Intermediates.noindex/ArchiveIntermediates/FitCoach/IntermediateBuildFilesPath/FitCoach.build/Release-watchos/FitCoachWatch.build/FitCoachWatch-generated-files.hmap

WriteAuxiliaryFile /Users/tianli/Library/Developer/Xcode/DerivedData/FitCoach-acaaowtqnaruxxgsuqzrckdbihlv/Build/Intermediates.noindex/ArchiveIntermediates/FitCoach/IntermediateBuildFilesPath/FitCoach.build/Release-watchos/FitCoachWatch.build/FitCoachWatch-all-non-framework-target-headers.hmap (in target 'FitCoachWatch' from project 'FitCoach')
    cd /Users/tianli/Apps/fitcoach/ios/01-源程序
    write-file /Users/tianli/Library/Developer/Xcode/DerivedData/FitCoach-acaaowtqnaruxxgsuqzrckdbihlv/Build/Intermediates.noindex/ArchiveIntermediates/FitCoach/IntermediateBuildFilesPath/FitCoach.build/Release-watchos/FitCoachWatch.build/FitCoachWatch-all-non-framework-target-headers.hmap

WriteAuxiliaryFile /Users/tianli/Library/Developer/Xcode/DerivedData/FitCoach-acaaowtqnaruxxgsuqzrckdbihlv/Build/Intermediates.noindex/ArchiveIntermediates/FitCoach/IntermediateBuildFilesPath/FitCoach.build/Release-watchos/FitCoachWatch.build/DerivedSources/Entitlements.plist (in target 'FitCoachWatch' from project 'FitCoach')
    cd /Users/tianli/Apps/fitcoach/ios/01-源程序
    write-file /Users/tianli/Library/Developer/Xcode/DerivedData/FitCoach-acaaowtqnaruxxgsuqzrckdbihlv/Build/Intermediates.noindex/ArchiveIntermediates/FitCoach/IntermediateBuildFilesPath/FitCoach.build/Release-watchos/FitCoachWatch.build/DerivedSources/Entitlements.plist

WriteAuxiliaryFile /Users/tianli/Library/Developer/Xcode/DerivedData/FitCoach-acaaowtqnaruxxgsuqzrckdbihlv/Build/Intermediates.noindex/ArchiveIntermediates/FitCoach/IntermediateBuildFilesPath/FitCoach.build/Release-iphoneos/FitCoach.build/empty-FitCoach.plist (in target 'FitCoach' from project 'FitCoach')
    cd /Users/tianli/Apps/fitcoach/ios/01-源程序
    write-file /Users/tianli/Library/Developer/Xcode/DerivedData/FitCoach-acaaowtqnaruxxgsuqzrckdbihlv/Build/Intermediates.noindex/ArchiveIntermediates/FitCoach/IntermediateBuildFilesPath/FitCoach.build/Release-iphoneos/FitCoach.build/empty-FitCoach.plist

WriteAuxiliaryFile /Users/tianli/Library/Developer/Xcode/DerivedData/FitCoach-acaaowtqnaruxxgsuqzrckdbihlv/Build/Intermediates.noindex/ArchiveIntermediates/FitCoach/IntermediateBuildFilesPath/FitCoach.build/Release-iphoneos/FitCoach.build/Objects-normal/arm64/FitCoach_const_extract_protocols.json (in target 'FitCoach' from project 'FitCoach')
    cd /Users/tianli/Apps/fitcoach/ios/01-源程序
    write-file /Users/tianli/Library/Developer/Xcode/DerivedData/FitCoach-acaaowtqnaruxxgsuqzrckdbihlv/Build/Intermediates.noindex/ArchiveIntermediates/FitCoach/IntermediateBuildFilesPath/FitCoach.build/Release-iphoneos/FitCoach.build/Objects-normal/arm64/FitCoach_const_extract_protocols.json

WriteAuxiliaryFile /Users/tianli/Library/Developer/Xcode/DerivedData/FitCoach-acaaowtqnaruxxgsuqzrckdbihlv/Build/Intermediates.noindex/ArchiveIntermediates/FitCoach/IntermediateBuildFilesPath/FitCoach.build/Release-iphoneos/FitCoach.build/Objects-normal/arm64/FitCoach.SwiftFileList (in target 'FitCoach' from project 'FitCoach')
    cd /Users/tianli/Apps/fitcoach/ios/01-源程序
    write-file /Users/tianli/Library/Developer/Xcode/DerivedData/FitCoach-acaaowtqnaruxxgsuqzrckdbihlv/Build/Intermediates.noindex/ArchiveIntermediates/FitCoach/IntermediateBuildFilesPath/FitCoach.build/Release-iphoneos/FitCoach.build/Objects-normal/arm64/FitCoach.SwiftFileList

WriteAuxiliaryFile /Users/tianli/Library/Developer/Xcode/DerivedData/FitCoach-acaaowtqnaruxxgsuqzrckdbihlv/Build/Intermediates.noindex/ArchiveIntermediates/FitCoach/IntermediateBuildFilesPath/FitCoach.build/Release-iphoneos/FitCoach.build/Objects-normal/arm64/FitCoach.SwiftConstValuesFileList (in target 'FitCoach' from project 'FitCoach')
    cd /Users/tianli/Apps/fitcoach/ios/01-源程序
    write-file /Users/tianli/Library/Developer/Xcode/DerivedData/FitCoach-acaaowtqnaruxxgsuqzrckdbihlv/Build/Intermediates.noindex/ArchiveIntermediates/FitCoach/IntermediateBuildFilesPath/FitCoach.build/Release-iphoneos/FitCoach.build/Objects-normal/arm64/FitCoach.SwiftConstValuesFileList

WriteAuxiliaryFile /Users/tianli/Library/Developer/Xcode/DerivedData/FitCoach-acaaowtqnaruxxgsuqzrckdbihlv/Build/Intermediates.noindex/ArchiveIntermediates/FitCoach/IntermediateBuildFilesPath/FitCoach.build/Release-iphoneos/FitCoach.build/Objects-normal/arm64/FitCoach.LinkFileList (in target 'FitCoach' from project 'FitCoach')
    cd /Users/tianli/Apps/fitcoach/ios/01-源程序
    write-file /Users/tianli/Library/Developer/Xcode/DerivedData/FitCoach-acaaowtqnaruxxgsuqzrckdbihlv/Build/Intermediates.noindex/ArchiveIntermediates/FitCoach/IntermediateBuildFilesPath/FitCoach.build/Release-iphoneos/FitCoach.build/Objects-normal/arm64/FitCoach.LinkFileList

WriteAuxiliaryFile /Users/tianli/Library/Developer/Xcode/DerivedData/FitCoach-acaaowtqnaruxxgsuqzrckdbihlv/Build/Intermediates.noindex/ArchiveIntermediates/FitCoach/IntermediateBuildFilesPath/FitCoach.build/Release-iphoneos/FitCoach.build/Objects-normal/arm64/FitCoach-OutputFileMap.json (in target 'FitCoach' from project 'FitCoach')
    cd /Users/tianli/Apps/fitcoach/ios/01-源程序
    write-file /Users/tianli/Library/Developer/Xcode/DerivedData/FitCoach-acaaowtqnaruxxgsuqzrckdbihlv/Build/Intermediates.noindex/ArchiveIntermediates/FitCoach/IntermediateBuildFilesPath/FitCoach.build/Release-iphoneos/FitCoach.build/Objects-normal/arm64/FitCoach-OutputFileMap.json

WriteAuxiliaryFile /Users/tianli/Library/Developer/Xcode/DerivedData/FitCoach-acaaowtqnaruxxgsuqzrckdbihlv/Build/Intermediates.noindex/ArchiveIntermediates/FitCoach/IntermediateBuildFilesPath/FitCoach.build/Release-iphoneos/FitCoach.build/FitCoach.hmap (in target 'FitCoach' from project 'FitCoach')
    cd /Users/tianli/Apps/fitcoach/ios/01-源程序
    write-file /Users/tianli/Library/Developer/Xcode/DerivedData/FitCoach-acaaowtqnaruxxgsuqzrckdbihlv/Build/Intermediates.noindex/ArchiveIntermediates/FitCoach/IntermediateBuildFilesPath/FitCoach.build/Release-iphoneos/FitCoach.build/FitCoach.hmap

WriteAuxiliaryFile /Users/tianli/Library/Developer/Xcode/DerivedData/FitCoach-acaaowtqnaruxxgsuqzrckdbihlv/Build/Intermediates.noindex/ArchiveIntermediates/FitCoach/IntermediateBuildFilesPath/FitCoach.build/Release-iphoneos/FitCoach.build/FitCoach.DependencyStaticMetadataFileList (in target 'FitCoach' from project 'FitCoach')
    cd /Users/tianli/Apps/fitcoach/ios/01-源程序
    write-file /Users/tianli/Library/Developer/Xcode/DerivedData/FitCoach-acaaowtqnaruxxgsuqzrckdbihlv/Build/Intermediates.noindex/ArchiveIntermediates/FitCoach/IntermediateBuildFilesPath/FitCoach.build/Release-iphoneos/FitCoach.build/FitCoach.DependencyStaticMetadataFileList

WriteAuxiliaryFile /Users/tianli/Library/Developer/Xcode/DerivedData/FitCoach-acaaowtqnaruxxgsuqzrckdbihlv/Build/Intermediates.noindex/ArchiveIntermediates/FitCoach/IntermediateBuildFilesPath/FitCoach.build/Release-iphoneos/FitCoach.build/FitCoach.DependencyMetadataFileList (in target 'FitCoach' from project 'FitCoach')
    cd /Users/tianli/Apps/fitcoach/ios/01-源程序
    write-file /Users/tianli/Library/Developer/Xcode/DerivedData/FitCoach-acaaowtqnaruxxgsuqzrckdbihlv/Build/Intermediates.noindex/ArchiveIntermediates/FitCoach/IntermediateBuildFilesPath/FitCoach.build/Release-iphoneos/FitCoach.build/FitCoach.DependencyMetadataFileList

WriteAuxiliaryFile /Users/tianli/Library/Developer/Xcode/DerivedData/FitCoach-acaaowtqnaruxxgsuqzrckdbihlv/Build/Intermediates.noindex/ArchiveIntermediates/FitCoach/IntermediateBuildFilesPath/FitCoach.build/Release-iphoneos/FitCoach.build/FitCoach-own-target-headers.hmap (in target 'FitCoach' from project 'FitCoach')
    cd /Users/tianli/Apps/fitcoach/ios/01-源程序
    write-file /Users/tianli/Library/Developer/Xcode/DerivedData/FitCoach-acaaowtqnaruxxgsuqzrckdbihlv/Build/Intermediates.noindex/ArchiveIntermediates/FitCoach/IntermediateBuildFilesPath/FitCoach.build/Release-iphoneos/FitCoach.build/FitCoach-own-target-headers.hmap

WriteAuxiliaryFile /Users/tianli/Library/Developer/Xcode/DerivedData/FitCoach-acaaowtqnaruxxgsuqzrckdbihlv/Build/Intermediates.noindex/ArchiveIntermediates/FitCoach/IntermediateBuildFilesPath/FitCoach.build/Release-iphoneos/FitCoach.build/FitCoach-project-headers.hmap (in target 'FitCoach' from project 'FitCoach')
    cd /Users/tianli/Apps/fitcoach/ios/01-源程序
    write-file /Users/tianli/Library/Developer/Xcode/DerivedData/FitCoach-acaaowtqnaruxxgsuqzrckdbihlv/Build/Intermediates.noindex/ArchiveIntermediates/FitCoach/IntermediateBuildFilesPath/FitCoach.build/Release-iphoneos/FitCoach.build/FitCoach-project-headers.hmap

WriteAuxiliaryFile /Users/tianli/Library/Developer/Xcode/DerivedData/FitCoach-acaaowtqnaruxxgsuqzrckdbihlv/Build/Intermediates.noindex/ArchiveIntermediates/FitCoach/IntermediateBuildFilesPath/FitCoach.build/Release-iphoneos/FitCoach.build/FitCoach-generated-files.hmap (in target 'FitCoach' from project 'FitCoach')
    cd /Users/tianli/Apps/fitcoach/ios/01-源程序
    write-file /Users/tianli/Library/Developer/Xcode/DerivedData/FitCoach-acaaowtqnaruxxgsuqzrckdbihlv/Build/Intermediates.noindex/ArchiveIntermediates/FitCoach/IntermediateBuildFilesPath/FitCoach.build/Release-iphoneos/FitCoach.build/FitCoach-generated-files.hmap

WriteAuxiliaryFile /Users/tianli/Library/Developer/Xcode/DerivedData/FitCoach-acaaowtqnaruxxgsuqzrckdbihlv/Build/Intermediates.noindex/ArchiveIntermediates/FitCoach/IntermediateBuildFilesPath/FitCoach.build/Release-iphoneos/FitCoach.build/FitCoach-all-target-headers.hmap (in target 'FitCoach' from project 'FitCoach')
    cd /Users/tianli/Apps/fitcoach/ios/01-源程序
    write-file /Users/tianli/Library/Developer/Xcode/DerivedData/FitCoach-acaaowtqnaruxxgsuqzrckdbihlv/Build/Intermediates.noindex/ArchiveIntermediates/FitCoach/IntermediateBuildFilesPath/FitCoach.build/Release-iphoneos/FitCoach.build/FitCoach-all-target-headers.hmap

WriteAuxiliaryFile /Users/tianli/Library/Developer/Xcode/DerivedData/FitCoach-acaaowtqnaruxxgsuqzrckdbihlv/Build/Intermediates.noindex/ArchiveIntermediates/FitCoach/IntermediateBuildFilesPath/FitCoach.build/Release-iphoneos/FitCoach.build/FitCoach-all-non-framework-target-headers.hmap (in target 'FitCoach' from project 'FitCoach')
    cd /Users/tianli/Apps/fitcoach/ios/01-源程序
    write-file /Users/tianli/Library/Developer/Xcode/DerivedData/FitCoach-acaaowtqnaruxxgsuqzrckdbihlv/Build/Intermediates.noindex/ArchiveIntermediates/FitCoach/IntermediateBuildFilesPath/FitCoach.build/Release-iphoneos/FitCoach.build/FitCoach-all-non-framework-target-headers.hmap

WriteAuxiliaryFile /Users/tianli/Library/Developer/Xcode/DerivedData/FitCoach-acaaowtqnaruxxgsuqzrckdbihlv/Build/Intermediates.noindex/ArchiveIntermediates/FitCoach/IntermediateBuildFilesPath/FitCoach.build/Release-iphoneos/FitCoach.build/DerivedSources/Entitlements.plist (in target 'FitCoach' from project 'FitCoach')
    cd /Users/tianli/Apps/fitcoach/ios/01-源程序
    write-file /Users/tianli/Library/Developer/Xcode/DerivedData/FitCoach-acaaowtqnaruxxgsuqzrckdbihlv/Build/Intermediates.noindex/ArchiveIntermediates/FitCoach/IntermediateBuildFilesPath/FitCoach.build/Release-iphoneos/FitCoach.build/DerivedSources/Entitlements.plist

SymLink /Users/tianli/Library/Developer/Xcode/DerivedData/FitCoach-acaaowtqnaruxxgsuqzrckdbihlv/Build/Intermediates.noindex/ArchiveIntermediates/FitCoach/BuildProductsPath/Release-watchos/FitCoachWatchWidget.appex ../../IntermediateBuildFilesPath/UninstalledProducts/watchos/FitCoachWatchWidget.appex (in target 'FitCoachWatchWidget' from project 'FitCoach')
    cd /Users/tianli/Apps/fitcoach/ios/01-源程序
    /bin/ln -sfh ../../IntermediateBuildFilesPath/UninstalledProducts/watchos/FitCoachWatchWidget.appex /Users/tianli/Library/Developer/Xcode/DerivedData/FitCoach-acaaowtqnaruxxgsuqzrckdbihlv/Build/Intermediates.noindex/ArchiveIntermediates/FitCoach/BuildProductsPath/Release-watchos/FitCoachWatchWidget.appex

MkDir /Users/tianli/Library/Developer/Xcode/DerivedData/FitCoach-acaaowtqnaruxxgsuqzrckdbihlv/Build/Intermediates.noindex/ArchiveIntermediates/FitCoach/IntermediateBuildFilesPath/UninstalledProducts/watchos/FitCoachWatchWidget.appex (in target 'FitCoachWatchWidget' from project 'FitCoach')
    cd /Users/tianli/Apps/fitcoach/ios/01-源程序
    /bin/mkdir -p /Users/tianli/Library/Developer/Xcode/DerivedData/FitCoach-acaaowtqnaruxxgsuqzrckdbihlv/Build/Intermediates.noindex/ArchiveIntermediates/FitCoach/IntermediateBuildFilesPath/UninstalledProducts/watchos/FitCoachWatchWidget.appex

SymLink /Users/tianli/Library/Developer/Xcode/DerivedData/FitCoach-acaaowtqnaruxxgsuqzrckdbihlv/Build/Intermediates.noindex/ArchiveIntermediates/FitCoach/BuildProductsPath/Release-watchos/FitCoachWatch.app ../../IntermediateBuildFilesPath/UninstalledProducts/watchos/FitCoachWatch.app (in target 'FitCoachWatch' from project 'FitCoach')
    cd /Users/tianli/Apps/fitcoach/ios/01-源程序
    /bin/ln -sfh ../../IntermediateBuildFilesPath/UninstalledProducts/watchos/FitCoachWatch.app /Users/tianli/Library/Developer/Xcode/DerivedData/FitCoach-acaaowtqnaruxxgsuqzrckdbihlv/Build/Intermediates.noindex/ArchiveIntermediates/FitCoach/BuildProductsPath/Release-watchos/FitCoachWatch.app

MkDir /Users/tianli/Library/Developer/Xcode/DerivedData/FitCoach-acaaowtqnaruxxgsuqzrckdbihlv/Build/Intermediates.noindex/ArchiveIntermediates/FitCoach/IntermediateBuildFilesPath/UninstalledProducts/watchos/FitCoachWatch.app/PlugIns (in target 'FitCoachWatch' from project 'FitCoach')
    cd /Users/tianli/Apps/fitcoach/ios/01-源程序
    /bin/mkdir -p /Users/tianli/Library/Developer/Xcode/DerivedData/FitCoach-acaaowtqnaruxxgsuqzrckdbihlv/Build/Intermediates.noindex/ArchiveIntermediates/FitCoach/IntermediateBuildFilesPath/UninstalledProducts/watchos/FitCoachWatch.app/PlugIns

MkDir /Users/tianli/Library/Developer/Xcode/DerivedData/FitCoach-acaaowtqnaruxxgsuqzrckdbihlv/Build/Intermediates.noindex/ArchiveIntermediates/FitCoach/IntermediateBuildFilesPath/UninstalledProducts/watchos/FitCoachWatch.app (in target 'FitCoachWatch' from project 'FitCoach')
    cd /Users/tianli/Apps/fitcoach/ios/01-源程序
    /bin/mkdir -p /Users/tianli/Library/Developer/Xcode/DerivedData/FitCoach-acaaowtqnaruxxgsuqzrckdbihlv/Build/Intermediates.noindex/ArchiveIntermediates/FitCoach/IntermediateBuildFilesPath/UninstalledProducts/watchos/FitCoachWatch.app

SymLink /Users/tianli/Library/Developer/Xcode/DerivedData/FitCoach-acaaowtqnaruxxgsuqzrckdbihlv/Build/Intermediates.noindex/ArchiveIntermediates/FitCoach/BuildProductsPath/Release-iphoneos/FitCoach.app ../../InstallationBuildProductsLocation/Applications/FitCoach.app (in target 'FitCoach' from project 'FitCoach')
    cd /Users/tianli/Apps/fitcoach/ios/01-源程序
    /bin/ln -sfh ../../InstallationBuildProductsLocation/Applications/FitCoach.app /Users/tianli/Library/Developer/Xcode/DerivedData/FitCoach-acaaowtqnaruxxgsuqzrckdbihlv/Build/Intermediates.noindex/ArchiveIntermediates/FitCoach/BuildProductsPath/Release-iphoneos/FitCoach.app

MkDir /Users/tianli/Library/Developer/Xcode/DerivedData/FitCoach-acaaowtqnaruxxgsuqzrckdbihlv/Build/Intermediates.noindex/ArchiveIntermediates/FitCoach/InstallationBuildProductsLocation/Applications/FitCoach.app (in target 'FitCoach' from project 'FitCoach')
    cd /Users/tianli/Apps/fitcoach/ios/01-源程序
    /bin/mkdir -p /Users/tianli/Library/Developer/Xcode/DerivedData/FitCoach-acaaowtqnaruxxgsuqzrckdbihlv/Build/Intermediates.noindex/ArchiveIntermediates/FitCoach/InstallationBuildProductsLocation/Applications/FitCoach.app

ProcessProductPackaging /Users/tianli/Library/Developer/Xcode/UserData/Provisioning\ Profiles/191f22e4-5b4f-452c-b24c-782a206475f9.mobileprovision /Users/tianli/Library/Developer/Xcode/DerivedData/FitCoach-acaaowtqnaruxxgsuqzrckdbihlv/Build/Intermediates.noindex/ArchiveIntermediates/FitCoach/IntermediateBuildFilesPath/UninstalledProducts/watchos/FitCoachWatchWidget.appex/embedded.mobileprovision (in target 'FitCoachWatchWidget' from project 'FitCoach')
    cd /Users/tianli/Apps/fitcoach/ios/01-源程序
    builtin-productPackagingUtility /Users/tianli/Library/Developer/Xcode/UserData/Provisioning\ Profiles/191f22e4-5b4f-452c-b24c-782a206475f9.mobileprovision -o /Users/tianli/Library/Developer/Xcode/DerivedData/FitCoach-acaaowtqnaruxxgsuqzrckdbihlv/Build/Intermediates.noindex/ArchiveIntermediates/FitCoach/IntermediateBuildFilesPath/UninstalledProducts/watchos/FitCoachWatchWidget.appex/embedded.mobileprovision

ProcessProductPackaging /Users/tianli/Apps/fitcoach/ios/01-源程序/WatchWidget.entitlements /Users/tianli/Library/Developer/Xcode/DerivedData/FitCoach-acaaowtqnaruxxgsuqzrckdbihlv/Build/Intermediates.noindex/ArchiveIntermediates/FitCoach/IntermediateBuildFilesPath/FitCoach.build/Release-watchos/FitCoachWatchWidget.build/FitCoachWatchWidget.appex.xcent (in target 'FitCoachWatchWidget' from project 'FitCoach')
    cd /Users/tianli/Apps/fitcoach/ios/01-源程序
    
    Entitlements:
    
    {
    "application-identifier" = "B9LJH93LA4.cyou.tianli.fitcoachapp.watchkitapp.widget";
    "com.apple.developer.team-identifier" = B9LJH93LA4;
    "get-task-allow" = 1;
    "keychain-access-groups" =     (
        "B9LJH93LA4.cyou.tianli.fitcoachapp.watch"
    );
}
    
    builtin-productPackagingUtility /Users/tianli/Apps/fitcoach/ios/01-源程序/WatchWidget.entitlements -entitlements -format xml -o /Users/tianli/Library/Developer/Xcode/DerivedData/FitCoach-acaaowtqnaruxxgsuqzrckdbihlv/Build/Intermediates.noindex/ArchiveIntermediates/FitCoach/IntermediateBuildFilesPath/FitCoach.build/Release-watchos/FitCoachWatchWidget.build/FitCoachWatchWidget.appex.xcent

ProcessProductPackagingDER /Users/tianli/Library/Developer/Xcode/DerivedData/FitCoach-acaaowtqnaruxxgsuqzrckdbihlv/Build/Intermediates.noindex/ArchiveIntermediates/FitCoach/IntermediateBuildFilesPath/FitCoach.build/Release-watchos/FitCoachWatchWidget.build/FitCoachWatchWidget.appex.xcent /Users/tianli/Library/Developer/Xcode/DerivedData/FitCoach-acaaowtqnaruxxgsuqzrckdbihlv/Build/Intermediates.noindex/ArchiveIntermediates/FitCoach/IntermediateBuildFilesPath/FitCoach.build/Release-watchos/FitCoachWatchWidget.build/FitCoachWatchWidget.appex.xcent.der (in target 'FitCoachWatchWidget' from project 'FitCoach')
    cd /Users/tianli/Apps/fitcoach/ios/01-源程序
    /usr/bin/derq query -f xml -i /Users/tianli/Library/Developer/Xcode/DerivedData/FitCoach-acaaowtqnaruxxgsuqzrckdbihlv/Build/Intermediates.noindex/ArchiveIntermediates/FitCoach/IntermediateBuildFilesPath/FitCoach.build/Release-watchos/FitCoachWatchWidget.build/FitCoachWatchWidget.appex.xcent -o /Users/tianli/Library/Developer/Xcode/DerivedData/FitCoach-acaaowtqnaruxxgsuqzrckdbihlv/Build/Intermediates.noindex/ArchiveIntermediates/FitCoach/IntermediateBuildFilesPath/FitCoach.build/Release-watchos/FitCoachWatchWidget.build/FitCoachWatchWidget.appex.xcent.der --raw

ProcessInfoPlistFile /Users/tianli/Library/Developer/Xcode/DerivedData/FitCoach-acaaowtqnaruxxgsuqzrckdbihlv/Build/Intermediates.noindex/ArchiveIntermediates/FitCoach/IntermediateBuildFilesPath/UninstalledProducts/watchos/FitCoachWatchWidget.appex/Info.plist /Users/tianli/Apps/fitcoach/ios/01-源程序/WatchWidget/Info.plist (in target 'FitCoachWatchWidget' from project 'FitCoach')
    cd /Users/tianli/Apps/fitcoach/ios/01-源程序
    builtin-infoPlistUtility /Users/tianli/Apps/fitcoach/ios/01-源程序/WatchWidget/Info.plist -producttype com.apple.product-type.app-extension -expandbuildsettings -format binary -platform watchos -o /Users/tianli/Library/Developer/Xcode/DerivedData/FitCoach-acaaowtqnaruxxgsuqzrckdbihlv/Build/Intermediates.noindex/ArchiveIntermediates/FitCoach/IntermediateBuildFilesPath/UninstalledProducts/watchos/FitCoachWatchWidget.appex/Info.plist

SwiftDriver FitCoachWatchWidget normal arm64 com.apple.xcode.tools.swift.compiler (in target 'FitCoachWatchWidget' from project 'FitCoach')
    cd /Users/tianli/Apps/fitcoach/ios/01-源程序
    builtin-SwiftDriver -- /Applications/Xcode.app/Contents/Developer/Toolchains/XcodeDefault.xctoolchain/usr/bin/swiftc -module-name FitCoachWatchWidget -O -whole-module-optimization @/Users/tianli/Library/Developer/Xcode/DerivedData/FitCoach-acaaowtqnaruxxgsuqzrckdbihlv/Build/Intermediates.noindex/ArchiveIntermediates/FitCoach/IntermediateBuildFilesPath/FitCoach.build/Release-watchos/FitCoachWatchWidget.build/Objects-normal/arm64/FitCoachWatchWidget.SwiftFileList -enable-bare-slash-regex -enable-experimental-feature DebugDescriptionMacro -sdk /Applications/Xcode.app/Contents/Developer/Platforms/WatchOS.platform/Developer/SDKs/WatchOS27.0.sdk -target arm64-apple-watchos11.0 -g -module-cache-path /Users/tianli/Library/Developer/Xcode/DerivedData/ModuleCache.noindex -Xfrontend -serialize-debugging-options -application-extension -swift-version 5 -I /Users/tianli/Library/Developer/Xcode/DerivedData/FitCoach-acaaowtqnaruxxgsuqzrckdbihlv/Build/Intermediates.noindex/ArchiveIntermediates/FitCoach/BuildProductsPath/Release-watchos -F /Users/tianli/Library/Developer/Xcode/DerivedData/FitCoach-acaaowtqnaruxxgsuqzrckdbihlv/Build/Intermediates.noindex/ArchiveIntermediates/FitCoach/BuildProductsPath/Release-watchos -c -num-threads 10 -output-file-map /Users/tianli/Library/Developer/Xcode/DerivedData/FitCoach-acaaowtqnaruxxgsuqzrckdbihlv/Build/Intermediates.noindex/ArchiveIntermediates/FitCoach/IntermediateBuildFilesPath/FitCoach.build/Release-watchos/FitCoachWatchWidget.build/Objects-normal/arm64/FitCoachWatchWidget-OutputFileMap.json -save-temps -no-color-diagnostics -explicit-module-build -module-cache-path /Users/tianli/Library/Developer/Xcode/DerivedData/FitCoach-acaaowtqnaruxxgsuqzrckdbihlv/Build/Intermediates.noindex/ArchiveIntermediates/FitCoach/IntermediateBuildFilesPath/SwiftExplicitPrecompiledModules -clang-scanner-module-cache-path /Users/tianli/Library/Developer/Xcode/DerivedData/ModuleCache.noindex -sdk-module-cache-path /Users/tianli/Library/Developer/Xcode/DerivedData/SDKExplicitPrecompiledModules -emit-dependencies -emit-module -emit-module-path /Users/tianli/Library/Developer/Xcode/DerivedData/FitCoach-acaaowtqnaruxxgsuqzrckdbihlv/Build/Intermediates.noindex/ArchiveIntermediates/FitCoach/IntermediateBuildFilesPath/FitCoach.build/Release-watchos/FitCoachWatchWidget.build/Objects-normal/arm64/FitCoachWatchWidget.swiftmodule -serialize-diagnostics -dependency-scan-serialize-diagnostics-path /Users/tianli/Library/Developer/Xcode/DerivedData/FitCoach-acaaowtqnaruxxgsuqzrckdbihlv/Build/Intermediates.noindex/ArchiveIntermediates/FitCoach/IntermediateBuildFilesPath/FitCoach.build/Release-watchos/FitCoachWatchWidget.build/Objects-normal/arm64/FitCoachWatchWidget-dependency-scan.dia -validate-clang-modules-once -clang-build-session-file /Users/tianli/Library/Developer/Xcode/DerivedData/ModuleCache.noindex/Session.modulevalidation -Xcc -fmodules-prune-interval\=86400 -Xcc -fmodules-prune-after\=345600 -emit-const-values -const-gather-protocols-list /Users/tianli/Library/Developer/Xcode/DerivedData/FitCoach-acaaowtqnaruxxgsuqzrckdbihlv/Build/Intermediates.noindex/ArchiveIntermediates/FitCoach/IntermediateBuildFilesPath/FitCoach.build/Release-watchos/FitCoachWatchWidget.build/Objects-normal/arm64/FitCoachWatchWidget_const_extract_protocols.json -Xcc -iquote -Xcc /Users/tianli/Library/Developer/Xcode/DerivedData/FitCoach-acaaowtqnaruxxgsuqzrckdbihlv/Build/Intermediates.noindex/ArchiveIntermediates/FitCoach/IntermediateBuildFilesPath/FitCoach.build/Release-watchos/FitCoachWatchWidget.build/FitCoachWatchWidget-generated-files.hmap -Xcc -I/Users/tianli/Library/Developer/Xcode/DerivedData/FitCoach-acaaowtqnaruxxgsuqzrckdbihlv/Build/Intermediates.noindex/ArchiveIntermediates/FitCoach/IntermediateBuildFilesPath/FitCoach.build/Release-watchos/FitCoachWatchWidget.build/FitCoachWatchWidget-own-target-headers.hmap -Xcc -I/Users/tianli/Library/Developer/Xcode/DerivedData/FitCoach-acaaowtqnaruxxgsuqzrckdbihlv/Build/Intermediates.noindex/ArchiveIntermediates/FitCoach/IntermediateBuildFilesPath/FitCoach.build/Release-watchos/FitCoachWatchWidget.build/FitCoachWatchWidget-all-target-headers.hmap -Xcc -iquote -Xcc /Users/tianli/Library/Developer/Xcode/DerivedData/FitCoach-acaaowtqnaruxxgsuqzrckdbihlv/Build/Intermediates.noindex/ArchiveIntermediates/FitCoach/IntermediateBuildFilesPath/FitCoach.build/Release-watchos/FitCoachWatchWidget.build/FitCoachWatchWidget-project-headers.hmap -Xcc -I/Users/tianli/Library/Developer/Xcode/DerivedData/FitCoach-acaaowtqnaruxxgsuqzrckdbihlv/Build/Intermediates.noindex/ArchiveIntermediates/FitCoach/BuildProductsPath/Release-watchos/include -Xcc -I/Users/tianli/Library/Developer/Xcode/DerivedData/FitCoach-acaaowtqnaruxxgsuqzrckdbihlv/Build/Intermediates.noindex/ArchiveIntermediates/FitCoach/IntermediateBuildFilesPath/FitCoach.build/Release-watchos/FitCoachWatchWidget.build/DerivedSources-normal/arm64 -Xcc -I/Users/tianli/Library/Developer/Xcode/DerivedData/FitCoach-acaaowtqnaruxxgsuqzrckdbihlv/Build/Intermediates.noindex/ArchiveIntermediates/FitCoach/IntermediateBuildFilesPath/FitCoach.build/Release-watchos/FitCoachWatchWidget.build/DerivedSources/arm64 -Xcc -I/Users/tianli/Library/Developer/Xcode/DerivedData/FitCoach-acaaowtqnaruxxgsuqzrckdbihlv/Build/Intermediates.noindex/ArchiveIntermediates/FitCoach/IntermediateBuildFilesPath/FitCoach.build/Release-watchos/FitCoachWatchWidget.build/DerivedSources -emit-objc-header -emit-objc-header-path /Users/tianli/Library/Developer/Xcode/DerivedData/FitCoach-acaaowtqnaruxxgsuqzrckdbihlv/Build/Intermediates.noindex/ArchiveIntermediates/FitCoach/IntermediateBuildFilesPath/FitCoach.build/Release-watchos/FitCoachWatchWidget.build/Objects-normal/arm64/FitCoachWatchWidget-Swift.h -working-directory /Users/tianli/Apps/fitcoach/ios/01-源程序 -no-emit-module-separately-wmo

SwiftDriver FitCoachWatchWidget normal arm64_32 com.apple.xcode.tools.swift.compiler (in target 'FitCoachWatchWidget' from project 'FitCoach')
    cd /Users/tianli/Apps/fitcoach/ios/01-源程序
    builtin-SwiftDriver -- /Applications/Xcode.app/Contents/Developer/Toolchains/XcodeDefault.xctoolchain/usr/bin/swiftc -module-name FitCoachWatchWidget -O -whole-module-optimization @/Users/tianli/Library/Developer/Xcode/DerivedData/FitCoach-acaaowtqnaruxxgsuqzrckdbihlv/Build/Intermediates.noindex/ArchiveIntermediates/FitCoach/IntermediateBuildFilesPath/FitCoach.build/Release-watchos/FitCoachWatchWidget.build/Objects-normal/arm64_32/FitCoachWatchWidget.SwiftFileList -enable-bare-slash-regex -enable-experimental-feature DebugDescriptionMacro -sdk /Applications/Xcode.app/Contents/Developer/Platforms/WatchOS.platform/Developer/SDKs/WatchOS27.0.sdk -target arm64_32-apple-watchos11.0 -g -module-cache-path /Users/tianli/Library/Developer/Xcode/DerivedData/ModuleCache.noindex -Xfrontend -serialize-debugging-options -application-extension -swift-version 5 -I /Users/tianli/Library/Developer/Xcode/DerivedData/FitCoach-acaaowtqnaruxxgsuqzrckdbihlv/Build/Intermediates.noindex/ArchiveIntermediates/FitCoach/BuildProductsPath/Release-watchos -F /Users/tianli/Library/Developer/Xcode/DerivedData/FitCoach-acaaowtqnaruxxgsuqzrckdbihlv/Build/Intermediates.noindex/ArchiveIntermediates/FitCoach/BuildProductsPath/Release-watchos -c -num-threads 10 -output-file-map /Users/tianli/Library/Developer/Xcode/DerivedData/FitCoach-acaaowtqnaruxxgsuqzrckdbihlv/Build/Intermediates.noindex/ArchiveIntermediates/FitCoach/IntermediateBuildFilesPath/FitCoach.build/Release-watchos/FitCoachWatchWidget.build/Objects-normal/arm64_32/FitCoachWatchWidget-OutputFileMap.json -save-temps -no-color-diagnostics -explicit-module-build -module-cache-path /Users/tianli/Library/Developer/Xcode/DerivedData/FitCoach-acaaowtqnaruxxgsuqzrckdbihlv/Build/Intermediates.noindex/ArchiveIntermediates/FitCoach/IntermediateBuildFilesPath/SwiftExplicitPrecompiledModules -clang-scanner-module-cache-path /Users/tianli/Library/Developer/Xcode/DerivedData/ModuleCache.noindex -sdk-module-cache-path /Users/tianli/Library/Developer/Xcode/DerivedData/SDKExplicitPrecompiledModules -emit-dependencies -emit-module -emit-module-path /Users/tianli/Library/Developer/Xcode/DerivedData/FitCoach-acaaowtqnaruxxgsuqzrckdbihlv/Build/Intermediates.noindex/ArchiveIntermediates/FitCoach/IntermediateBuildFilesPath/FitCoach.build/Release-watchos/FitCoachWatchWidget.build/Objects-normal/arm64_32/FitCoachWatchWidget.swiftmodule -serialize-diagnostics -dependency-scan-serialize-diagnostics-path /Users/tianli/Library/Developer/Xcode/DerivedData/FitCoach-acaaowtqnaruxxgsuqzrckdbihlv/Build/Intermediates.noindex/ArchiveIntermediates/FitCoach/IntermediateBuildFilesPath/FitCoach.build/Release-watchos/FitCoachWatchWidget.build/Objects-normal/arm64_32/FitCoachWatchWidget-dependency-scan.dia -validate-clang-modules-once -clang-build-session-file /Users/tianli/Library/Developer/Xcode/DerivedData/ModuleCache.noindex/Session.modulevalidation -Xcc -fmodules-prune-interval\=86400 -Xcc -fmodules-prune-after\=345600 -emit-const-values -const-gather-protocols-list /Users/tianli/Library/Developer/Xcode/DerivedData/FitCoach-acaaowtqnaruxxgsuqzrckdbihlv/Build/Intermediates.noindex/ArchiveIntermediates/FitCoach/IntermediateBuildFilesPath/FitCoach.build/Release-watchos/FitCoachWatchWidget.build/Objects-normal/arm64_32/FitCoachWatchWidget_const_extract_protocols.json -Xcc -iquote -Xcc /Users/tianli/Library/Developer/Xcode/DerivedData/FitCoach-acaaowtqnaruxxgsuqzrckdbihlv/Build/Intermediates.noindex/ArchiveIntermediates/FitCoach/IntermediateBuildFilesPath/FitCoach.build/Release-watchos/FitCoachWatchWidget.build/FitCoachWatchWidget-generated-files.hmap -Xcc -I/Users/tianli/Library/Developer/Xcode/DerivedData/FitCoach-acaaowtqnaruxxgsuqzrckdbihlv/Build/Intermediates.noindex/ArchiveIntermediates/FitCoach/IntermediateBuildFilesPath/FitCoach.build/Release-watchos/FitCoachWatchWidget.build/FitCoachWatchWidget-own-target-headers.hmap -Xcc -I/Users/tianli/Library/Developer/Xcode/DerivedData/FitCoach-acaaowtqnaruxxgsuqzrckdbihlv/Build/Intermediates.noindex/ArchiveIntermediates/FitCoach/IntermediateBuildFilesPath/FitCoach.build/Release-watchos/FitCoachWatchWidget.build/FitCoachWatchWidget-all-target-headers.hmap -Xcc -iquote -Xcc /Users/tianli/Library/Developer/Xcode/DerivedData/FitCoach-acaaowtqnaruxxgsuqzrckdbihlv/Build/Intermediates.noindex/ArchiveIntermediates/FitCoach/IntermediateBuildFilesPath/FitCoach.build/Release-watchos/FitCoachWatchWidget.build/FitCoachWatchWidget-project-headers.hmap -Xcc -I/Users/tianli/Library/Developer/Xcode/DerivedData/FitCoach-acaaowtqnaruxxgsuqzrckdbihlv/Build/Intermediates.noindex/ArchiveIntermediates/FitCoach/BuildProductsPath/Release-watchos/include -Xcc -I/Users/tianli/Library/Developer/Xcode/DerivedData/FitCoach-acaaowtqnaruxxgsuqzrckdbihlv/Build/Intermediates.noindex/ArchiveIntermediates/FitCoach/IntermediateBuildFilesPath/FitCoach.build/Release-watchos/FitCoachWatchWidget.build/DerivedSources-normal/arm64_32 -Xcc -I/Users/tianli/Library/Developer/Xcode/DerivedData/FitCoach-acaaowtqnaruxxgsuqzrckdbihlv/Build/Intermediates.noindex/ArchiveIntermediates/FitCoach/IntermediateBuildFilesPath/FitCoach.build/Release-watchos/FitCoachWatchWidget.build/DerivedSources/arm64_32 -Xcc -I/Users/tianli/Library/Developer/Xcode/DerivedData/FitCoach-acaaowtqnaruxxgsuqzrckdbihlv/Build/Intermediates.noindex/ArchiveIntermediates/FitCoach/IntermediateBuildFilesPath/FitCoach.build/Release-watchos/FitCoachWatchWidget.build/DerivedSources -emit-objc-header -emit-objc-header-path /Users/tianli/Library/Developer/Xcode/DerivedData/FitCoach-acaaowtqnaruxxgsuqzrckdbihlv/Build/Intermediates.noindex/ArchiveIntermediates/FitCoach/IntermediateBuildFilesPath/FitCoach.build/Release-watchos/FitCoachWatchWidget.build/Objects-normal/arm64_32/FitCoachWatchWidget-Swift.h -working-directory /Users/tianli/Apps/fitcoach/ios/01-源程序 -no-emit-module-separately-wmo

SwiftDriver\ Compilation FitCoachWatchWidget normal arm64_32 com.apple.xcode.tools.swift.compiler (in target 'FitCoachWatchWidget' from project 'FitCoach')
    cd /Users/tianli/Apps/fitcoach/ios/01-源程序
    builtin-Swift-Compilation -- /Applications/Xcode.app/Contents/Developer/Toolchains/XcodeDefault.xctoolchain/usr/bin/swiftc -module-name FitCoachWatchWidget -O -whole-module-optimization @/Users/tianli/Library/Developer/Xcode/DerivedData/FitCoach-acaaowtqnaruxxgsuqzrckdbihlv/Build/Intermediates.noindex/ArchiveIntermediates/FitCoach/IntermediateBuildFilesPath/FitCoach.build/Release-watchos/FitCoachWatchWidget.build/Objects-normal/arm64_32/FitCoachWatchWidget.SwiftFileList -enable-bare-slash-regex -enable-experimental-feature DebugDescriptionMacro -sdk /Applications/Xcode.app/Contents/Developer/Platforms/WatchOS.platform/Developer/SDKs/WatchOS27.0.sdk -target arm64_32-apple-watchos11.0 -g -module-cache-path /Users/tianli/Library/Developer/Xcode/DerivedData/ModuleCache.noindex -Xfrontend -serialize-debugging-options -application-extension -swift-version 5 -I /Users/tianli/Library/Developer/Xcode/DerivedData/FitCoach-acaaowtqnaruxxgsuqzrckdbihlv/Build/Intermediates.noindex/ArchiveIntermediates/FitCoach/BuildProductsPath/Release-watchos -F /Users/tianli/Library/Developer/Xcode/DerivedData/FitCoach-acaaowtqnaruxxgsuqzrckdbihlv/Build/Intermediates.noindex/ArchiveIntermediates/FitCoach/BuildProductsPath/Release-watchos -c -num-threads 10 -output-file-map /Users/tianli/Library/Developer/Xcode/DerivedData/FitCoach-acaaowtqnaruxxgsuqzrckdbihlv/Build/Intermediates.noindex/ArchiveIntermediates/FitCoach/IntermediateBuildFilesPath/FitCoach.build/Release-watchos/FitCoachWatchWidget.build/Objects-normal/arm64_32/FitCoachWatchWidget-OutputFileMap.json -save-temps -no-color-diagnostics -explicit-module-build -module-cache-path /Users/tianli/Library/Developer/Xcode/DerivedData/FitCoach-acaaowtqnaruxxgsuqzrckdbihlv/Build/Intermediates.noindex/ArchiveIntermediates/FitCoach/IntermediateBuildFilesPath/SwiftExplicitPrecompiledModules -clang-scanner-module-cache-path /Users/tianli/Library/Developer/Xcode/DerivedData/ModuleCache.noindex -sdk-module-cache-path /Users/tianli/Library/Developer/Xcode/DerivedData/SDKExplicitPrecompiledModules -emit-dependencies -emit-module -emit-module-path /Users/tianli/Library/Developer/Xcode/DerivedData/FitCoach-acaaowtqnaruxxgsuqzrckdbihlv/Build/Intermediates.noindex/ArchiveIntermediates/FitCoach/IntermediateBuildFilesPath/FitCoach.build/Release-watchos/FitCoachWatchWidget.build/Objects-normal/arm64_32/FitCoachWatchWidget.swiftmodule -serialize-diagnostics -dependency-scan-serialize-diagnostics-path /Users/tianli/Library/Developer/Xcode/DerivedData/FitCoach-acaaowtqnaruxxgsuqzrckdbihlv/Build/Intermediates.noindex/ArchiveIntermediates/FitCoach/IntermediateBuildFilesPath/FitCoach.build/Release-watchos/FitCoachWatchWidget.build/Objects-normal/arm64_32/FitCoachWatchWidget-dependency-scan.dia -validate-clang-modules-once -clang-build-session-file /Users/tianli/Library/Developer/Xcode/DerivedData/ModuleCache.noindex/Session.modulevalidation -Xcc -fmodules-prune-interval\=86400 -Xcc -fmodules-prune-after\=345600 -emit-const-values -const-gather-protocols-list /Users/tianli/Library/Developer/Xcode/DerivedData/FitCoach-acaaowtqnaruxxgsuqzrckdbihlv/Build/Intermediates.noindex/ArchiveIntermediates/FitCoach/IntermediateBuildFilesPath/FitCoach.build/Release-watchos/FitCoachWatchWidget.build/Objects-normal/arm64_32/FitCoachWatchWidget_const_extract_protocols.json -Xcc -iquote -Xcc /Users/tianli/Library/Developer/Xcode/DerivedData/FitCoach-acaaowtqnaruxxgsuqzrckdbihlv/Build/Intermediates.noindex/ArchiveIntermediates/FitCoach/IntermediateBuildFilesPath/FitCoach.build/Release-watchos/FitCoachWatchWidget.build/FitCoachWatchWidget-generated-files.hmap -Xcc -I/Users/tianli/Library/Developer/Xcode/DerivedData/FitCoach-acaaowtqnaruxxgsuqzrckdbihlv/Build/Intermediates.noindex/ArchiveIntermediates/FitCoach/IntermediateBuildFilesPath/FitCoach.build/Release-watchos/FitCoachWatchWidget.build/FitCoachWatchWidget-own-target-headers.hmap -Xcc -I/Users/tianli/Library/Developer/Xcode/DerivedData/FitCoach-acaaowtqnaruxxgsuqzrckdbihlv/Build/Intermediates.noindex/ArchiveIntermediates/FitCoach/IntermediateBuildFilesPath/FitCoach.build/Release-watchos/FitCoachWatchWidget.build/FitCoachWatchWidget-all-target-headers.hmap -Xcc -iquote -Xcc /Users/tianli/Library/Developer/Xcode/DerivedData/FitCoach-acaaowtqnaruxxgsuqzrckdbihlv/Build/Intermediates.noindex/ArchiveIntermediates/FitCoach/IntermediateBuildFilesPath/FitCoach.build/Release-watchos/FitCoachWatchWidget.build/FitCoachWatchWidget-project-headers.hmap -Xcc -I/Users/tianli/Library/Developer/Xcode/DerivedData/FitCoach-acaaowtqnaruxxgsuqzrckdbihlv/Build/Intermediates.noindex/ArchiveIntermediates/FitCoach/BuildProductsPath/Release-watchos/include -Xcc -I/Users/tianli/Library/Developer/Xcode/DerivedData/FitCoach-acaaowtqnaruxxgsuqzrckdbihlv/Build/Intermediates.noindex/ArchiveIntermediates/FitCoach/IntermediateBuildFilesPath/FitCoach.build/Release-watchos/FitCoachWatchWidget.build/DerivedSources-normal/arm64_32 -Xcc -I/Users/tianli/Library/Developer/Xcode/DerivedData/FitCoach-acaaowtqnaruxxgsuqzrckdbihlv/Build/Intermediates.noindex/ArchiveIntermediates/FitCoach/IntermediateBuildFilesPath/FitCoach.build/Release-watchos/FitCoachWatchWidget.build/DerivedSources/arm64_32 -Xcc -I/Users/tianli/Library/Developer/Xcode/DerivedData/FitCoach-acaaowtqnaruxxgsuqzrckdbihlv/Build/Intermediates.noindex/ArchiveIntermediates/FitCoach/IntermediateBuildFilesPath/FitCoach.build/Release-watchos/FitCoachWatchWidget.build/DerivedSources -emit-objc-header -emit-objc-header-path /Users/tianli/Library/Developer/Xcode/DerivedData/FitCoach-acaaowtqnaruxxgsuqzrckdbihlv/Build/Intermediates.noindex/ArchiveIntermediates/FitCoach/IntermediateBuildFilesPath/FitCoach.build/Release-watchos/FitCoachWatchWidget.build/Objects-normal/arm64_32/FitCoachWatchWidget-Swift.h -working-directory /Users/tianli/Apps/fitcoach/ios/01-源程序 -no-emit-module-separately-wmo

SwiftCompile normal arm64_32 Compiling\ ComplicationViews.swift,\ FitCoachWatchWidget.swift,\ SnapshotStore.swift,\ TimeKit.swift,\ WatchSnapshot.swift /Users/tianli/Apps/fitcoach/ios/01-源程序/Watch/ComplicationViews.swift /Users/tianli/Apps/fitcoach/ios/01-源程序/WatchWidget/FitCoachWatchWidget.swift /Users/tianli/Apps/fitcoach/ios/01-源程序/Watch/SnapshotStore.swift /Users/tianli/Apps/fitcoach/ios/01-源程序/Sources/TimeKit.swift /Users/tianli/Apps/fitcoach/ios/01-源程序/Sources/WatchSnapshot.swift /Applications/Xcode.app/Contents/Developer/Toolchains/XcodeDefault.xctoolchain/usr/lib/swift/watchos/prebuilt-modules/27.0/Accessibility.swiftmodule/arm64_32-apple-watchos.swiftmodule /Applications/Xcode.app/Contents/Developer/Toolchains/XcodeDefault.xctoolchain/usr/lib/swift/watchos/prebuilt-modules/27.0/OSLog.swiftmodule/arm64_32-apple-watchos.swiftmodule /Applications/Xcode.app/Contents/Developer/Toolchains/XcodeDefault.xctoolchain/usr/lib/swift/watchos/prebuilt-modules/27.0/_DarwinFoundation2.swiftmodule/arm64_32-apple-watchos.swiftmodule /Applications/Xcode.app/Contents/Developer/Toolchains/XcodeDefault.xctoolchain/usr/lib/swift/watchos/prebuilt-modules/27.0/HomeKit.swiftmodule/arm64_32-apple-watchos.swiftmodule /Applications/Xcode.app/Contents/Developer/Toolchains/XcodeDefault.xctoolchain/usr/lib/swift/watchos/prebuilt-modules/27.0/SceneKit.swiftmodule/arm64_32-apple-watchos.swiftmodule /Applications/Xcode.app/Contents/Developer/Toolchains/XcodeDefault.xctoolchain/usr/lib/swift/watchos/prebuilt-modules/27.0/_Builtin_float.swiftmodule/arm64_32-apple-watchos.swiftmodule /Applications/Xcode.app/Contents/Developer/Toolchains/XcodeDefault.xctoolchain/usr/lib/swift/watchos/prebuilt-modules/27.0/_AppIntents_SwiftUI.swiftmodule/arm64_32-apple-watchos.swiftmodule /Applications/Xcode.app/Contents/Developer/Toolchains/XcodeDefault.xctoolchain/usr/lib/swift/watchos/prebuilt-modules/27.0/AppIntents.swiftmodule/arm64_32-apple-watchos.swiftmodule /Applications/Xcode.app/Contents/Developer/Toolchains/XcodeDefault.xctoolchain/usr/lib/swift/watchos/prebuilt-modules/27.0/CoreGraphics.swiftmodule/arm64_32-apple-watchos.swiftmodule /Applications/Xcode.app/Contents/Developer/Toolchains/XcodeDefault.xctoolchain/usr/lib/swift/watchos/prebuilt-modules/27.0/CoreTransferable.swiftmodule/arm64_32-apple-watchos.swiftmodule /Applications/Xcode.app/Contents/Developer/Toolchains/XcodeDefault.xctoolchain/usr/lib/swift/watchos/prebuilt-modules/27.0/Combine.swiftmodule/arm64_32-apple-watchos.swiftmodule /Applications/Xcode.app/Contents/Developer/Toolchains/XcodeDefault.xctoolchain/usr/lib/swift/watchos/prebuilt-modules/27.0/simd.swiftmodule/arm64_32-apple-watchos.swiftmodule /Applications/Xcode.app/Contents/Developer/Toolchains/XcodeDefault.xctoolchain/usr/lib/swift/watchos/prebuilt-modules/27.0/CoreFoundation.swiftmodule/arm64_32-apple-watchos.swiftmodule /Applications/Xcode.app/Contents/Developer/Toolchains/XcodeDefault.xctoolchain/usr/lib/swift/watchos/prebuilt-modules/27.0/GeoToolbox.swiftmodule/arm64_32-apple-watchos.swiftmodule /Applications/Xcode.app/Contents/Developer/Toolchains/XcodeDefault.xctoolchain/usr/lib/swift/watchos/prebuilt-modules/27.0/XPC.swiftmodule/arm64_32-apple-watchos.swiftmodule /Applications/Xcode.app/Contents/Developer/Toolchains/XcodeDefault.xctoolchain/usr/lib/swift/watchos/prebuilt-modules/27.0/Swift.swiftmodule/arm64_32-apple-watchos.swiftmodule /Applications/Xcode.app/Contents/Developer/Toolchains/XcodeDefault.xctoolchain/usr/lib/swift/watchos/prebuilt-modules/27.0/Dispatch.swiftmodule/arm64_32-apple-watchos.swiftmodule /Applications/Xcode.app/Contents/Developer/Toolchains/XcodeDefault.xctoolchain/usr/lib/swift/watchos/prebuilt-modules/27.0/_StringProcessing.swiftmodule/arm64_32-apple-watchos.swiftmodule /Applications/Xcode.app/Contents/Developer/Toolchains/XcodeDefault.xctoolchain/usr/lib/swift/watchos/prebuilt-modules/27.0/Darwin.swiftmodule/arm64_32-apple-watchos.swiftmodule /Applications/Xcode.app/Contents/Developer/Toolchains/XcodeDefault.xctoolchain/usr/lib/swift/watchos/prebuilt-modules/27.0/_DarwinFoundation1.swiftmodule/arm64_32-apple-watchos.swiftmodule /Applications/Xcode.app/Contents/Developer/Toolchains/XcodeDefault.xctoolchain/usr/lib/swift/watchos/prebuilt-modules/27.0/MapKit.swiftmodule/arm64_32-apple-watchos.swiftmodule /Applications/Xcode.app/Contents/Developer/Toolchains/XcodeDefault.xctoolchain/usr/lib/swift/watchos/prebuilt-modules/27.0/CoreMotion.swiftmodule/arm64_32-apple-watchos.swiftmodule /Applications/Xcode.app/Contents/Developer/Toolchains/XcodeDefault.xctoolchain/usr/lib/swift/watchos/prebuilt-modules/27.0/CoreMedia.swiftmodule/arm64_32-apple-watchos.swiftmodule /Applications/Xcode.app/Contents/Developer/Toolchains/XcodeDefault.xctoolchain/usr/lib/swift/watchos/prebuilt-modules/27.0/RelevanceKit.swiftmodule/arm64_32-apple-watchos.swiftmodule /Applications/Xcode.app/Contents/Developer/Toolchains/XcodeDefault.xctoolchain/usr/lib/swift/watchos/prebuilt-modules/27.0/_Concurrency.swiftmodule/arm64_32-apple-watchos.swiftmodule /Applications/Xcode.app/Contents/Developer/Toolchains/XcodeDefault.xctoolchain/usr/lib/swift/watchos/prebuilt-modules/27.0/System.swiftmodule/arm64_32-apple-watchos.swiftmodule /Applications/Xcode.app/Contents/Developer/Toolchains/XcodeDefault.xctoolchain/usr/lib/swift/watchos/prebuilt-modules/27.0/CoreData.swiftmodule/arm64_32-apple-watchos.swiftmodule /Applications/Xcode.app/Contents/Developer/Toolchains/XcodeDefault.xctoolchain/usr/lib/swift/watchos/prebuilt-modules/27.0/LightweightCodeRequirements.swiftmodule/arm64_32-apple-watchos.swiftmodule /Applications/Xcode.app/Contents/Developer/Toolchains/XcodeDefault.xctoolchain/usr/lib/swift/watchos/prebuilt-modules/27.0/DataDetection.swiftmodule/arm64_32-apple-watchos.swiftmodule /Applications/Xcode.app/Contents/Developer/Toolchains/XcodeDefault.xctoolchain/usr/lib/swift/watchos/prebuilt-modules/27.0/_DarwinFoundation3.swiftmodule/arm64_32-apple-watchos.swiftmodule /Applications/Xcode.app/Contents/Developer/Toolchains/XcodeDefault.xctoolchain/usr/lib/swift/watchos/prebuilt-modules/27.0/AppIntentsTypeSupport.swiftmodule/arm64_32-apple-watchos.swiftmodule /Applications/Xcode.app/Contents/Developer/Toolchains/XcodeDefault.xctoolchain/usr/lib/swift/watchos/prebuilt-modules/27.0/UniformTypeIdentifiers.swiftmodule/arm64_32-apple-watchos.swiftmodule /Applications/Xcode.app/Contents/Developer/Toolchains/XcodeDefault.xctoolchain/usr/lib/swift/watchos/prebuilt-modules/27.0/QuartzCore.swiftmodule/arm64_32-apple-watchos.swiftmodule /Applications/Xcode.app/Contents/Developer/Toolchains/XcodeDefault.xctoolchain/usr/lib/swift/watchos/prebuilt-modules/27.0/Foundation.swiftmodule/arm64_32-apple-watchos.swiftmodule /Applications/Xcode.app/Contents/Developer/Toolchains/XcodeDefault.xctoolchain/usr/lib/swift/watchos/prebuilt-modules/27.0/Symbols.swiftmodule/arm64_32-apple-watchos.swiftmodule /Applications/Xcode.app/Contents/Developer/Toolchains/XcodeDefault.xctoolchain/usr/lib/swift/watchos/prebuilt-modules/27.0/Intents.swiftmodule/arm64_32-apple-watchos.swiftmodule /Applications/Xcode.app/Contents/Developer/Toolchains/XcodeDefault.xctoolchain/usr/lib/swift/watchos/prebuilt-modules/27.0/CoreAudio.swiftmodule/arm64_32-apple-watchos.swiftmodule /Applications/Xcode.app/Contents/Developer/Toolchains/XcodeDefault.xctoolchain/usr/lib/swift/watchos/prebuilt-modules/27.0/Spatial.swiftmodule/arm64_32-apple-watchos.swiftmodule /Applications/Xcode.app/Contents/Developer/Toolchains/XcodeDefault.xctoolchain/usr/lib/swift/watchos/prebuilt-modules/27.0/WatchKit.swiftmodule/arm64_32-apple-watchos.swiftmodule /Applications/Xcode.app/Contents/Developer/Toolchains/XcodeDefault.xctoolchain/usr/lib/swift/watchos/prebuilt-modules/27.0/WidgetKit.swiftmodule/arm64_32-apple-watchos.swiftmodule /Applications/Xcode.app/Contents/Developer/Toolchains/XcodeDefault.xctoolchain/usr/lib/swift/watchos/prebuilt-modules/27.0/CoreVideo.swiftmodule/arm64_32-apple-watchos.swiftmodule /Applications/Xcode.app/Contents/Developer/Toolchains/XcodeDefault.xctoolchain/usr/lib/swift/watchos/prebuilt-modules/27.0/SwiftUICore.swiftmodule/arm64_32-apple-watchos.swiftmodule /Applications/Xcode.app/Contents/Developer/Toolchains/XcodeDefault.xctoolchain/usr/lib/swift/watchos/prebuilt-modules/27.0/Observation.swiftmodule/arm64_32-apple-watchos.swiftmodule /Applications/Xcode.app/Contents/Developer/Toolchains/XcodeDefault.xctoolchain/usr/lib/swift/watchos/prebuilt-modules/27.0/ObjectiveC.swiftmodule/arm64_32-apple-watchos.swiftmodule /Applications/Xcode.app/Contents/Developer/Toolchains/XcodeDefault.xctoolchain/usr/lib/swift/watchos/prebuilt-modules/27.0/SwiftUI.swiftmodule/arm64_32-apple-watchos.swiftmodule /Applications/Xcode.app/Contents/Developer/Toolchains/XcodeDefault.xctoolchain/usr/lib/swift/watchos/prebuilt-modules/27.0/CoreLocation.swiftmodule/arm64_32-apple-watchos.swiftmodule /Applications/Xcode.app/Contents/Developer/Toolchains/XcodeDefault.xctoolchain/usr/lib/swift/watchos/prebuilt-modules/27.0/ExtensionFoundation.swiftmodule/arm64_32-apple-watchos.swiftmodule /Applications/Xcode.app/Contents/Developer/Toolchains/XcodeDefault.xctoolchain/usr/lib/swift/watchos/prebuilt-modules/27.0/DeveloperToolsSupport.swiftmodule/arm64_32-apple-watchos.swiftmodule /Applications/Xcode.app/Contents/Developer/Toolchains/XcodeDefault.xctoolchain/usr/lib/swift/watchos/prebuilt-modules/27.0/UIKit.swiftmodule/arm64_32-apple-watchos.swiftmodule /Applications/Xcode.app/Contents/Developer/Toolchains/XcodeDefault.xctoolchain/usr/lib/swift/watchos/prebuilt-modules/27.0/Distributed.swiftmodule/arm64_32-apple-watchos.swiftmodule /Applications/Xcode.app/Contents/Developer/Toolchains/XcodeDefault.xctoolchain/usr/lib/swift/watchos/prebuilt-modules/27.0/os.swiftmodule/arm64_32-apple-watchos.swiftmodule /Applications/Xcode.app/Contents/Developer/Toolchains/XcodeDefault.xctoolchain/usr/lib/swift/watchos/prebuilt-modules/27.0/CoreText.swiftmodule/arm64_32-apple-watchos.swiftmodule /Applications/Xcode.app/Contents/Developer/Toolchains/XcodeDefault.xctoolchain/usr/lib/swift/watchos/prebuilt-modules/27.0/Network.swiftmodule/arm64_32-apple-watchos.swiftmodule /Users/tianli/Library/Developer/Xcode/DerivedData/SDKExplicitPrecompiledModules/UIUtilities-EP23JBF7CNNF3CAXB29LUHWHF.pcm /Users/tianli/Library/Developer/Xcode/DerivedData/SDKExplicitPrecompiledModules/CoreVideo-29UBZ1KAKVSRZ7HUNLLU691US.pcm /Users/tianli/Library/Developer/Xcode/DerivedData/SDKExplicitPrecompiledModules/UniformTypeIdentifiers-71I6INX01ZPI42FFT4VMD8N6G.pcm /Users/tianli/Library/Developer/Xcode/DerivedData/SDKExplicitPrecompiledModules/_DarwinFoundation1-8BFN71C9QDQC4VLU0QH5IOQ5B.pcm /Users/tianli/Library/Developer/Xcode/DerivedData/SDKExplicitPrecompiledModules/SceneKit-5PGF18M7B1QQWFL0KVAHRZO5G.pcm /Users/tianli/Library/Developer/Xcode/DerivedData/SDKExplicitPrecompiledModules/_Builtin_stdint-8XQ567CT3T1DM29S6SNWKX01A.pcm /Users/tianli/Library/Developer/Xcode/DerivedData/SDKExplicitPrecompiledModules/MachO-DP19YOVCQ62OXNDZNDAMFDKU4.pcm /Users/tianli/Library/Developer/Xcode/DerivedData/SDKExplicitPrecompiledModules/CoreTransferable-60UEM0HJRXJK3NL7M9DEMMO7P.pcm /Users/tianli/Library/Developer/Xcode/DerivedData/SDKExplicitPrecompiledModules/Intents-EKOEUO9JZZKVHFBE6ER830GK5.pcm /Users/tianli/Library/Developer/Xcode/DerivedData/SDKExplicitPrecompiledModules/CoreFoundation-2H29YEIPNQGBK39Z3XRUFWLRJ.pcm /Users/tianli/Library/Developer/Xcode/DerivedData/SDKExplicitPrecompiledModules/SwiftUI-23ZNVHNBWTW3V6U6NQ0MD61PT.pcm /Users/tianli/Library/Developer/Xcode/DerivedData/SDKExplicitPrecompiledModules/string_h-1TKDKLYNPWX7XHQ6R09KQPXTE.pcm /Users/tianli/Library/Developer/Xcode/DerivedData/SDKExplicitPrecompiledModules/os_workgroup-1LWT0ESBU40C7EH5F779UK83H.pcm /Users/tianli/Library/Developer/Xcode/DerivedData/SDKExplicitPrecompiledModules/AppIntentsTypeSupport-8EUD05CJRDAD5PDPOFQUJLASA.pcm /Users/tianli/Library/Developer/Xcode/DerivedData/SDKExplicitPrecompiledModules/WidgetKit-6B2AJZB8X6IX9BGDL9CT7QGQ1.pcm /Users/tianli/Library/Developer/Xcode/DerivedData/SDKExplicitPrecompiledModules/CoreGraphics-1WHR9V4V5KSCOMSRMNX6R8PAF.pcm /Users/tianli/Library/Developer/Xcode/DerivedData/SDKExplicitPrecompiledModules/_Builtin_limits-B5JDRB767N6D43C142UZU9EK6.pcm /Users/tianli/Library/Developer/Xcode/DerivedData/SDKExplicitPrecompiledModules/_Builtin_float-HPG5HO7MZ6X39H7ALJKXB8P9.pcm /Users/tianli/Library/Developer/Xcode/DerivedData/SDKExplicitPrecompiledModules/DataDetection-8OMUOD8Q9O2R97BQE87KQ5LMS.pcm /Users/tianli/Library/Developer/Xcode/DerivedData/SDKExplicitPrecompiledModules/DeveloperToolsSupport-11IOY9PMKMTIMO5PZPN1QMCGJ.pcm /Users/tianli/Library/Developer/Xcode/DerivedData/SDKExplicitPrecompiledModules/_Builtin_stdatomic-8DV5J38ZWVB2RHUBQ7EZ88P4W.pcm /Users/tianli/Library/Developer/Xcode/DerivedData/SDKExplicitPrecompiledModules/_LocationEssentials-224JVII2AVF7VQFN5NZ0GIWSH.pcm /Users/tianli/Library/Developer/Xcode/DerivedData/SDKExplicitPrecompiledModules/sys_types-2123KWAVAAFIB94MIJDSYQNOZ.pcm /Users/tianli/Library/Developer/Xcode/DerivedData/SDKExplicitPrecompiledModules/ObjectiveC-BWJMRKNAHKSRKJJG3XJOW7GN6.pcm /Users/tianli/Library/Developer/Xcode/DerivedData/SDKExplicitPrecompiledModules/OSLog-EW6N0ALZKRLPMMFLLEZG7UYSL.pcm /Users/tianli/Library/Developer/Xcode/DerivedData/SDKExplicitPrecompiledModules/_AvailabilityInternal-38NCWWSZJXYWILZ6IW9GDVRDS.pcm /Users/tianli/Library/Developer/Xcode/DerivedData/SDKExplicitPrecompiledModules/_Builtin_stdbool-38DXTZT54YG9X6EDDFDOCEYEJ.pcm /Users/tianli/Library/Developer/Xcode/DerivedData/SDKExplicitPrecompiledModules/CoreMedia-60SEF640XV843M4MAK9AXDUWS.pcm /Users/tianli/Library/Developer/Xcode/DerivedData/SDKExplicitPrecompiledModules/Darwin-5ICO77O5D9N6RC34FA6B9SXPB.pcm /Users/tianli/Library/Developer/Xcode/DerivedData/SDKExplicitPrecompiledModules/AppIntents-8L0VF1UODWV4H087DNKCDCWNH.pcm /Users/tianli/Library/Developer/Xcode/DerivedData/SDKExplicitPrecompiledModules/CoreAudio-3RJTYCHGZ118TQXC2Y6TL5F1F.pcm /Users/tianli/Library/Developer/Xcode/DerivedData/SDKExplicitPrecompiledModules/_Builtin_inttypes-2RJEK7FFF85SOZXB13UKZXEZR.pcm /Users/tianli/Library/Developer/Xcode/DerivedData/SDKExplicitPrecompiledModules/CoreMotion-3V23RS5VZYFQM36DZ8J4X91XG.pcm /Users/tianli/Library/Developer/Xcode/DerivedData/SDKExplicitPrecompiledModules/dnssd-2YMHUBQHO3OCOFCUDWM5X99V7.pcm /Users/tianli/Library/Developer/Xcode/DerivedData/SDKExplicitPrecompiledModules/_DarwinFoundation2-BKKH0GSM8ZKIBQZJEEWMA0Y83.pcm /Users/tianli/Library/Developer/Xcode/DerivedData/SDKExplicitPrecompiledModules/RelevanceKit-3LAE5O91JN8L9K6ONPDVCJGVH.pcm /Users/tianli/Library/Developer/Xcode/DerivedData/SDKExplicitPrecompiledModules/Dispatch-7E6GP4UADAW1IKTL08DCUMHUK.pcm /Users/tianli/Library/Developer/Xcode/DerivedData/SDKExplicitPrecompiledModules/os-8QBYI9OOYXL5FTHJYZF4KZXHO.pcm /Users/tianli/Library/Developer/Xcode/DerivedData/SDKExplicitPrecompiledModules/_Builtin_intrinsics-EZ8OVRQQB1OEQG019MIKT0LHD.pcm /Users/tianli/Library/Developer/Xcode/DerivedData/SDKExplicitPrecompiledModules/_DarwinFoundation3-DEH2EAWB6YSMLVT7W71A70YCH.pcm /Users/tianli/Library/Developer/Xcode/DerivedData/SDKExplicitPrecompiledModules/ptrcheck-NF3MGKZQDHSYDOOTUR41E7XE.pcm /Users/tianli/Library/Developer/Xcode/DerivedData/SDKExplicitPrecompiledModules/os_object-C36HMEMOK5EP6BJWIX2HDQNWL.pcm /Users/tianli/Library/Developer/Xcode/DerivedData/SDKExplicitPrecompiledModules/Network-76C7Y3W4SKRRLTVYUEMUDWFEF.pcm /Users/tianli/Library/Developer/Xcode/DerivedData/SDKExplicitPrecompiledModules/CoreText-6LOZSN0XWOLM5SXE5A53GWQF9.pcm /Users/tianli/Library/Developer/Xcode/DerivedData/SDKExplicitPrecompiledModules/SwiftUICore-5SGX4UKA3LMGTRLDM2H7GRC74.pcm /Users/tianli/Library/Developer/Xcode/DerivedData/SDKExplicitPrecompiledModules/WatchKit-78TJ04SEWCJYBSJJT1WWKNZA5.pcm /Users/tianli/Library/Developer/Xcode/DerivedData/SDKExplicitPrecompiledModules/_Builtin_tgmath-B8G12U684OX4KP80ED7Z58Y8A.pcm /Users/tianli/Library/Developer/Xcode/DerivedData/SDKExplicitPrecompiledModules/ExtensionFoundation-191BGF26LHBKVEF074E6PGV9Z.pcm /Users/tianli/Library/Developer/Xcode/DerivedData/SDKExplicitPrecompiledModules/MapKit-9E9PKH69PI5ZJ99KBYA52SXNQ.pcm /Users/tianli/Library/Developer/Xcode/DerivedData/SDKExplicitPrecompiledModules/CoreAudioTypes-9RB0R0UH6NW8MAW4QY5M3M8WW.pcm /Users/tianli/Library/Developer/Xcode/DerivedData/SDKExplicitPrecompiledModules/_SwiftConcurrencyShims-S3RWWE8P57RNIFEY5OEMNKFV.pcm /Users/tianli/Library/Developer/Xcode/DerivedData/SDKExplicitPrecompiledModules/QuartzCore-DSFORTHCE8KX8T8HWPCU0V1C0.pcm /Users/tianli/Library/Developer/Xcode/DerivedData/SDKExplicitPrecompiledModules/Spatial-4TWLX6GCS97YEE502E1UOGZII.pcm /Users/tianli/Library/Developer/Xcode/DerivedData/SDKExplicitPrecompiledModules/CoreLocation-18AQDW4EFEDDRYCGRPOAURB9D.pcm /Users/tianli/Library/Developer/Xcode/DerivedData/SDKExplicitPrecompiledModules/Symbols-BFZ6QS0ICCHRH6HUT46RNH2S6.pcm /Users/tianli/Library/Developer/Xcode/DerivedData/SDKExplicitPrecompiledModules/UserNotifications-HVDBYK4BC2UNFAVPL6LYLQ0H.pcm /Users/tianli/Library/Developer/Xcode/DerivedData/SDKExplicitPrecompiledModules/_Builtin_stddef-62X3DZJM2L15JSRGCGQG169CX.pcm /Users/tianli/Library/Developer/Xcode/DerivedData/SDKExplicitPrecompiledModules/HomeKit-X47XRKGISGCF7626H1ARP1NB.pcm /Users/tianli/Library/Developer/Xcode/DerivedData/SDKExplicitPrecompiledModules/ptrauth-AHKAL2O37QXECK2Y3J4IP45K7.pcm /Users/tianli/Library/Developer/Xcode/DerivedData/SDKExplicitPrecompiledModules/Security-BEFKNVH7W7QCLIXWLRZ66QMCH.pcm /Users/tianli/Library/Developer/Xcode/DerivedData/SDKExplicitPrecompiledModules/CoreData-7Z0TFUXKTC7EKUI7EY3XV0QBC.pcm /Users/tianli/Library/Developer/Xcode/DerivedData/SDKExplicitPrecompiledModules/Foundation-61IFDFBATBJ1YIYH6VGR5Y5YI.pcm /Users/tianli/Library/Developer/Xcode/DerivedData/SDKExplicitPrecompiledModules/XPC-1E336WY8IOSX7WPHIKFITX8O.pcm /Users/tianli/Library/Developer/Xcode/DerivedData/SDKExplicitPrecompiledModules/Accessibility-6YQ4W8ENECG20XHZG8YK5F15Q.pcm /Users/tianli/Library/Developer/Xcode/DerivedData/SDKExplicitPrecompiledModules/simd-5Y41H1THZ7P212UD8MQ4JWEFD.pcm /Users/tianli/Library/Developer/Xcode/DerivedData/SDKExplicitPrecompiledModules/UIKit-DO6R8VW3W06I2UQDDNZCKQF2G.pcm /Users/tianli/Library/Developer/Xcode/DerivedData/SDKExplicitPrecompiledModules/_Builtin_stdarg-9ZUFI2YXUGM4T7AUHG5CO5JAZ.pcm /Users/tianli/Library/Developer/Xcode/DerivedData/SDKExplicitPrecompiledModules/SwiftShims-36YY9H51OGRJQ8XKM0M20N5HC.pcm /Users/tianli/Library/Developer/Xcode/DerivedData/FitCoach-acaaowtqnaruxxgsuqzrckdbihlv/Build/Intermediates.noindex/ArchiveIntermediates/FitCoach/IntermediateBuildFilesPath/FitCoach.build/Release-watchos/FitCoachWatchWidget.build/Objects-normal/arm64_32/FitCoachWatchWidget-dependencies-1.json (in target 'FitCoachWatchWidget' from project 'FitCoach')

SwiftCompile normal arm64_32 (in target 'FitCoachWatchWidget' from project 'FitCoach')
    cd /Users/tianli/Apps/fitcoach/ios/01-源程序
    

SwiftDriver\ Compilation FitCoachWatchWidget normal arm64 com.apple.xcode.tools.swift.compiler (in target 'FitCoachWatchWidget' from project 'FitCoach')
    cd /Users/tianli/Apps/fitcoach/ios/01-源程序
    builtin-Swift-Compilation -- /Applications/Xcode.app/Contents/Developer/Toolchains/XcodeDefault.xctoolchain/usr/bin/swiftc -module-name FitCoachWatchWidget -O -whole-module-optimization @/Users/tianli/Library/Developer/Xcode/DerivedData/FitCoach-acaaowtqnaruxxgsuqzrckdbihlv/Build/Intermediates.noindex/ArchiveIntermediates/FitCoach/IntermediateBuildFilesPath/FitCoach.build/Release-watchos/FitCoachWatchWidget.build/Objects-normal/arm64/FitCoachWatchWidget.SwiftFileList -enable-bare-slash-regex -enable-experimental-feature DebugDescriptionMacro -sdk /Applications/Xcode.app/Contents/Developer/Platforms/WatchOS.platform/Developer/SDKs/WatchOS27.0.sdk -target arm64-apple-watchos11.0 -g -module-cache-path /Users/tianli/Library/Developer/Xcode/DerivedData/ModuleCache.noindex -Xfrontend -serialize-debugging-options -application-extension -swift-version 5 -I /Users/tianli/Library/Developer/Xcode/DerivedData/FitCoach-acaaowtqnaruxxgsuqzrckdbihlv/Build/Intermediates.noindex/ArchiveIntermediates/FitCoach/BuildProductsPath/Release-watchos -F /Users/tianli/Library/Developer/Xcode/DerivedData/FitCoach-acaaowtqnaruxxgsuqzrckdbihlv/Build/Intermediates.noindex/ArchiveIntermediates/FitCoach/BuildProductsPath/Release-watchos -c -num-threads 10 -output-file-map /Users/tianli/Library/Developer/Xcode/DerivedData/FitCoach-acaaowtqnaruxxgsuqzrckdbihlv/Build/Intermediates.noindex/ArchiveIntermediates/FitCoach/IntermediateBuildFilesPath/FitCoach.build/Release-watchos/FitCoachWatchWidget.build/Objects-normal/arm64/FitCoachWatchWidget-OutputFileMap.json -save-temps -no-color-diagnostics -explicit-module-build -module-cache-path /Users/tianli/Library/Developer/Xcode/DerivedData/FitCoach-acaaowtqnaruxxgsuqzrckdbihlv/Build/Intermediates.noindex/ArchiveIntermediates/FitCoach/IntermediateBuildFilesPath/SwiftExplicitPrecompiledModules -clang-scanner-module-cache-path /Users/tianli/Library/Developer/Xcode/DerivedData/ModuleCache.noindex -sdk-module-cache-path /Users/tianli/Library/Developer/Xcode/DerivedData/SDKExplicitPrecompiledModules -emit-dependencies -emit-module -emit-module-path /Users/tianli/Library/Developer/Xcode/DerivedData/FitCoach-acaaowtqnaruxxgsuqzrckdbihlv/Build/Intermediates.noindex/ArchiveIntermediates/FitCoach/IntermediateBuildFilesPath/FitCoach.build/Release-watchos/FitCoachWatchWidget.build/Objects-normal/arm64/FitCoachWatchWidget.swiftmodule -serialize-diagnostics -dependency-scan-serialize-diagnostics-path /Users/tianli/Library/Developer/Xcode/DerivedData/FitCoach-acaaowtqnaruxxgsuqzrckdbihlv/Build/Intermediates.noindex/ArchiveIntermediates/FitCoach/IntermediateBuildFilesPath/FitCoach.build/Release-watchos/FitCoachWatchWidget.build/Objects-normal/arm64/FitCoachWatchWidget-dependency-scan.dia -validate-clang-modules-once -clang-build-session-file /Users/tianli/Library/Developer/Xcode/DerivedData/ModuleCache.noindex/Session.modulevalidation -Xcc -fmodules-prune-interval\=86400 -Xcc -fmodules-prune-after\=345600 -emit-const-values -const-gather-protocols-list /Users/tianli/Library/Developer/Xcode/DerivedData/FitCoach-acaaowtqnaruxxgsuqzrckdbihlv/Build/Intermediates.noindex/ArchiveIntermediates/FitCoach/IntermediateBuildFilesPath/FitCoach.build/Release-watchos/FitCoachWatchWidget.build/Objects-normal/arm64/FitCoachWatchWidget_const_extract_protocols.json -Xcc -iquote -Xcc /Users/tianli/Library/Developer/Xcode/DerivedData/FitCoach-acaaowtqnaruxxgsuqzrckdbihlv/Build/Intermediates.noindex/ArchiveIntermediates/FitCoach/IntermediateBuildFilesPath/FitCoach.build/Release-watchos/FitCoachWatchWidget.build/FitCoachWatchWidget-generated-files.hmap -Xcc -I/Users/tianli/Library/Developer/Xcode/DerivedData/FitCoach-acaaowtqnaruxxgsuqzrckdbihlv/Build/Intermediates.noindex/ArchiveIntermediates/FitCoach/IntermediateBuildFilesPath/FitCoach.build/Release-watchos/FitCoachWatchWidget.build/FitCoachWatchWidget-own-target-headers.hmap -Xcc -I/Users/tianli/Library/Developer/Xcode/DerivedData/FitCoach-acaaowtqnaruxxgsuqzrckdbihlv/Build/Intermediates.noindex/ArchiveIntermediates/FitCoach/IntermediateBuildFilesPath/FitCoach.build/Release-watchos/FitCoachWatchWidget.build/FitCoachWatchWidget-all-target-headers.hmap -Xcc -iquote -Xcc /Users/tianli/Library/Developer/Xcode/DerivedData/FitCoach-acaaowtqnaruxxgsuqzrckdbihlv/Build/Intermediates.noindex/ArchiveIntermediates/FitCoach/IntermediateBuildFilesPath/FitCoach.build/Release-watchos/FitCoachWatchWidget.build/FitCoachWatchWidget-project-headers.hmap -Xcc -I/Users/tianli/Library/Developer/Xcode/DerivedData/FitCoach-acaaowtqnaruxxgsuqzrckdbihlv/Build/Intermediates.noindex/ArchiveIntermediates/FitCoach/BuildProductsPath/Release-watchos/include -Xcc -I/Users/tianli/Library/Developer/Xcode/DerivedData/FitCoach-acaaowtqnaruxxgsuqzrckdbihlv/Build/Intermediates.noindex/ArchiveIntermediates/FitCoach/IntermediateBuildFilesPath/FitCoach.build/Release-watchos/FitCoachWatchWidget.build/DerivedSources-normal/arm64 -Xcc -I/Users/tianli/Library/Developer/Xcode/DerivedData/FitCoach-acaaowtqnaruxxgsuqzrckdbihlv/Build/Intermediates.noindex/ArchiveIntermediates/FitCoach/IntermediateBuildFilesPath/FitCoach.build/Release-watchos/FitCoachWatchWidget.build/DerivedSources/arm64 -Xcc -I/Users/tianli/Library/Developer/Xcode/DerivedData/FitCoach-acaaowtqnaruxxgsuqzrckdbihlv/Build/Intermediates.noindex/ArchiveIntermediates/FitCoach/IntermediateBuildFilesPath/FitCoach.build/Release-watchos/FitCoachWatchWidget.build/DerivedSources -emit-objc-header -emit-objc-header-path /Users/tianli/Library/Developer/Xcode/DerivedData/FitCoach-acaaowtqnaruxxgsuqzrckdbihlv/Build/Intermediates.noindex/ArchiveIntermediates/FitCoach/IntermediateBuildFilesPath/FitCoach.build/Release-watchos/FitCoachWatchWidget.build/Objects-normal/arm64/FitCoachWatchWidget-Swift.h -working-directory /Users/tianli/Apps/fitcoach/ios/01-源程序 -no-emit-module-separately-wmo

SwiftCompile normal arm64 Compiling\ ComplicationViews.swift,\ FitCoachWatchWidget.swift,\ SnapshotStore.swift,\ TimeKit.swift,\ WatchSnapshot.swift /Users/tianli/Apps/fitcoach/ios/01-源程序/Watch/ComplicationViews.swift /Users/tianli/Apps/fitcoach/ios/01-源程序/WatchWidget/FitCoachWatchWidget.swift /Users/tianli/Apps/fitcoach/ios/01-源程序/Watch/SnapshotStore.swift /Users/tianli/Apps/fitcoach/ios/01-源程序/Sources/TimeKit.swift /Users/tianli/Apps/fitcoach/ios/01-源程序/Sources/WatchSnapshot.swift /Applications/Xcode.app/Contents/Developer/Toolchains/XcodeDefault.xctoolchain/usr/lib/swift/watchos/prebuilt-modules/27.0/_Concurrency.swiftmodule/arm64e-apple-watchos.swiftmodule /Applications/Xcode.app/Contents/Developer/Toolchains/XcodeDefault.xctoolchain/usr/lib/swift/watchos/prebuilt-modules/27.0/Swift.swiftmodule/arm64e-apple-watchos.swiftmodule /Applications/Xcode.app/Contents/Developer/Toolchains/XcodeDefault.xctoolchain/usr/lib/swift/watchos/prebuilt-modules/27.0/Observation.swiftmodule/arm64e-apple-watchos.swiftmodule /Applications/Xcode.app/Contents/Developer/Toolchains/XcodeDefault.xctoolchain/usr/lib/swift/watchos/prebuilt-modules/27.0/System.swiftmodule/arm64e-apple-watchos.swiftmodule /Applications/Xcode.app/Contents/Developer/Toolchains/XcodeDefault.xctoolchain/usr/lib/swift/watchos/prebuilt-modules/27.0/Distributed.swiftmodule/arm64e-apple-watchos.swiftmodule /Applications/Xcode.app/Contents/Developer/Toolchains/XcodeDefault.xctoolchain/usr/lib/swift/watchos/prebuilt-modules/27.0/_DarwinFoundation3.swiftmodule/arm64e-apple-watchos.swiftmodule /Applications/Xcode.app/Contents/Developer/Toolchains/XcodeDefault.xctoolchain/usr/lib/swift/watchos/prebuilt-modules/27.0/_AppIntents_SwiftUI.swiftmodule/arm64e-apple-watchos.swiftmodule /Applications/Xcode.app/Contents/Developer/Toolchains/XcodeDefault.xctoolchain/usr/lib/swift/watchos/prebuilt-modules/27.0/LightweightCodeRequirements.swiftmodule/arm64e-apple-watchos.swiftmodule /Applications/Xcode.app/Contents/Developer/Toolchains/XcodeDefault.xctoolchain/usr/lib/swift/watchos/prebuilt-modules/27.0/_DarwinFoundation1.swiftmodule/arm64e-apple-watchos.swiftmodule /Applications/Xcode.app/Contents/Developer/Toolchains/XcodeDefault.xctoolchain/usr/lib/swift/watchos/prebuilt-modules/27.0/_DarwinFoundation2.swiftmodule/arm64e-apple-watchos.swiftmodule /Applications/Xcode.app/Contents/Developer/Toolchains/XcodeDefault.xctoolchain/usr/lib/swift/watchos/prebuilt-modules/27.0/CoreFoundation.swiftmodule/arm64e-apple-watchos.swiftmodule /Applications/Xcode.app/Contents/Developer/Toolchains/XcodeDefault.xctoolchain/usr/lib/swift/watchos/prebuilt-modules/27.0/HomeKit.swiftmodule/arm64e-apple-watchos.swiftmodule /Applications/Xcode.app/Contents/Developer/Toolchains/XcodeDefault.xctoolchain/usr/lib/swift/watchos/prebuilt-modules/27.0/CoreGraphics.swiftmodule/arm64e-apple-watchos.swiftmodule /Applications/Xcode.app/Contents/Developer/Toolchains/XcodeDefault.xctoolchain/usr/lib/swift/watchos/prebuilt-modules/27.0/Intents.swiftmodule/arm64e-apple-watchos.swiftmodule /Applications/Xcode.app/Contents/Developer/Toolchains/XcodeDefault.xctoolchain/usr/lib/swift/watchos/prebuilt-modules/27.0/GeoToolbox.swiftmodule/arm64e-apple-watchos.swiftmodule /Applications/Xcode.app/Contents/Developer/Toolchains/XcodeDefault.xctoolchain/usr/lib/swift/watchos/prebuilt-modules/27.0/UIKit.swiftmodule/arm64e-apple-watchos.swiftmodule /Applications/Xcode.app/Contents/Developer/Toolchains/XcodeDefault.xctoolchain/usr/lib/swift/watchos/prebuilt-modules/27.0/Dispatch.swiftmodule/arm64e-apple-watchos.swiftmodule /Applications/Xcode.app/Contents/Developer/Toolchains/XcodeDefault.xctoolchain/usr/lib/swift/watchos/prebuilt-modules/27.0/CoreLocation.swiftmodule/arm64e-apple-watchos.swiftmodule /Applications/Xcode.app/Contents/Developer/Toolchains/XcodeDefault.xctoolchain/usr/lib/swift/watchos/prebuilt-modules/27.0/CoreText.swiftmodule/arm64e-apple-watchos.swiftmodule /Applications/Xcode.app/Contents/Developer/Toolchains/XcodeDefault.xctoolchain/usr/lib/swift/watchos/prebuilt-modules/27.0/CoreData.swiftmodule/arm64e-apple-watchos.swiftmodule /Applications/Xcode.app/Contents/Developer/Toolchains/XcodeDefault.xctoolchain/usr/lib/swift/watchos/prebuilt-modules/27.0/_Builtin_float.swiftmodule/arm64e-apple-watchos.swiftmodule /Applications/Xcode.app/Contents/Developer/Toolchains/XcodeDefault.xctoolchain/usr/lib/swift/watchos/prebuilt-modules/27.0/MapKit.swiftmodule/arm64e-apple-watchos.swiftmodule /Applications/Xcode.app/Contents/Developer/Toolchains/XcodeDefault.xctoolchain/usr/lib/swift/watchos/prebuilt-modules/27.0/CoreVideo.swiftmodule/arm64e-apple-watchos.swiftmodule /Applications/Xcode.app/Contents/Developer/Toolchains/XcodeDefault.xctoolchain/usr/lib/swift/watchos/prebuilt-modules/27.0/DeveloperToolsSupport.swiftmodule/arm64e-apple-watchos.swiftmodule /Applications/Xcode.app/Contents/Developer/Toolchains/XcodeDefault.xctoolchain/usr/lib/swift/watchos/prebuilt-modules/27.0/SwiftUICore.swiftmodule/arm64e-apple-watchos.swiftmodule /Applications/Xcode.app/Contents/Developer/Toolchains/XcodeDefault.xctoolchain/usr/lib/swift/watchos/prebuilt-modules/27.0/Darwin.swiftmodule/arm64e-apple-watchos.swiftmodule /Applications/Xcode.app/Contents/Developer/Toolchains/XcodeDefault.xctoolchain/usr/lib/swift/watchos/prebuilt-modules/27.0/os.swiftmodule/arm64e-apple-watchos.swiftmodule /Applications/Xcode.app/Contents/Developer/Toolchains/XcodeDefault.xctoolchain/usr/lib/swift/watchos/prebuilt-modules/27.0/Foundation.swiftmodule/arm64e-apple-watchos.swiftmodule /Applications/Xcode.app/Contents/Developer/Toolchains/XcodeDefault.xctoolchain/usr/lib/swift/watchos/prebuilt-modules/27.0/XPC.swiftmodule/arm64e-apple-watchos.swiftmodule /Applications/Xcode.app/Contents/Developer/Toolchains/XcodeDefault.xctoolchain/usr/lib/swift/watchos/prebuilt-modules/27.0/WidgetKit.swiftmodule/arm64e-apple-watchos.swiftmodule /Applications/Xcode.app/Contents/Developer/Toolchains/XcodeDefault.xctoolchain/usr/lib/swift/watchos/prebuilt-modules/27.0/CoreMedia.swiftmodule/arm64e-apple-watchos.swiftmodule /Applications/Xcode.app/Contents/Developer/Toolchains/XcodeDefault.xctoolchain/usr/lib/swift/watchos/prebuilt-modules/27.0/WatchKit.swiftmodule/arm64e-apple-watchos.swiftmodule /Applications/Xcode.app/Contents/Developer/Toolchains/XcodeDefault.xctoolchain/usr/lib/swift/watchos/prebuilt-modules/27.0/Symbols.swiftmodule/arm64e-apple-watchos.swiftmodule /Applications/Xcode.app/Contents/Developer/Toolchains/XcodeDefault.xctoolchain/usr/lib/swift/watchos/prebuilt-modules/27.0/SceneKit.swiftmodule/arm64e-apple-watchos.swiftmodule /Applications/Xcode.app/Contents/Developer/Toolchains/XcodeDefault.xctoolchain/usr/lib/swift/watchos/prebuilt-modules/27.0/Spatial.swiftmodule/arm64e-apple-watchos.swiftmodule /Applications/Xcode.app/Contents/Developer/Toolchains/XcodeDefault.xctoolchain/usr/lib/swift/watchos/prebuilt-modules/27.0/ExtensionFoundation.swiftmodule/arm64e-apple-watchos.swiftmodule /Applications/Xcode.app/Contents/Developer/Toolchains/XcodeDefault.xctoolchain/usr/lib/swift/watchos/prebuilt-modules/27.0/UniformTypeIdentifiers.swiftmodule/arm64e-apple-watchos.swiftmodule /Applications/Xcode.app/Contents/Developer/Toolchains/XcodeDefault.xctoolchain/usr/lib/swift/watchos/prebuilt-modules/27.0/simd.swiftmodule/arm64e-apple-watchos.swiftmodule /Applications/Xcode.app/Contents/Developer/Toolchains/XcodeDefault.xctoolchain/usr/lib/swift/watchos/prebuilt-modules/27.0/CoreAudio.swiftmodule/arm64e-apple-watchos.swiftmodule /Applications/Xcode.app/Contents/Developer/Toolchains/XcodeDefault.xctoolchain/usr/lib/swift/watchos/prebuilt-modules/27.0/SwiftUI.swiftmodule/arm64e-apple-watchos.swiftmodule /Applications/Xcode.app/Contents/Developer/Toolchains/XcodeDefault.xctoolchain/usr/lib/swift/watchos/prebuilt-modules/27.0/RelevanceKit.swiftmodule/arm64e-apple-watchos.swiftmodule /Applications/Xcode.app/Contents/Developer/Toolchains/XcodeDefault.xctoolchain/usr/lib/swift/watchos/prebuilt-modules/27.0/DataDetection.swiftmodule/arm64e-apple-watchos.swiftmodule /Applications/Xcode.app/Contents/Developer/Toolchains/XcodeDefault.xctoolchain/usr/lib/swift/watchos/prebuilt-modules/27.0/_StringProcessing.swiftmodule/arm64e-apple-watchos.swiftmodule /Applications/Xcode.app/Contents/Developer/Toolchains/XcodeDefault.xctoolchain/usr/lib/swift/watchos/prebuilt-modules/27.0/Combine.swiftmodule/arm64e-apple-watchos.swiftmodule /Applications/Xcode.app/Contents/Developer/Toolchains/XcodeDefault.xctoolchain/usr/lib/swift/watchos/prebuilt-modules/27.0/QuartzCore.swiftmodule/arm64e-apple-watchos.swiftmodule /Applications/Xcode.app/Contents/Developer/Toolchains/XcodeDefault.xctoolchain/usr/lib/swift/watchos/prebuilt-modules/27.0/Network.swiftmodule/arm64e-apple-watchos.swiftmodule /Applications/Xcode.app/Contents/Developer/Toolchains/XcodeDefault.xctoolchain/usr/lib/swift/watchos/prebuilt-modules/27.0/CoreMotion.swiftmodule/arm64e-apple-watchos.swiftmodule /Applications/Xcode.app/Contents/Developer/Toolchains/XcodeDefault.xctoolchain/usr/lib/swift/watchos/prebuilt-modules/27.0/CoreTransferable.swiftmodule/arm64e-apple-watchos.swiftmodule /Applications/Xcode.app/Contents/Developer/Toolchains/XcodeDefault.xctoolchain/usr/lib/swift/watchos/prebuilt-modules/27.0/AppIntentsTypeSupport.swiftmodule/arm64e-apple-watchos.swiftmodule /Applications/Xcode.app/Contents/Developer/Toolchains/XcodeDefault.xctoolchain/usr/lib/swift/watchos/prebuilt-modules/27.0/Accessibility.swiftmodule/arm64e-apple-watchos.swiftmodule /Applications/Xcode.app/Contents/Developer/Toolchains/XcodeDefault.xctoolchain/usr/lib/swift/watchos/prebuilt-modules/27.0/AppIntents.swiftmodule/arm64e-apple-watchos.swiftmodule /Applications/Xcode.app/Contents/Developer/Toolchains/XcodeDefault.xctoolchain/usr/lib/swift/watchos/prebuilt-modules/27.0/ObjectiveC.swiftmodule/arm64e-apple-watchos.swiftmodule /Applications/Xcode.app/Contents/Developer/Toolchains/XcodeDefault.xctoolchain/usr/lib/swift/watchos/prebuilt-modules/27.0/OSLog.swiftmodule/arm64e-apple-watchos.swiftmodule /Users/tianli/Library/Developer/Xcode/DerivedData/SDKExplicitPrecompiledModules/HomeKit-DW4G9ZWJG0N3GIR9Q8391SS3C.pcm /Users/tianli/Library/Developer/Xcode/DerivedData/SDKExplicitPrecompiledModules/CoreMedia-9M2H5XDM77K0SB0VJT7FTELYK.pcm /Users/tianli/Library/Developer/Xcode/DerivedData/SDKExplicitPrecompiledModules/CoreTransferable-3II343VC8KU3WR2RV2J7A2F3B.pcm /Users/tianli/Library/Developer/Xcode/DerivedData/SDKExplicitPrecompiledModules/dnssd-F5A7LC3KX0HI9XCM76TDDZ2T9.pcm /Users/tianli/Library/Developer/Xcode/DerivedData/SDKExplicitPrecompiledModules/AppIntents-9NX5SBWQ94K3CBIQWNGINKRY.pcm /Users/tianli/Library/Developer/Xcode/DerivedData/SDKExplicitPrecompiledModules/_DarwinFoundation1-3UTUQO19OUDAHQKMFJ48LIN9K.pcm /Users/tianli/Library/Developer/Xcode/DerivedData/SDKExplicitPrecompiledModules/CoreMotion-55F6BUU89XLP09I20DSCHLJEZ.pcm /Users/tianli/Library/Developer/Xcode/DerivedData/SDKExplicitPrecompiledModules/_DarwinFoundation3-CYAF1KY6L2NYOZQLZ3MIND30M.pcm /Users/tianli/Library/Developer/Xcode/DerivedData/SDKExplicitPrecompiledModules/_Builtin_float-5Y1MQBBQ5D75XO5M9NZD6PGUC.pcm /Users/tianli/Library/Developer/Xcode/DerivedData/SDKExplicitPrecompiledModules/CoreLocation-ABQ0A1T032V2OOF1V3OPDI47P.pcm /Users/tianli/Library/Developer/Xcode/DerivedData/SDKExplicitPrecompiledModules/SwiftUI-3Q6T1G2OBS3V0SGUV09YLHFNO.pcm /Users/tianli/Library/Developer/Xcode/DerivedData/SDKExplicitPrecompiledModules/Symbols-68W2XP6CN6ZLTK7OKMHO15EPH.pcm /Users/tianli/Library/Developer/Xcode/DerivedData/SDKExplicitPrecompiledModules/_Builtin_stdatomic-F4YCSWUH5J21C38V2RD8XQZUN.pcm /Users/tianli/Library/Developer/Xcode/DerivedData/SDKExplicitPrecompiledModules/WidgetKit-87N66BHT4FNQ6XZN2KAZBSXI5.pcm /Users/tianli/Library/Developer/Xcode/DerivedData/SDKExplicitPrecompiledModules/Accessibility-4XRKNIMQLD5H2UT1EBIFMT1XY.pcm /Users/tianli/Library/Developer/Xcode/DerivedData/SDKExplicitPrecompiledModules/Darwin-29IR1RIQ5IRNAYETQ01WI65EP.pcm /Users/tianli/Library/Developer/Xcode/DerivedData/SDKExplicitPrecompiledModules/Intents-40T8OYJM0PFFLJ5ZPBG72Z3NE.pcm /Users/tianli/Library/Developer/Xcode/DerivedData/SDKExplicitPrecompiledModules/XPC-55XDHKC1V2HQUKB9MBGW79TDE.pcm /Users/tianli/Library/Developer/Xcode/DerivedData/SDKExplicitPrecompiledModules/CoreData-2WWRFNQ70RV3YXTC3UBX1ICHG.pcm /Users/tianli/Library/Developer/Xcode/DerivedData/SDKExplicitPrecompiledModules/_Builtin_intrinsics-6XCEGY8NN2I9IPY5ZJFNHCFQM.pcm /Users/tianli/Library/Developer/Xcode/DerivedData/SDKExplicitPrecompiledModules/Dispatch-3UW9PLWC0V6UFAWMHEYB9PLIU.pcm /Users/tianli/Library/Developer/Xcode/DerivedData/SDKExplicitPrecompiledModules/os_workgroup-15JOETGD5VVUDBRR1IQESA8R3.pcm /Users/tianli/Library/Developer/Xcode/DerivedData/SDKExplicitPrecompiledModules/ptrauth-CPRHWGYLK7DO5RBWPJ0CXXN9B.pcm /Users/tianli/Library/Developer/Xcode/DerivedData/SDKExplicitPrecompiledModules/CoreFoundation-ANAYAS38V91DUFIQ1AAQUK6ZQ.pcm /Users/tianli/Library/Developer/Xcode/DerivedData/SDKExplicitPrecompiledModules/_DarwinFoundation2-66XYCWDVL8Q99PKEGDWGHVWCL.pcm /Users/tianli/Library/Developer/Xcode/DerivedData/SDKExplicitPrecompiledModules/ObjectiveC-4P41BEJ82VL8JU33EQWIQAYYR.pcm /Users/tianli/Library/Developer/Xcode/DerivedData/SDKExplicitPrecompiledModules/UserNotifications-5JC5SCRXCGZVWNOU3AY0KQXRS.pcm /Users/tianli/Library/Developer/Xcode/DerivedData/SDKExplicitPrecompiledModules/CoreGraphics-71PUHWQBJM5MXQ6WAENHW8NOM.pcm /Users/tianli/Library/Developer/Xcode/DerivedData/SDKExplicitPrecompiledModules/SwiftShims-2UBWIYJU0UN603MW8VZLYUX54.pcm /Users/tianli/Library/Developer/Xcode/DerivedData/SDKExplicitPrecompiledModules/SceneKit-1KBFSNSS672VWHJI7VYL4TQWQ.pcm /Users/tianli/Library/Developer/Xcode/DerivedData/SDKExplicitPrecompiledModules/CoreAudioTypes-666AX6PRZH0P8WONFEGBH1V9X.pcm /Users/tianli/Library/Developer/Xcode/DerivedData/SDKExplicitPrecompiledModules/_Builtin_tgmath-E5WVUBR3GABBU0DLE23IWA5GL.pcm /Users/tianli/Library/Developer/Xcode/DerivedData/SDKExplicitPrecompiledModules/UniformTypeIdentifiers-76BCPRGA2A5VEHB4R8PWO44BW.pcm /Users/tianli/Library/Developer/Xcode/DerivedData/SDKExplicitPrecompiledModules/RelevanceKit-8FR0F0A7YGH7UUQHPFDX3EKVJ.pcm /Users/tianli/Library/Developer/Xcode/DerivedData/SDKExplicitPrecompiledModules/OSLog-3DYN2RD3JZWJK5GQL557ZZ2HY.pcm /Users/tianli/Library/Developer/Xcode/DerivedData/SDKExplicitPrecompiledModules/CoreVideo-2PDV6YJ46QA1UP6A918C3A33F.pcm /Users/tianli/Library/Developer/Xcode/DerivedData/SDKExplicitPrecompiledModules/_Builtin_limits-C6N7S4ND9JQ07O02MGA8CS0Y.pcm /Users/tianli/Library/Developer/Xcode/DerivedData/SDKExplicitPrecompiledModules/ExtensionFoundation-CQMK441RQHN7ERZOKFHS4XKJJ.pcm /Users/tianli/Library/Developer/Xcode/DerivedData/SDKExplicitPrecompiledModules/ptrcheck-A0VUKCZQHMF2ZXCP87GNVZNK0.pcm /Users/tianli/Library/Developer/Xcode/DerivedData/SDKExplicitPrecompiledModules/os_object-3IX7R2O5OWZDMP07IWGGCCE6P.pcm /Users/tianli/Library/Developer/Xcode/DerivedData/SDKExplicitPrecompiledModules/_Builtin_stddef-1SG2CTHUBJV739GVIXZR9L804.pcm /Users/tianli/Library/Developer/Xcode/DerivedData/SDKExplicitPrecompiledModules/Spatial-9K15Y80ZISKBXZVZIABFK4X4T.pcm /Users/tianli/Library/Developer/Xcode/DerivedData/SDKExplicitPrecompiledModules/UIKit-F4DZ0DIKV24K38VPFZFXMNBYF.pcm /Users/tianli/Library/Developer/Xcode/DerivedData/SDKExplicitPrecompiledModules/_Builtin_stdarg-8MUW6RMGPL6W1XFE8NI7GBYXX.pcm /Users/tianli/Library/Developer/Xcode/DerivedData/SDKExplicitPrecompiledModules/CoreText-6JLRXC9VIQIZPESX4S6D8V63Z.pcm /Users/tianli/Library/Developer/Xcode/DerivedData/SDKExplicitPrecompiledModules/CoreAudio-8AFHC05ZRNVWFESUMEEN66828.pcm /Users/tianli/Library/Developer/Xcode/DerivedData/SDKExplicitPrecompiledModules/string_h-6YX7NH19Y13UQ6PTTHFB8ANUJ.pcm /Users/tianli/Library/Developer/Xcode/DerivedData/SDKExplicitPrecompiledModules/_AvailabilityInternal-10J6MDZU8FWK4UJ3S2KKRDBGD.pcm /Users/tianli/Library/Developer/Xcode/DerivedData/SDKExplicitPrecompiledModules/DeveloperToolsSupport-7D3943G4FBI029X5TO1JN6UOA.pcm /Users/tianli/Library/Developer/Xcode/DerivedData/SDKExplicitPrecompiledModules/simd-CQ4XDMUQYH3CADIT2ETA7KPGW.pcm /Users/tianli/Library/Developer/Xcode/DerivedData/SDKExplicitPrecompiledModules/_Builtin_stdint-9GDPJ3XZLGMZHVQUQR9CMFM0P.pcm /Users/tianli/Library/Developer/Xcode/DerivedData/SDKExplicitPrecompiledModules/Foundation-BXWAZ7UAQF0LC9WE8T1XHW8VQ.pcm /Users/tianli/Library/Developer/Xcode/DerivedData/SDKExplicitPrecompiledModules/_SwiftConcurrencyShims-1X0IMKIGJX31KSMQQP9XUI5K4.pcm /Users/tianli/Library/Developer/Xcode/DerivedData/SDKExplicitPrecompiledModules/_Builtin_stdbool-D9OBHZ4TPB7AXUIO8J8Z69XT7.pcm /Users/tianli/Library/Developer/Xcode/DerivedData/SDKExplicitPrecompiledModules/DataDetection-8OVN89DAVB0HXUO1Q899YTD93.pcm /Users/tianli/Library/Developer/Xcode/DerivedData/SDKExplicitPrecompiledModules/AppIntentsTypeSupport-8T7H5F8OPG1XMHDYE1JKX1Z7B.pcm /Users/tianli/Library/Developer/Xcode/DerivedData/SDKExplicitPrecompiledModules/_Builtin_inttypes-D4XYLE0V9V0GU259LR7BV3FGA.pcm /Users/tianli/Library/Developer/Xcode/DerivedData/SDKExplicitPrecompiledModules/QuartzCore-DR0Z2GDVJURNQ56H7JMPPQQWY.pcm /Users/tianli/Library/Developer/Xcode/DerivedData/SDKExplicitPrecompiledModules/MapKit-ETMUNZJZ0A6VOF8BN772OVHAB.pcm /Users/tianli/Library/Developer/Xcode/DerivedData/SDKExplicitPrecompiledModules/WatchKit-2D2RA5368H8690S69OG2EZT3E.pcm /Users/tianli/Library/Developer/Xcode/DerivedData/SDKExplicitPrecompiledModules/SwiftUICore-AD4YMU60SC6LONYSW5MU4N4AC.pcm /Users/tianli/Library/Developer/Xcode/DerivedData/SDKExplicitPrecompiledModules/UIUtilities-CJNO5HNYXLFIS43GEXX4SY489.pcm /Users/tianli/Library/Developer/Xcode/DerivedData/SDKExplicitPrecompiledModules/sys_types-ACBLZGJ77GIJIHYST7XLW2PJV.pcm /Users/tianli/Library/Developer/Xcode/DerivedData/SDKExplicitPrecompiledModules/os-2L0ZMQMM8QVOX4O596AZTV4ZB.pcm /Users/tianli/Library/Developer/Xcode/DerivedData/SDKExplicitPrecompiledModules/MachO-56CNUDSSDHK1M8I7DPZ1ETQVB.pcm /Users/tianli/Library/Developer/Xcode/DerivedData/SDKExplicitPrecompiledModules/Network-3GTWZD7OAHLVY4C217HHXZI85.pcm /Users/tianli/Library/Developer/Xcode/DerivedData/SDKExplicitPrecompiledModules/Security-EF47PJK9XC15O7A7WHCHIOC4A.pcm /Users/tianli/Library/Developer/Xcode/DerivedData/SDKExplicitPrecompiledModules/_LocationEssentials-B0P0G0PXIR6WLZORN6AXUE13P.pcm /Users/tianli/Library/Developer/Xcode/DerivedData/FitCoach-acaaowtqnaruxxgsuqzrckdbihlv/Build/Intermediates.noindex/ArchiveIntermediates/FitCoach/IntermediateBuildFilesPath/FitCoach.build/Release-watchos/FitCoachWatchWidget.build/Objects-normal/arm64/FitCoachWatchWidget-dependencies-2.json (in target 'FitCoachWatchWidget' from project 'FitCoach')

SwiftCompile normal arm64 (in target 'FitCoachWatchWidget' from project 'FitCoach')
    cd /Users/tianli/Apps/fitcoach/ios/01-源程序
    

SwiftDriverJobDiscovery normal arm64_32 Compiling ComplicationViews.swift, FitCoachWatchWidget.swift, SnapshotStore.swift, TimeKit.swift, WatchSnapshot.swift (in target 'FitCoachWatchWidget' from project 'FitCoach')

SwiftDriver\ Compilation\ Requirements FitCoachWatchWidget normal arm64_32 com.apple.xcode.tools.swift.compiler (in target 'FitCoachWatchWidget' from project 'FitCoach')
    cd /Users/tianli/Apps/fitcoach/ios/01-源程序
    builtin-Swift-Compilation-Requirements -- /Applications/Xcode.app/Contents/Developer/Toolchains/XcodeDefault.xctoolchain/usr/bin/swiftc -module-name FitCoachWatchWidget -O -whole-module-optimization @/Users/tianli/Library/Developer/Xcode/DerivedData/FitCoach-acaaowtqnaruxxgsuqzrckdbihlv/Build/Intermediates.noindex/ArchiveIntermediates/FitCoach/IntermediateBuildFilesPath/FitCoach.build/Release-watchos/FitCoachWatchWidget.build/Objects-normal/arm64_32/FitCoachWatchWidget.SwiftFileList -enable-bare-slash-regex -enable-experimental-feature DebugDescriptionMacro -sdk /Applications/Xcode.app/Contents/Developer/Platforms/WatchOS.platform/Developer/SDKs/WatchOS27.0.sdk -target arm64_32-apple-watchos11.0 -g -module-cache-path /Users/tianli/Library/Developer/Xcode/DerivedData/ModuleCache.noindex -Xfrontend -serialize-debugging-options -application-extension -swift-version 5 -I /Users/tianli/Library/Developer/Xcode/DerivedData/FitCoach-acaaowtqnaruxxgsuqzrckdbihlv/Build/Intermediates.noindex/ArchiveIntermediates/FitCoach/BuildProductsPath/Release-watchos -F /Users/tianli/Library/Developer/Xcode/DerivedData/FitCoach-acaaowtqnaruxxgsuqzrckdbihlv/Build/Intermediates.noindex/ArchiveIntermediates/FitCoach/BuildProductsPath/Release-watchos -c -num-threads 10 -output-file-map /Users/tianli/Library/Developer/Xcode/DerivedData/FitCoach-acaaowtqnaruxxgsuqzrckdbihlv/Build/Intermediates.noindex/ArchiveIntermediates/FitCoach/IntermediateBuildFilesPath/FitCoach.build/Release-watchos/FitCoachWatchWidget.build/Objects-normal/arm64_32/FitCoachWatchWidget-OutputFileMap.json -save-temps -no-color-diagnostics -explicit-module-build -module-cache-path /Users/tianli/Library/Developer/Xcode/DerivedData/FitCoach-acaaowtqnaruxxgsuqzrckdbihlv/Build/Intermediates.noindex/ArchiveIntermediates/FitCoach/IntermediateBuildFilesPath/SwiftExplicitPrecompiledModules -clang-scanner-module-cache-path /Users/tianli/Library/Developer/Xcode/DerivedData/ModuleCache.noindex -sdk-module-cache-path /Users/tianli/Library/Developer/Xcode/DerivedData/SDKExplicitPrecompiledModules -emit-dependencies -emit-module -emit-module-path /Users/tianli/Library/Developer/Xcode/DerivedData/FitCoach-acaaowtqnaruxxgsuqzrckdbihlv/Build/Intermediates.noindex/ArchiveIntermediates/FitCoach/IntermediateBuildFilesPath/FitCoach.build/Release-watchos/FitCoachWatchWidget.build/Objects-normal/arm64_32/FitCoachWatchWidget.swiftmodule -serialize-diagnostics -dependency-scan-serialize-diagnostics-path /Users/tianli/Library/Developer/Xcode/DerivedData/FitCoach-acaaowtqnaruxxgsuqzrckdbihlv/Build/Intermediates.noindex/ArchiveIntermediates/FitCoach/IntermediateBuildFilesPath/FitCoach.build/Release-watchos/FitCoachWatchWidget.build/Objects-normal/arm64_32/FitCoachWatchWidget-dependency-scan.dia -validate-clang-modules-once -clang-build-session-file /Users/tianli/Library/Developer/Xcode/DerivedData/ModuleCache.noindex/Session.modulevalidation -Xcc -fmodules-prune-interval\=86400 -Xcc -fmodules-prune-after\=345600 -emit-const-values -const-gather-protocols-list /Users/tianli/Library/Developer/Xcode/DerivedData/FitCoach-acaaowtqnaruxxgsuqzrckdbihlv/Build/Intermediates.noindex/ArchiveIntermediates/FitCoach/IntermediateBuildFilesPath/FitCoach.build/Release-watchos/FitCoachWatchWidget.build/Objects-normal/arm64_32/FitCoachWatchWidget_const_extract_protocols.json -Xcc -iquote -Xcc /Users/tianli/Library/Developer/Xcode/DerivedData/FitCoach-acaaowtqnaruxxgsuqzrckdbihlv/Build/Intermediates.noindex/ArchiveIntermediates/FitCoach/IntermediateBuildFilesPath/FitCoach.build/Release-watchos/FitCoachWatchWidget.build/FitCoachWatchWidget-generated-files.hmap -Xcc -I/Users/tianli/Library/Developer/Xcode/DerivedData/FitCoach-acaaowtqnaruxxgsuqzrckdbihlv/Build/Intermediates.noindex/ArchiveIntermediates/FitCoach/IntermediateBuildFilesPath/FitCoach.build/Release-watchos/FitCoachWatchWidget.build/FitCoachWatchWidget-own-target-headers.hmap -Xcc -I/Users/tianli/Library/Developer/Xcode/DerivedData/FitCoach-acaaowtqnaruxxgsuqzrckdbihlv/Build/Intermediates.noindex/ArchiveIntermediates/FitCoach/IntermediateBuildFilesPath/FitCoach.build/Release-watchos/FitCoachWatchWidget.build/FitCoachWatchWidget-all-target-headers.hmap -Xcc -iquote -Xcc /Users/tianli/Library/Developer/Xcode/DerivedData/FitCoach-acaaowtqnaruxxgsuqzrckdbihlv/Build/Intermediates.noindex/ArchiveIntermediates/FitCoach/IntermediateBuildFilesPath/FitCoach.build/Release-watchos/FitCoachWatchWidget.build/FitCoachWatchWidget-project-headers.hmap -Xcc -I/Users/tianli/Library/Developer/Xcode/DerivedData/FitCoach-acaaowtqnaruxxgsuqzrckdbihlv/Build/Intermediates.noindex/ArchiveIntermediates/FitCoach/BuildProductsPath/Release-watchos/include -Xcc -I/Users/tianli/Library/Developer/Xcode/DerivedData/FitCoach-acaaowtqnaruxxgsuqzrckdbihlv/Build/Intermediates.noindex/ArchiveIntermediates/FitCoach/IntermediateBuildFilesPath/FitCoach.build/Release-watchos/FitCoachWatchWidget.build/DerivedSources-normal/arm64_32 -Xcc -I/Users/tianli/Library/Developer/Xcode/DerivedData/FitCoach-acaaowtqnaruxxgsuqzrckdbihlv/Build/Intermediates.noindex/ArchiveIntermediates/FitCoach/IntermediateBuildFilesPath/FitCoach.build/Release-watchos/FitCoachWatchWidget.build/DerivedSources/arm64_32 -Xcc -I/Users/tianli/Library/Developer/Xcode/DerivedData/FitCoach-acaaowtqnaruxxgsuqzrckdbihlv/Build/Intermediates.noindex/ArchiveIntermediates/FitCoach/IntermediateBuildFilesPath/FitCoach.build/Release-watchos/FitCoachWatchWidget.build/DerivedSources -emit-objc-header -emit-objc-header-path /Users/tianli/Library/Developer/Xcode/DerivedData/FitCoach-acaaowtqnaruxxgsuqzrckdbihlv/Build/Intermediates.noindex/ArchiveIntermediates/FitCoach/IntermediateBuildFilesPath/FitCoach.build/Release-watchos/FitCoachWatchWidget.build/Objects-normal/arm64_32/FitCoachWatchWidget-Swift.h -working-directory /Users/tianli/Apps/fitcoach/ios/01-源程序 -no-emit-module-separately-wmo

SwiftDriverJobDiscovery normal arm64 Compiling ComplicationViews.swift, FitCoachWatchWidget.swift, SnapshotStore.swift, TimeKit.swift, WatchSnapshot.swift (in target 'FitCoachWatchWidget' from project 'FitCoach')

SwiftDriver\ Compilation\ Requirements FitCoachWatchWidget normal arm64 com.apple.xcode.tools.swift.compiler (in target 'FitCoachWatchWidget' from project 'FitCoach')
    cd /Users/tianli/Apps/fitcoach/ios/01-源程序
    builtin-Swift-Compilation-Requirements -- /Applications/Xcode.app/Contents/Developer/Toolchains/XcodeDefault.xctoolchain/usr/bin/swiftc -module-name FitCoachWatchWidget -O -whole-module-optimization @/Users/tianli/Library/Developer/Xcode/DerivedData/FitCoach-acaaowtqnaruxxgsuqzrckdbihlv/Build/Intermediates.noindex/ArchiveIntermediates/FitCoach/IntermediateBuildFilesPath/FitCoach.build/Release-watchos/FitCoachWatchWidget.build/Objects-normal/arm64/FitCoachWatchWidget.SwiftFileList -enable-bare-slash-regex -enable-experimental-feature DebugDescriptionMacro -sdk /Applications/Xcode.app/Contents/Developer/Platforms/WatchOS.platform/Developer/SDKs/WatchOS27.0.sdk -target arm64-apple-watchos11.0 -g -module-cache-path /Users/tianli/Library/Developer/Xcode/DerivedData/ModuleCache.noindex -Xfrontend -serialize-debugging-options -application-extension -swift-version 5 -I /Users/tianli/Library/Developer/Xcode/DerivedData/FitCoach-acaaowtqnaruxxgsuqzrckdbihlv/Build/Intermediates.noindex/ArchiveIntermediates/FitCoach/BuildProductsPath/Release-watchos -F /Users/tianli/Library/Developer/Xcode/DerivedData/FitCoach-acaaowtqnaruxxgsuqzrckdbihlv/Build/Intermediates.noindex/ArchiveIntermediates/FitCoach/BuildProductsPath/Release-watchos -c -num-threads 10 -output-file-map /Users/tianli/Library/Developer/Xcode/DerivedData/FitCoach-acaaowtqnaruxxgsuqzrckdbihlv/Build/Intermediates.noindex/ArchiveIntermediates/FitCoach/IntermediateBuildFilesPath/FitCoach.build/Release-watchos/FitCoachWatchWidget.build/Objects-normal/arm64/FitCoachWatchWidget-OutputFileMap.json -save-temps -no-color-diagnostics -explicit-module-build -module-cache-path /Users/tianli/Library/Developer/Xcode/DerivedData/FitCoach-acaaowtqnaruxxgsuqzrckdbihlv/Build/Intermediates.noindex/ArchiveIntermediates/FitCoach/IntermediateBuildFilesPath/SwiftExplicitPrecompiledModules -clang-scanner-module-cache-path /Users/tianli/Library/Developer/Xcode/DerivedData/ModuleCache.noindex -sdk-module-cache-path /Users/tianli/Library/Developer/Xcode/DerivedData/SDKExplicitPrecompiledModules -emit-dependencies -emit-module -emit-module-path /Users/tianli/Library/Developer/Xcode/DerivedData/FitCoach-acaaowtqnaruxxgsuqzrckdbihlv/Build/Intermediates.noindex/ArchiveIntermediates/FitCoach/IntermediateBuildFilesPath/FitCoach.build/Release-watchos/FitCoachWatchWidget.build/Objects-normal/arm64/FitCoachWatchWidget.swiftmodule -serialize-diagnostics -dependency-scan-serialize-diagnostics-path /Users/tianli/Library/Developer/Xcode/DerivedData/FitCoach-acaaowtqnaruxxgsuqzrckdbihlv/Build/Intermediates.noindex/ArchiveIntermediates/FitCoach/IntermediateBuildFilesPath/FitCoach.build/Release-watchos/FitCoachWatchWidget.build/Objects-normal/arm64/FitCoachWatchWidget-dependency-scan.dia -validate-clang-modules-once -clang-build-session-file /Users/tianli/Library/Developer/Xcode/DerivedData/ModuleCache.noindex/Session.modulevalidation -Xcc -fmodules-prune-interval\=86400 -Xcc -fmodules-prune-after\=345600 -emit-const-values -const-gather-protocols-list /Users/tianli/Library/Developer/Xcode/DerivedData/FitCoach-acaaowtqnaruxxgsuqzrckdbihlv/Build/Intermediates.noindex/ArchiveIntermediates/FitCoach/IntermediateBuildFilesPath/FitCoach.build/Release-watchos/FitCoachWatchWidget.build/Objects-normal/arm64/FitCoachWatchWidget_const_extract_protocols.json -Xcc -iquote -Xcc /Users/tianli/Library/Developer/Xcode/DerivedData/FitCoach-acaaowtqnaruxxgsuqzrckdbihlv/Build/Intermediates.noindex/ArchiveIntermediates/FitCoach/IntermediateBuildFilesPath/FitCoach.build/Release-watchos/FitCoachWatchWidget.build/FitCoachWatchWidget-generated-files.hmap -Xcc -I/Users/tianli/Library/Developer/Xcode/DerivedData/FitCoach-acaaowtqnaruxxgsuqzrckdbihlv/Build/Intermediates.noindex/ArchiveIntermediates/FitCoach/IntermediateBuildFilesPath/FitCoach.build/Release-watchos/FitCoachWatchWidget.build/FitCoachWatchWidget-own-target-headers.hmap -Xcc -I/Users/tianli/Library/Developer/Xcode/DerivedData/FitCoach-acaaowtqnaruxxgsuqzrckdbihlv/Build/Intermediates.noindex/ArchiveIntermediates/FitCoach/IntermediateBuildFilesPath/FitCoach.build/Release-watchos/FitCoachWatchWidget.build/FitCoachWatchWidget-all-target-headers.hmap -Xcc -iquote -Xcc /Users/tianli/Library/Developer/Xcode/DerivedData/FitCoach-acaaowtqnaruxxgsuqzrckdbihlv/Build/Intermediates.noindex/ArchiveIntermediates/FitCoach/IntermediateBuildFilesPath/FitCoach.build/Release-watchos/FitCoachWatchWidget.build/FitCoachWatchWidget-project-headers.hmap -Xcc -I/Users/tianli/Library/Developer/Xcode/DerivedData/FitCoach-acaaowtqnaruxxgsuqzrckdbihlv/Build/Intermediates.noindex/ArchiveIntermediates/FitCoach/BuildProductsPath/Release-watchos/include -Xcc -I/Users/tianli/Library/Developer/Xcode/DerivedData/FitCoach-acaaowtqnaruxxgsuqzrckdbihlv/Build/Intermediates.noindex/ArchiveIntermediates/FitCoach/IntermediateBuildFilesPath/FitCoach.build/Release-watchos/FitCoachWatchWidget.build/DerivedSources-normal/arm64 -Xcc -I/Users/tianli/Library/Developer/Xcode/DerivedData/FitCoach-acaaowtqnaruxxgsuqzrckdbihlv/Build/Intermediates.noindex/ArchiveIntermediates/FitCoach/IntermediateBuildFilesPath/FitCoach.build/Release-watchos/FitCoachWatchWidget.build/DerivedSources/arm64 -Xcc -I/Users/tianli/Library/Developer/Xcode/DerivedData/FitCoach-acaaowtqnaruxxgsuqzrckdbihlv/Build/Intermediates.noindex/ArchiveIntermediates/FitCoach/IntermediateBuildFilesPath/FitCoach.build/Release-watchos/FitCoachWatchWidget.build/DerivedSources -emit-objc-header -emit-objc-header-path /Users/tianli/Library/Developer/Xcode/DerivedData/FitCoach-acaaowtqnaruxxgsuqzrckdbihlv/Build/Intermediates.noindex/ArchiveIntermediates/FitCoach/IntermediateBuildFilesPath/FitCoach.build/Release-watchos/FitCoachWatchWidget.build/Objects-normal/arm64/FitCoachWatchWidget-Swift.h -working-directory /Users/tianli/Apps/fitcoach/ios/01-源程序 -no-emit-module-separately-wmo

SwiftMergeGeneratedHeaders /Users/tianli/Library/Developer/Xcode/DerivedData/FitCoach-acaaowtqnaruxxgsuqzrckdbihlv/Build/Intermediates.noindex/ArchiveIntermediates/FitCoach/IntermediateBuildFilesPath/FitCoach.build/Release-watchos/FitCoachWatchWidget.build/DerivedSources/FitCoachWatchWidget-Swift.h /Users/tianli/Library/Developer/Xcode/DerivedData/FitCoach-acaaowtqnaruxxgsuqzrckdbihlv/Build/Intermediates.noindex/ArchiveIntermediates/FitCoach/IntermediateBuildFilesPath/FitCoach.build/Release-watchos/FitCoachWatchWidget.build/Objects-normal/arm64/FitCoachWatchWidget-Swift.h /Users/tianli/Library/Developer/Xcode/DerivedData/FitCoach-acaaowtqnaruxxgsuqzrckdbihlv/Build/Intermediates.noindex/ArchiveIntermediates/FitCoach/IntermediateBuildFilesPath/FitCoach.build/Release-watchos/FitCoachWatchWidget.build/Objects-normal/arm64_32/FitCoachWatchWidget-Swift.h (in target 'FitCoachWatchWidget' from project 'FitCoach')
    cd /Users/tianli/Apps/fitcoach/ios/01-源程序
    builtin-swiftHeaderTool -arch arm64 /Users/tianli/Library/Developer/Xcode/DerivedData/FitCoach-acaaowtqnaruxxgsuqzrckdbihlv/Build/Intermediates.noindex/ArchiveIntermediates/FitCoach/IntermediateBuildFilesPath/FitCoach.build/Release-watchos/FitCoachWatchWidget.build/Objects-normal/arm64/FitCoachWatchWidget-Swift.h -arch arm64_32 /Users/tianli/Library/Developer/Xcode/DerivedData/FitCoach-acaaowtqnaruxxgsuqzrckdbihlv/Build/Intermediates.noindex/ArchiveIntermediates/FitCoach/IntermediateBuildFilesPath/FitCoach.build/Release-watchos/FitCoachWatchWidget.build/Objects-normal/arm64_32/FitCoachWatchWidget-Swift.h -o /Users/tianli/Library/Developer/Xcode/DerivedData/FitCoach-acaaowtqnaruxxgsuqzrckdbihlv/Build/Intermediates.noindex/ArchiveIntermediates/FitCoach/IntermediateBuildFilesPath/FitCoach.build/Release-watchos/FitCoachWatchWidget.build/DerivedSources/FitCoachWatchWidget-Swift.h

Copy /Users/tianli/Library/Developer/Xcode/DerivedData/FitCoach-acaaowtqnaruxxgsuqzrckdbihlv/Build/Intermediates.noindex/ArchiveIntermediates/FitCoach/BuildProductsPath/Release-watchos/FitCoachWatchWidget.swiftmodule/arm64-apple-watchos.swiftmodule /Users/tianli/Library/Developer/Xcode/DerivedData/FitCoach-acaaowtqnaruxxgsuqzrckdbihlv/Build/Intermediates.noindex/ArchiveIntermediates/FitCoach/IntermediateBuildFilesPath/FitCoach.build/Release-watchos/FitCoachWatchWidget.build/Objects-normal/arm64/FitCoachWatchWidget.swiftmodule (in target 'FitCoachWatchWidget' from project 'FitCoach')
    cd /Users/tianli/Apps/fitcoach/ios/01-源程序
    builtin-copy -exclude .DS_Store -exclude CVS -exclude .svn -exclude .git -exclude .hg -resolve-src-symlinks -rename /Users/tianli/Library/Developer/Xcode/DerivedData/FitCoach-acaaowtqnaruxxgsuqzrckdbihlv/Build/Intermediates.noindex/ArchiveIntermediates/FitCoach/IntermediateBuildFilesPath/FitCoach.build/Release-watchos/FitCoachWatchWidget.build/Objects-normal/arm64/FitCoachWatchWidget.swiftmodule /Users/tianli/Library/Developer/Xcode/DerivedData/FitCoach-acaaowtqnaruxxgsuqzrckdbihlv/Build/Intermediates.noindex/ArchiveIntermediates/FitCoach/BuildProductsPath/Release-watchos/FitCoachWatchWidget.swiftmodule/arm64-apple-watchos.swiftmodule

Copy /Users/tianli/Library/Developer/Xcode/DerivedData/FitCoach-acaaowtqnaruxxgsuqzrckdbihlv/Build/Intermediates.noindex/ArchiveIntermediates/FitCoach/BuildProductsPath/Release-watchos/FitCoachWatchWidget.swiftmodule/arm64_32-apple-watchos.swiftmodule /Users/tianli/Library/Developer/Xcode/DerivedData/FitCoach-acaaowtqnaruxxgsuqzrckdbihlv/Build/Intermediates.noindex/ArchiveIntermediates/FitCoach/IntermediateBuildFilesPath/FitCoach.build/Release-watchos/FitCoachWatchWidget.build/Objects-normal/arm64_32/FitCoachWatchWidget.swiftmodule (in target 'FitCoachWatchWidget' from project 'FitCoach')
    cd /Users/tianli/Apps/fitcoach/ios/01-源程序
    builtin-copy -exclude .DS_Store -exclude CVS -exclude .svn -exclude .git -exclude .hg -resolve-src-symlinks -rename /Users/tianli/Library/Developer/Xcode/DerivedData/FitCoach-acaaowtqnaruxxgsuqzrckdbihlv/Build/Intermediates.noindex/ArchiveIntermediates/FitCoach/IntermediateBuildFilesPath/FitCoach.build/Release-watchos/FitCoachWatchWidget.build/Objects-normal/arm64_32/FitCoachWatchWidget.swiftmodule /Users/tianli/Library/Developer/Xcode/DerivedData/FitCoach-acaaowtqnaruxxgsuqzrckdbihlv/Build/Intermediates.noindex/ArchiveIntermediates/FitCoach/BuildProductsPath/Release-watchos/FitCoachWatchWidget.swiftmodule/arm64_32-apple-watchos.swiftmodule

Copy /Users/tianli/Library/Developer/Xcode/DerivedData/FitCoach-acaaowtqnaruxxgsuqzrckdbihlv/Build/Intermediates.noindex/ArchiveIntermediates/FitCoach/BuildProductsPath/Release-watchos/FitCoachWatchWidget.swiftmodule/arm64_32-apple-watchos.swiftdoc /Users/tianli/Library/Developer/Xcode/DerivedData/FitCoach-acaaowtqnaruxxgsuqzrckdbihlv/Build/Intermediates.noindex/ArchiveIntermediates/FitCoach/IntermediateBuildFilesPath/FitCoach.build/Release-watchos/FitCoachWatchWidget.build/Objects-normal/arm64_32/FitCoachWatchWidget.swiftdoc (in target 'FitCoachWatchWidget' from project 'FitCoach')
    cd /Users/tianli/Apps/fitcoach/ios/01-源程序
    builtin-copy -exclude .DS_Store -exclude CVS -exclude .svn -exclude .git -exclude .hg -resolve-src-symlinks -rename /Users/tianli/Library/Developer/Xcode/DerivedData/FitCoach-acaaowtqnaruxxgsuqzrckdbihlv/Build/Intermediates.noindex/ArchiveIntermediates/FitCoach/IntermediateBuildFilesPath/FitCoach.build/Release-watchos/FitCoachWatchWidget.build/Objects-normal/arm64_32/FitCoachWatchWidget.swiftdoc /Users/tianli/Library/Developer/Xcode/DerivedData/FitCoach-acaaowtqnaruxxgsuqzrckdbihlv/Build/Intermediates.noindex/ArchiveIntermediates/FitCoach/BuildProductsPath/Release-watchos/FitCoachWatchWidget.swiftmodule/arm64_32-apple-watchos.swiftdoc

Copy /Users/tianli/Library/Developer/Xcode/DerivedData/FitCoach-acaaowtqnaruxxgsuqzrckdbihlv/Build/Intermediates.noindex/ArchiveIntermediates/FitCoach/BuildProductsPath/Release-watchos/FitCoachWatchWidget.swiftmodule/arm64_32-apple-watchos.abi.json /Users/tianli/Library/Developer/Xcode/DerivedData/FitCoach-acaaowtqnaruxxgsuqzrckdbihlv/Build/Intermediates.noindex/ArchiveIntermediates/FitCoach/IntermediateBuildFilesPath/FitCoach.build/Release-watchos/FitCoachWatchWidget.build/Objects-normal/arm64_32/FitCoachWatchWidget.abi.json (in target 'FitCoachWatchWidget' from project 'FitCoach')
    cd /Users/tianli/Apps/fitcoach/ios/01-源程序
    builtin-copy -exclude .DS_Store -exclude CVS -exclude .svn -exclude .git -exclude .hg -resolve-src-symlinks -rename /Users/tianli/Library/Developer/Xcode/DerivedData/FitCoach-acaaowtqnaruxxgsuqzrckdbihlv/Build/Intermediates.noindex/ArchiveIntermediates/FitCoach/IntermediateBuildFilesPath/FitCoach.build/Release-watchos/FitCoachWatchWidget.build/Objects-normal/arm64_32/FitCoachWatchWidget.abi.json /Users/tianli/Library/Developer/Xcode/DerivedData/FitCoach-acaaowtqnaruxxgsuqzrckdbihlv/Build/Intermediates.noindex/ArchiveIntermediates/FitCoach/BuildProductsPath/Release-watchos/FitCoachWatchWidget.swiftmodule/arm64_32-apple-watchos.abi.json

Copy /Users/tianli/Library/Developer/Xcode/DerivedData/FitCoach-acaaowtqnaruxxgsuqzrckdbihlv/Build/Intermediates.noindex/ArchiveIntermediates/FitCoach/BuildProductsPath/Release-watchos/FitCoachWatchWidget.swiftmodule/arm64-apple-watchos.swiftdoc /Users/tianli/Library/Developer/Xcode/DerivedData/FitCoach-acaaowtqnaruxxgsuqzrckdbihlv/Build/Intermediates.noindex/ArchiveIntermediates/FitCoach/IntermediateBuildFilesPath/FitCoach.build/Release-watchos/FitCoachWatchWidget.build/Objects-normal/arm64/FitCoachWatchWidget.swiftdoc (in target 'FitCoachWatchWidget' from project 'FitCoach')
    cd /Users/tianli/Apps/fitcoach/ios/01-源程序
    builtin-copy -exclude .DS_Store -exclude CVS -exclude .svn -exclude .git -exclude .hg -resolve-src-symlinks -rename /Users/tianli/Library/Developer/Xcode/DerivedData/FitCoach-acaaowtqnaruxxgsuqzrckdbihlv/Build/Intermediates.noindex/ArchiveIntermediates/FitCoach/IntermediateBuildFilesPath/FitCoach.build/Release-watchos/FitCoachWatchWidget.build/Objects-normal/arm64/FitCoachWatchWidget.swiftdoc /Users/tianli/Library/Developer/Xcode/DerivedData/FitCoach-acaaowtqnaruxxgsuqzrckdbihlv/Build/Intermediates.noindex/ArchiveIntermediates/FitCoach/BuildProductsPath/Release-watchos/FitCoachWatchWidget.swiftmodule/arm64-apple-watchos.swiftdoc

Copy /Users/tianli/Library/Developer/Xcode/DerivedData/FitCoach-acaaowtqnaruxxgsuqzrckdbihlv/Build/Intermediates.noindex/ArchiveIntermediates/FitCoach/BuildProductsPath/Release-watchos/FitCoachWatchWidget.swiftmodule/arm64-apple-watchos.abi.json /Users/tianli/Library/Developer/Xcode/DerivedData/FitCoach-acaaowtqnaruxxgsuqzrckdbihlv/Build/Intermediates.noindex/ArchiveIntermediates/FitCoach/IntermediateBuildFilesPath/FitCoach.build/Release-watchos/FitCoachWatchWidget.build/Objects-normal/arm64/FitCoachWatchWidget.abi.json (in target 'FitCoachWatchWidget' from project 'FitCoach')
    cd /Users/tianli/Apps/fitcoach/ios/01-源程序
    builtin-copy -exclude .DS_Store -exclude CVS -exclude .svn -exclude .git -exclude .hg -resolve-src-symlinks -rename /Users/tianli/Library/Developer/Xcode/DerivedData/FitCoach-acaaowtqnaruxxgsuqzrckdbihlv/Build/Intermediates.noindex/ArchiveIntermediates/FitCoach/IntermediateBuildFilesPath/FitCoach.build/Release-watchos/FitCoachWatchWidget.build/Objects-normal/arm64/FitCoachWatchWidget.abi.json /Users/tianli/Library/Developer/Xcode/DerivedData/FitCoach-acaaowtqnaruxxgsuqzrckdbihlv/Build/Intermediates.noindex/ArchiveIntermediates/FitCoach/BuildProductsPath/Release-watchos/FitCoachWatchWidget.swiftmodule/arm64-apple-watchos.abi.json

Ld /Users/tianli/Library/Developer/Xcode/DerivedData/FitCoach-acaaowtqnaruxxgsuqzrckdbihlv/Build/Intermediates.noindex/ArchiveIntermediates/FitCoach/IntermediateBuildFilesPath/FitCoach.build/Release-watchos/FitCoachWatchWidget.build/Objects-normal/arm64_32/Binary/FitCoachWatchWidget normal arm64_32 (in target 'FitCoachWatchWidget' from project 'FitCoach')
    cd /Users/tianli/Apps/fitcoach/ios/01-源程序
    /Applications/Xcode.app/Contents/Developer/Toolchains/XcodeDefault.xctoolchain/usr/bin/clang -Xlinker -reproducible -target arm64_32-apple-watchos11.0 -isysroot /Applications/Xcode.app/Contents/Developer/Platforms/WatchOS.platform/Developer/SDKs/WatchOS27.0.sdk -Os -Xlinker -no_warn_duplicate_libraries -L/Users/tianli/Library/Developer/Xcode/DerivedData/FitCoach-acaaowtqnaruxxgsuqzrckdbihlv/Build/Intermediates.noindex/ArchiveIntermediates/FitCoach/IntermediateBuildFilesPath/EagerLinkingTBDs/Release-watchos -L/Users/tianli/Library/Developer/Xcode/DerivedData/FitCoach-acaaowtqnaruxxgsuqzrckdbihlv/Build/Intermediates.noindex/ArchiveIntermediates/FitCoach/BuildProductsPath/Release-watchos -F/Users/tianli/Library/Developer/Xcode/DerivedData/FitCoach-acaaowtqnaruxxgsuqzrckdbihlv/Build/Intermediates.noindex/ArchiveIntermediates/FitCoach/IntermediateBuildFilesPath/EagerLinkingTBDs/Release-watchos -F/Users/tianli/Library/Developer/Xcode/DerivedData/FitCoach-acaaowtqnaruxxgsuqzrckdbihlv/Build/Intermediates.noindex/ArchiveIntermediates/FitCoach/BuildProductsPath/Release-watchos -filelist /Users/tianli/Library/Developer/Xcode/DerivedData/FitCoach-acaaowtqnaruxxgsuqzrckdbihlv/Build/Intermediates.noindex/ArchiveIntermediates/FitCoach/IntermediateBuildFilesPath/FitCoach.build/Release-watchos/FitCoachWatchWidget.build/Objects-normal/arm64_32/FitCoachWatchWidget.LinkFileList -Xlinker -rpath -Xlinker /usr/lib/swift -Xlinker -rpath -Xlinker @executable_path/Frameworks -Xlinker -rpath -Xlinker @executable_path/../../Frameworks -Xlinker -dead_strip -Xlinker -object_path_lto -Xlinker /Users/tianli/Library/Developer/Xcode/DerivedData/FitCoach-acaaowtqnaruxxgsuqzrckdbihlv/Build/Intermediates.noindex/ArchiveIntermediates/FitCoach/IntermediateBuildFilesPath/FitCoach.build/Release-watchos/FitCoachWatchWidget.build/Objects-normal/arm64_32/FitCoachWatchWidget_lto.o -Xlinker -dependency_info -Xlinker /Users/tianli/Library/Developer/Xcode/DerivedData/FitCoach-acaaowtqnaruxxgsuqzrckdbihlv/Build/Intermediates.noindex/ArchiveIntermediates/FitCoach/IntermediateBuildFilesPath/FitCoach.build/Release-watchos/FitCoachWatchWidget.build/Objects-normal/arm64_32/FitCoachWatchWidget_dependency_info.dat -e _NSExtensionMain -fapplication-extension -fobjc-link-runtime -L/Applications/Xcode.app/Contents/Developer/Toolchains/XcodeDefault.xctoolchain/usr/lib/swift/watchos -L/usr/lib/swift -Xlinker -add_ast_path -Xlinker /Users/tianli/Library/Developer/Xcode/DerivedData/FitCoach-acaaowtqnaruxxgsuqzrckdbihlv/Build/Intermediates.noindex/ArchiveIntermediates/FitCoach/IntermediateBuildFilesPath/FitCoach.build/Release-watchos/FitCoachWatchWidget.build/Objects-normal/arm64_32/FitCoachWatchWidget.swiftmodule -Xlinker -no_adhoc_codesign -o /Users/tianli/Library/Developer/Xcode/DerivedData/FitCoach-acaaowtqnaruxxgsuqzrckdbihlv/Build/Intermediates.noindex/ArchiveIntermediates/FitCoach/IntermediateBuildFilesPath/FitCoach.build/Release-watchos/FitCoachWatchWidget.build/Objects-normal/arm64_32/Binary/FitCoachWatchWidget

Ld /Users/tianli/Library/Developer/Xcode/DerivedData/FitCoach-acaaowtqnaruxxgsuqzrckdbihlv/Build/Intermediates.noindex/ArchiveIntermediates/FitCoach/IntermediateBuildFilesPath/FitCoach.build/Release-watchos/FitCoachWatchWidget.build/Objects-normal/arm64/Binary/FitCoachWatchWidget normal arm64 (in target 'FitCoachWatchWidget' from project 'FitCoach')
    cd /Users/tianli/Apps/fitcoach/ios/01-源程序
    /Applications/Xcode.app/Contents/Developer/Toolchains/XcodeDefault.xctoolchain/usr/bin/clang -Xlinker -reproducible -target arm64-apple-watchos11.0 -isysroot /Applications/Xcode.app/Contents/Developer/Platforms/WatchOS.platform/Developer/SDKs/WatchOS27.0.sdk -Os -Xlinker -no_warn_duplicate_libraries -L/Users/tianli/Library/Developer/Xcode/DerivedData/FitCoach-acaaowtqnaruxxgsuqzrckdbihlv/Build/Intermediates.noindex/ArchiveIntermediates/FitCoach/IntermediateBuildFilesPath/EagerLinkingTBDs/Release-watchos -L/Users/tianli/Library/Developer/Xcode/DerivedData/FitCoach-acaaowtqnaruxxgsuqzrckdbihlv/Build/Intermediates.noindex/ArchiveIntermediates/FitCoach/BuildProductsPath/Release-watchos -F/Users/tianli/Library/Developer/Xcode/DerivedData/FitCoach-acaaowtqnaruxxgsuqzrckdbihlv/Build/Intermediates.noindex/ArchiveIntermediates/FitCoach/IntermediateBuildFilesPath/EagerLinkingTBDs/Release-watchos -F/Users/tianli/Library/Developer/Xcode/DerivedData/FitCoach-acaaowtqnaruxxgsuqzrckdbihlv/Build/Intermediates.noindex/ArchiveIntermediates/FitCoach/BuildProductsPath/Release-watchos -filelist /Users/tianli/Library/Developer/Xcode/DerivedData/FitCoach-acaaowtqnaruxxgsuqzrckdbihlv/Build/Intermediates.noindex/ArchiveIntermediates/FitCoach/IntermediateBuildFilesPath/FitCoach.build/Release-watchos/FitCoachWatchWidget.build/Objects-normal/arm64/FitCoachWatchWidget.LinkFileList -Xlinker -rpath -Xlinker /usr/lib/swift -Xlinker -rpath -Xlinker @executable_path/Frameworks -Xlinker -rpath -Xlinker @executable_path/../../Frameworks -Xlinker -dead_strip -Xlinker -object_path_lto -Xlinker /Users/tianli/Library/Developer/Xcode/DerivedData/FitCoach-acaaowtqnaruxxgsuqzrckdbihlv/Build/Intermediates.noindex/ArchiveIntermediates/FitCoach/IntermediateBuildFilesPath/FitCoach.build/Release-watchos/FitCoachWatchWidget.build/Objects-normal/arm64/FitCoachWatchWidget_lto.o -Xlinker -dependency_info -Xlinker /Users/tianli/Library/Developer/Xcode/DerivedData/FitCoach-acaaowtqnaruxxgsuqzrckdbihlv/Build/Intermediates.noindex/ArchiveIntermediates/FitCoach/IntermediateBuildFilesPath/FitCoach.build/Release-watchos/FitCoachWatchWidget.build/Objects-normal/arm64/FitCoachWatchWidget_dependency_info.dat -e _NSExtensionMain -fapplication-extension -fobjc-link-runtime -L/Applications/Xcode.app/Contents/Developer/Toolchains/XcodeDefault.xctoolchain/usr/lib/swift/watchos -L/usr/lib/swift -Xlinker -add_ast_path -Xlinker /Users/tianli/Library/Developer/Xcode/DerivedData/FitCoach-acaaowtqnaruxxgsuqzrckdbihlv/Build/Intermediates.noindex/ArchiveIntermediates/FitCoach/IntermediateBuildFilesPath/FitCoach.build/Release-watchos/FitCoachWatchWidget.build/Objects-normal/arm64/FitCoachWatchWidget.swiftmodule -Xlinker -no_adhoc_codesign -o /Users/tianli/Library/Developer/Xcode/DerivedData/FitCoach-acaaowtqnaruxxgsuqzrckdbihlv/Build/Intermediates.noindex/ArchiveIntermediates/FitCoach/IntermediateBuildFilesPath/FitCoach.build/Release-watchos/FitCoachWatchWidget.build/Objects-normal/arm64/Binary/FitCoachWatchWidget

ProcessProductPackaging /Users/tianli/Library/Developer/Xcode/UserData/Provisioning\ Profiles/191f22e4-5b4f-452c-b24c-782a206475f9.mobileprovision /Users/tianli/Library/Developer/Xcode/DerivedData/FitCoach-acaaowtqnaruxxgsuqzrckdbihlv/Build/Intermediates.noindex/ArchiveIntermediates/FitCoach/IntermediateBuildFilesPath/UninstalledProducts/watchos/FitCoachWatch.app/embedded.mobileprovision (in target 'FitCoachWatch' from project 'FitCoach')
    cd /Users/tianli/Apps/fitcoach/ios/01-源程序
    builtin-productPackagingUtility /Users/tianli/Library/Developer/Xcode/UserData/Provisioning\ Profiles/191f22e4-5b4f-452c-b24c-782a206475f9.mobileprovision -o /Users/tianli/Library/Developer/Xcode/DerivedData/FitCoach-acaaowtqnaruxxgsuqzrckdbihlv/Build/Intermediates.noindex/ArchiveIntermediates/FitCoach/IntermediateBuildFilesPath/UninstalledProducts/watchos/FitCoachWatch.app/embedded.mobileprovision

ProcessProductPackaging /Users/tianli/Apps/fitcoach/ios/01-源程序/Watch.entitlements /Users/tianli/Library/Developer/Xcode/DerivedData/FitCoach-acaaowtqnaruxxgsuqzrckdbihlv/Build/Intermediates.noindex/ArchiveIntermediates/FitCoach/IntermediateBuildFilesPath/FitCoach.build/Release-watchos/FitCoachWatch.build/FitCoachWatch.app.xcent (in target 'FitCoachWatch' from project 'FitCoach')
    cd /Users/tianli/Apps/fitcoach/ios/01-源程序
    
    Entitlements:
    
    {
    "application-identifier" = "B9LJH93LA4.cyou.tianli.fitcoachapp.watchkitapp";
    "com.apple.developer.team-identifier" = B9LJH93LA4;
    "get-task-allow" = 1;
    "keychain-access-groups" =     (
        "B9LJH93LA4.cyou.tianli.fitcoachapp.watch"
    );
}
    
    builtin-productPackagingUtility /Users/tianli/Apps/fitcoach/ios/01-源程序/Watch.entitlements -entitlements -format xml -o /Users/tianli/Library/Developer/Xcode/DerivedData/FitCoach-acaaowtqnaruxxgsuqzrckdbihlv/Build/Intermediates.noindex/ArchiveIntermediates/FitCoach/IntermediateBuildFilesPath/FitCoach.build/Release-watchos/FitCoachWatch.build/FitCoachWatch.app.xcent

ProcessProductPackagingDER /Users/tianli/Library/Developer/Xcode/DerivedData/FitCoach-acaaowtqnaruxxgsuqzrckdbihlv/Build/Intermediates.noindex/ArchiveIntermediates/FitCoach/IntermediateBuildFilesPath/FitCoach.build/Release-watchos/FitCoachWatch.build/FitCoachWatch.app.xcent /Users/tianli/Library/Developer/Xcode/DerivedData/FitCoach-acaaowtqnaruxxgsuqzrckdbihlv/Build/Intermediates.noindex/ArchiveIntermediates/FitCoach/IntermediateBuildFilesPath/FitCoach.build/Release-watchos/FitCoachWatch.build/FitCoachWatch.app.xcent.der (in target 'FitCoachWatch' from project 'FitCoach')
    cd /Users/tianli/Apps/fitcoach/ios/01-源程序
    /usr/bin/derq query -f xml -i /Users/tianli/Library/Developer/Xcode/DerivedData/FitCoach-acaaowtqnaruxxgsuqzrckdbihlv/Build/Intermediates.noindex/ArchiveIntermediates/FitCoach/IntermediateBuildFilesPath/FitCoach.build/Release-watchos/FitCoachWatch.build/FitCoachWatch.app.xcent -o /Users/tianli/Library/Developer/Xcode/DerivedData/FitCoach-acaaowtqnaruxxgsuqzrckdbihlv/Build/Intermediates.noindex/ArchiveIntermediates/FitCoach/IntermediateBuildFilesPath/FitCoach.build/Release-watchos/FitCoachWatch.build/FitCoachWatch.app.xcent.der --raw

MkDir /Users/tianli/Library/Developer/Xcode/DerivedData/FitCoach-acaaowtqnaruxxgsuqzrckdbihlv/Build/Intermediates.noindex/ArchiveIntermediates/FitCoach/IntermediateBuildFilesPath/FitCoach.build/Release-watchos/FitCoachWatch.build/assetcatalog_output/unthinned (in target 'FitCoachWatch' from project 'FitCoach')
    cd /Users/tianli/Apps/fitcoach/ios/01-源程序
    /bin/mkdir -p /Users/tianli/Library/Developer/Xcode/DerivedData/FitCoach-acaaowtqnaruxxgsuqzrckdbihlv/Build/Intermediates.noindex/ArchiveIntermediates/FitCoach/IntermediateBuildFilesPath/FitCoach.build/Release-watchos/FitCoachWatch.build/assetcatalog_output/unthinned

MkDir /Users/tianli/Library/Developer/Xcode/DerivedData/FitCoach-acaaowtqnaruxxgsuqzrckdbihlv/Build/Intermediates.noindex/ArchiveIntermediates/FitCoach/IntermediateBuildFilesPath/FitCoach.build/Release-watchos/FitCoachWatch.build/assetcatalog_output/thinned (in target 'FitCoachWatch' from project 'FitCoach')
    cd /Users/tianli/Apps/fitcoach/ios/01-源程序
    /bin/mkdir -p /Users/tianli/Library/Developer/Xcode/DerivedData/FitCoach-acaaowtqnaruxxgsuqzrckdbihlv/Build/Intermediates.noindex/ArchiveIntermediates/FitCoach/IntermediateBuildFilesPath/FitCoach.build/Release-watchos/FitCoachWatch.build/assetcatalog_output/thinned

GenerateAssetSymbols /Users/tianli/Apps/fitcoach/ios/01-源程序/Resources/Assets.xcassets (in target 'FitCoachWatch' from project 'FitCoach')
    cd /Users/tianli/Apps/fitcoach/ios/01-源程序
    /Applications/Xcode.app/Contents/Developer/usr/bin/actool /Users/tianli/Apps/fitcoach/ios/01-源程序/Resources/Assets.xcassets --compile /Users/tianli/Library/Developer/Xcode/DerivedData/FitCoach-acaaowtqnaruxxgsuqzrckdbihlv/Build/Intermediates.noindex/ArchiveIntermediates/FitCoach/IntermediateBuildFilesPath/UninstalledProducts/watchos/FitCoachWatch.app --output-format human-readable-text --notices --warnings --export-dependency-info /Users/tianli/Library/Developer/Xcode/DerivedData/FitCoach-acaaowtqnaruxxgsuqzrckdbihlv/Build/Intermediates.noindex/ArchiveIntermediates/FitCoach/IntermediateBuildFilesPath/FitCoach.build/Release-watchos/FitCoachWatch.build/assetcatalog_dependencies --output-partial-info-plist /Users/tianli/Library/Developer/Xcode/DerivedData/FitCoach-acaaowtqnaruxxgsuqzrckdbihlv/Build/Intermediates.noindex/ArchiveIntermediates/FitCoach/IntermediateBuildFilesPath/FitCoach.build/Release-watchos/FitCoachWatch.build/assetcatalog_generated_info.plist --app-icon AppIcon --accent-color AccentColor --compress-pngs --enable-on-demand-resources YES --development-region en --target-device watch --minimum-deployment-target 11.0 --platform watchos --bundle-identifier cyou.tianli.fitcoachapp.watchkitapp --generate-swift-asset-symbol-extensions NO --generate-swift-asset-symbols /Users/tianli/Library/Developer/Xcode/DerivedData/FitCoach-acaaowtqnaruxxgsuqzrckdbihlv/Build/Intermediates.noindex/ArchiveIntermediates/FitCoach/IntermediateBuildFilesPath/FitCoach.build/Release-watchos/FitCoachWatch.build/DerivedSources/GeneratedAssetSymbols.swift --generate-objc-asset-symbols /Users/tianli/Library/Developer/Xcode/DerivedData/FitCoach-acaaowtqnaruxxgsuqzrckdbihlv/Build/Intermediates.noindex/ArchiveIntermediates/FitCoach/IntermediateBuildFilesPath/FitCoach.build/Release-watchos/FitCoachWatch.build/DerivedSources/GeneratedAssetSymbols.h --generate-asset-symbol-index /Users/tianli/Library/Developer/Xcode/DerivedData/FitCoach-acaaowtqnaruxxgsuqzrckdbihlv/Build/Intermediates.noindex/ArchiveIntermediates/FitCoach/IntermediateBuildFilesPath/FitCoach.build/Release-watchos/FitCoachWatch.build/DerivedSources/GeneratedAssetSymbols-Index.plist
/* com.apple.actool.compilation-results */
/Users/tianli/Library/Developer/Xcode/DerivedData/FitCoach-acaaowtqnaruxxgsuqzrckdbihlv/Build/Intermediates.noindex/ArchiveIntermediates/FitCoach/IntermediateBuildFilesPath/FitCoach.build/Release-watchos/FitCoachWatch.build/DerivedSources/GeneratedAssetSymbols-Index.plist
/Users/tianli/Library/Developer/Xcode/DerivedData/FitCoach-acaaowtqnaruxxgsuqzrckdbihlv/Build/Intermediates.noindex/ArchiveIntermediates/FitCoach/IntermediateBuildFilesPath/FitCoach.build/Release-watchos/FitCoachWatch.build/DerivedSources/GeneratedAssetSymbols.h
/Users/tianli/Library/Developer/Xcode/DerivedData/FitCoach-acaaowtqnaruxxgsuqzrckdbihlv/Build/Intermediates.noindex/ArchiveIntermediates/FitCoach/IntermediateBuildFilesPath/FitCoach.build/Release-watchos/FitCoachWatch.build/DerivedSources/GeneratedAssetSymbols.swift


CompileAssetCatalogVariant thinned /Users/tianli/Library/Developer/Xcode/DerivedData/FitCoach-acaaowtqnaruxxgsuqzrckdbihlv/Build/Intermediates.noindex/ArchiveIntermediates/FitCoach/IntermediateBuildFilesPath/UninstalledProducts/watchos/FitCoachWatch.app /Users/tianli/Apps/fitcoach/ios/01-源程序/Resources/Assets.xcassets (in target 'FitCoachWatch' from project 'FitCoach')
    cd /Users/tianli/Apps/fitcoach/ios/01-源程序
    /Applications/Xcode.app/Contents/Developer/usr/bin/actool /Users/tianli/Apps/fitcoach/ios/01-源程序/Resources/Assets.xcassets --compile /Users/tianli/Library/Developer/Xcode/DerivedData/FitCoach-acaaowtqnaruxxgsuqzrckdbihlv/Build/Intermediates.noindex/ArchiveIntermediates/FitCoach/IntermediateBuildFilesPath/FitCoach.build/Release-watchos/FitCoachWatch.build/assetcatalog_output/thinned --output-format human-readable-text --notices --warnings --export-dependency-info /Users/tianli/Library/Developer/Xcode/DerivedData/FitCoach-acaaowtqnaruxxgsuqzrckdbihlv/Build/Intermediates.noindex/ArchiveIntermediates/FitCoach/IntermediateBuildFilesPath/FitCoach.build/Release-watchos/FitCoachWatch.build/assetcatalog_dependencies_thinned --output-partial-info-plist /Users/tianli/Library/Developer/Xcode/DerivedData/FitCoach-acaaowtqnaruxxgsuqzrckdbihlv/Build/Intermediates.noindex/ArchiveIntermediates/FitCoach/IntermediateBuildFilesPath/FitCoach.build/Release-watchos/FitCoachWatch.build/assetcatalog_generated_info.plist_thinned --app-icon AppIcon --accent-color AccentColor --compress-pngs --enable-on-demand-resources YES --development-region en --target-device watch --minimum-deployment-target 11.0 --platform watchos
/* com.apple.actool.compilation-results */
/Users/tianli/Library/Developer/Xcode/DerivedData/FitCoach-acaaowtqnaruxxgsuqzrckdbihlv/Build/Intermediates.noindex/ArchiveIntermediates/FitCoach/IntermediateBuildFilesPath/FitCoach.build/Release-watchos/FitCoachWatch.build/assetcatalog_generated_info.plist_thinned
/Users/tianli/Library/Developer/Xcode/DerivedData/FitCoach-acaaowtqnaruxxgsuqzrckdbihlv/Build/Intermediates.noindex/ArchiveIntermediates/FitCoach/IntermediateBuildFilesPath/FitCoach.build/Release-watchos/FitCoachWatch.build/assetcatalog_output/thinned/Assets.car


SwiftDriver FitCoachWatch normal arm64 com.apple.xcode.tools.swift.compiler (in target 'FitCoachWatch' from project 'FitCoach')
    cd /Users/tianli/Apps/fitcoach/ios/01-源程序
    builtin-SwiftDriver -- /Applications/Xcode.app/Contents/Developer/Toolchains/XcodeDefault.xctoolchain/usr/bin/swiftc -module-name FitCoachWatch -O -whole-module-optimization @/Users/tianli/Library/Developer/Xcode/DerivedData/FitCoach-acaaowtqnaruxxgsuqzrckdbihlv/Build/Intermediates.noindex/ArchiveIntermediates/FitCoach/IntermediateBuildFilesPath/FitCoach.build/Release-watchos/FitCoachWatch.build/Objects-normal/arm64/FitCoachWatch.SwiftFileList -enable-bare-slash-regex -enable-experimental-feature DebugDescriptionMacro -sdk /Applications/Xcode.app/Contents/Developer/Platforms/WatchOS.platform/Developer/SDKs/WatchOS27.0.sdk -target arm64-apple-watchos11.0 -g -module-cache-path /Users/tianli/Library/Developer/Xcode/DerivedData/ModuleCache.noindex -Xfrontend -serialize-debugging-options -swift-version 5 -I /Users/tianli/Library/Developer/Xcode/DerivedData/FitCoach-acaaowtqnaruxxgsuqzrckdbihlv/Build/Intermediates.noindex/ArchiveIntermediates/FitCoach/BuildProductsPath/Release-watchos -F /Users/tianli/Library/Developer/Xcode/DerivedData/FitCoach-acaaowtqnaruxxgsuqzrckdbihlv/Build/Intermediates.noindex/ArchiveIntermediates/FitCoach/BuildProductsPath/Release-watchos -c -num-threads 10 -output-file-map /Users/tianli/Library/Developer/Xcode/DerivedData/FitCoach-acaaowtqnaruxxgsuqzrckdbihlv/Build/Intermediates.noindex/ArchiveIntermediates/FitCoach/IntermediateBuildFilesPath/FitCoach.build/Release-watchos/FitCoachWatch.build/Objects-normal/arm64/FitCoachWatch-OutputFileMap.json -save-temps -no-color-diagnostics -explicit-module-build -module-cache-path /Users/tianli/Library/Developer/Xcode/DerivedData/FitCoach-acaaowtqnaruxxgsuqzrckdbihlv/Build/Intermediates.noindex/ArchiveIntermediates/FitCoach/IntermediateBuildFilesPath/SwiftExplicitPrecompiledModules -clang-scanner-module-cache-path /Users/tianli/Library/Developer/Xcode/DerivedData/ModuleCache.noindex -sdk-module-cache-path /Users/tianli/Library/Developer/Xcode/DerivedData/SDKExplicitPrecompiledModules -emit-dependencies -emit-module -emit-module-path /Users/tianli/Library/Developer/Xcode/DerivedData/FitCoach-acaaowtqnaruxxgsuqzrckdbihlv/Build/Intermediates.noindex/ArchiveIntermediates/FitCoach/IntermediateBuildFilesPath/FitCoach.build/Release-watchos/FitCoachWatch.build/Objects-normal/arm64/FitCoachWatch.swiftmodule -serialize-diagnostics -dependency-scan-serialize-diagnostics-path /Users/tianli/Library/Developer/Xcode/DerivedData/FitCoach-acaaowtqnaruxxgsuqzrckdbihlv/Build/Intermediates.noindex/ArchiveIntermediates/FitCoach/IntermediateBuildFilesPath/FitCoach.build/Release-watchos/FitCoachWatch.build/Objects-normal/arm64/FitCoachWatch-dependency-scan.dia -validate-clang-modules-once -clang-build-session-file /Users/tianli/Library/Developer/Xcode/DerivedData/ModuleCache.noindex/Session.modulevalidation -Xcc -fmodules-prune-interval\=86400 -Xcc -fmodules-prune-after\=345600 -emit-const-values -const-gather-protocols-list /Users/tianli/Library/Developer/Xcode/DerivedData/FitCoach-acaaowtqnaruxxgsuqzrckdbihlv/Build/Intermediates.noindex/ArchiveIntermediates/FitCoach/IntermediateBuildFilesPath/FitCoach.build/Release-watchos/FitCoachWatch.build/Objects-normal/arm64/FitCoachWatch_const_extract_protocols.json -Xcc -iquote -Xcc /Users/tianli/Library/Developer/Xcode/DerivedData/FitCoach-acaaowtqnaruxxgsuqzrckdbihlv/Build/Intermediates.noindex/ArchiveIntermediates/FitCoach/IntermediateBuildFilesPath/FitCoach.build/Release-watchos/FitCoachWatch.build/FitCoachWatch-generated-files.hmap -Xcc -I/Users/tianli/Library/Developer/Xcode/DerivedData/FitCoach-acaaowtqnaruxxgsuqzrckdbihlv/Build/Intermediates.noindex/ArchiveIntermediates/FitCoach/IntermediateBuildFilesPath/FitCoach.build/Release-watchos/FitCoachWatch.build/FitCoachWatch-own-target-headers.hmap -Xcc -I/Users/tianli/Library/Developer/Xcode/DerivedData/FitCoach-acaaowtqnaruxxgsuqzrckdbihlv/Build/Intermediates.noindex/ArchiveIntermediates/FitCoach/IntermediateBuildFilesPath/FitCoach.build/Release-watchos/FitCoachWatch.build/FitCoachWatch-all-target-headers.hmap -Xcc -iquote -Xcc /Users/tianli/Library/Developer/Xcode/DerivedData/FitCoach-acaaowtqnaruxxgsuqzrckdbihlv/Build/Intermediates.noindex/ArchiveIntermediates/FitCoach/IntermediateBuildFilesPath/FitCoach.build/Release-watchos/FitCoachWatch.build/FitCoachWatch-project-headers.hmap -Xcc -I/Users/tianli/Library/Developer/Xcode/DerivedData/FitCoach-acaaowtqnaruxxgsuqzrckdbihlv/Build/Intermediates.noindex/ArchiveIntermediates/FitCoach/BuildProductsPath/Release-watchos/include -Xcc -I/Users/tianli/Library/Developer/Xcode/DerivedData/FitCoach-acaaowtqnaruxxgsuqzrckdbihlv/Build/Intermediates.noindex/ArchiveIntermediates/FitCoach/IntermediateBuildFilesPath/FitCoach.build/Release-watchos/FitCoachWatch.build/DerivedSources-normal/arm64 -Xcc -I/Users/tianli/Library/Developer/Xcode/DerivedData/FitCoach-acaaowtqnaruxxgsuqzrckdbihlv/Build/Intermediates.noindex/ArchiveIntermediates/FitCoach/IntermediateBuildFilesPath/FitCoach.build/Release-watchos/FitCoachWatch.build/DerivedSources/arm64 -Xcc -I/Users/tianli/Library/Developer/Xcode/DerivedData/FitCoach-acaaowtqnaruxxgsuqzrckdbihlv/Build/Intermediates.noindex/ArchiveIntermediates/FitCoach/IntermediateBuildFilesPath/FitCoach.build/Release-watchos/FitCoachWatch.build/DerivedSources -emit-objc-header -emit-objc-header-path /Users/tianli/Library/Developer/Xcode/DerivedData/FitCoach-acaaowtqnaruxxgsuqzrckdbihlv/Build/Intermediates.noindex/ArchiveIntermediates/FitCoach/IntermediateBuildFilesPath/FitCoach.build/Release-watchos/FitCoachWatch.build/Objects-normal/arm64/FitCoachWatch-Swift.h -working-directory /Users/tianli/Apps/fitcoach/ios/01-源程序 -no-emit-module-separately-wmo

SwiftDriver FitCoachWatch normal arm64_32 com.apple.xcode.tools.swift.compiler (in target 'FitCoachWatch' from project 'FitCoach')
    cd /Users/tianli/Apps/fitcoach/ios/01-源程序
    builtin-SwiftDriver -- /Applications/Xcode.app/Contents/Developer/Toolchains/XcodeDefault.xctoolchain/usr/bin/swiftc -module-name FitCoachWatch -O -whole-module-optimization @/Users/tianli/Library/Developer/Xcode/DerivedData/FitCoach-acaaowtqnaruxxgsuqzrckdbihlv/Build/Intermediates.noindex/ArchiveIntermediates/FitCoach/IntermediateBuildFilesPath/FitCoach.build/Release-watchos/FitCoachWatch.build/Objects-normal/arm64_32/FitCoachWatch.SwiftFileList -enable-bare-slash-regex -enable-experimental-feature DebugDescriptionMacro -sdk /Applications/Xcode.app/Contents/Developer/Platforms/WatchOS.platform/Developer/SDKs/WatchOS27.0.sdk -target arm64_32-apple-watchos11.0 -g -module-cache-path /Users/tianli/Library/Developer/Xcode/DerivedData/ModuleCache.noindex -Xfrontend -serialize-debugging-options -swift-version 5 -I /Users/tianli/Library/Developer/Xcode/DerivedData/FitCoach-acaaowtqnaruxxgsuqzrckdbihlv/Build/Intermediates.noindex/ArchiveIntermediates/FitCoach/BuildProductsPath/Release-watchos -F /Users/tianli/Library/Developer/Xcode/DerivedData/FitCoach-acaaowtqnaruxxgsuqzrckdbihlv/Build/Intermediates.noindex/ArchiveIntermediates/FitCoach/BuildProductsPath/Release-watchos -c -num-threads 10 -output-file-map /Users/tianli/Library/Developer/Xcode/DerivedData/FitCoach-acaaowtqnaruxxgsuqzrckdbihlv/Build/Intermediates.noindex/ArchiveIntermediates/FitCoach/IntermediateBuildFilesPath/FitCoach.build/Release-watchos/FitCoachWatch.build/Objects-normal/arm64_32/FitCoachWatch-OutputFileMap.json -save-temps -no-color-diagnostics -explicit-module-build -module-cache-path /Users/tianli/Library/Developer/Xcode/DerivedData/FitCoach-acaaowtqnaruxxgsuqzrckdbihlv/Build/Intermediates.noindex/ArchiveIntermediates/FitCoach/IntermediateBuildFilesPath/SwiftExplicitPrecompiledModules -clang-scanner-module-cache-path /Users/tianli/Library/Developer/Xcode/DerivedData/ModuleCache.noindex -sdk-module-cache-path /Users/tianli/Library/Developer/Xcode/DerivedData/SDKExplicitPrecompiledModules -emit-dependencies -emit-module -emit-module-path /Users/tianli/Library/Developer/Xcode/DerivedData/FitCoach-acaaowtqnaruxxgsuqzrckdbihlv/Build/Intermediates.noindex/ArchiveIntermediates/FitCoach/IntermediateBuildFilesPath/FitCoach.build/Release-watchos/FitCoachWatch.build/Objects-normal/arm64_32/FitCoachWatch.swiftmodule -serialize-diagnostics -dependency-scan-serialize-diagnostics-path /Users/tianli/Library/Developer/Xcode/DerivedData/FitCoach-acaaowtqnaruxxgsuqzrckdbihlv/Build/Intermediates.noindex/ArchiveIntermediates/FitCoach/IntermediateBuildFilesPath/FitCoach.build/Release-watchos/FitCoachWatch.build/Objects-normal/arm64_32/FitCoachWatch-dependency-scan.dia -validate-clang-modules-once -clang-build-session-file /Users/tianli/Library/Developer/Xcode/DerivedData/ModuleCache.noindex/Session.modulevalidation -Xcc -fmodules-prune-interval\=86400 -Xcc -fmodules-prune-after\=345600 -emit-const-values -const-gather-protocols-list /Users/tianli/Library/Developer/Xcode/DerivedData/FitCoach-acaaowtqnaruxxgsuqzrckdbihlv/Build/Intermediates.noindex/ArchiveIntermediates/FitCoach/IntermediateBuildFilesPath/FitCoach.build/Release-watchos/FitCoachWatch.build/Objects-normal/arm64_32/FitCoachWatch_const_extract_protocols.json -Xcc -iquote -Xcc /Users/tianli/Library/Developer/Xcode/DerivedData/FitCoach-acaaowtqnaruxxgsuqzrckdbihlv/Build/Intermediates.noindex/ArchiveIntermediates/FitCoach/IntermediateBuildFilesPath/FitCoach.build/Release-watchos/FitCoachWatch.build/FitCoachWatch-generated-files.hmap -Xcc -I/Users/tianli/Library/Developer/Xcode/DerivedData/FitCoach-acaaowtqnaruxxgsuqzrckdbihlv/Build/Intermediates.noindex/ArchiveIntermediates/FitCoach/IntermediateBuildFilesPath/FitCoach.build/Release-watchos/FitCoachWatch.build/FitCoachWatch-own-target-headers.hmap -Xcc -I/Users/tianli/Library/Developer/Xcode/DerivedData/FitCoach-acaaowtqnaruxxgsuqzrckdbihlv/Build/Intermediates.noindex/ArchiveIntermediates/FitCoach/IntermediateBuildFilesPath/FitCoach.build/Release-watchos/FitCoachWatch.build/FitCoachWatch-all-target-headers.hmap -Xcc -iquote -Xcc /Users/tianli/Library/Developer/Xcode/DerivedData/FitCoach-acaaowtqnaruxxgsuqzrckdbihlv/Build/Intermediates.noindex/ArchiveIntermediates/FitCoach/IntermediateBuildFilesPath/FitCoach.build/Release-watchos/FitCoachWatch.build/FitCoachWatch-project-headers.hmap -Xcc -I/Users/tianli/Library/Developer/Xcode/DerivedData/FitCoach-acaaowtqnaruxxgsuqzrckdbihlv/Build/Intermediates.noindex/ArchiveIntermediates/FitCoach/BuildProductsPath/Release-watchos/include -Xcc -I/Users/tianli/Library/Developer/Xcode/DerivedData/FitCoach-acaaowtqnaruxxgsuqzrckdbihlv/Build/Intermediates.noindex/ArchiveIntermediates/FitCoach/IntermediateBuildFilesPath/FitCoach.build/Release-watchos/FitCoachWatch.build/DerivedSources-normal/arm64_32 -Xcc -I/Users/tianli/Library/Developer/Xcode/DerivedData/FitCoach-acaaowtqnaruxxgsuqzrckdbihlv/Build/Intermediates.noindex/ArchiveIntermediates/FitCoach/IntermediateBuildFilesPath/FitCoach.build/Release-watchos/FitCoachWatch.build/DerivedSources/arm64_32 -Xcc -I/Users/tianli/Library/Developer/Xcode/DerivedData/FitCoach-acaaowtqnaruxxgsuqzrckdbihlv/Build/Intermediates.noindex/ArchiveIntermediates/FitCoach/IntermediateBuildFilesPath/FitCoach.build/Release-watchos/FitCoachWatch.build/DerivedSources -emit-objc-header -emit-objc-header-path /Users/tianli/Library/Developer/Xcode/DerivedData/FitCoach-acaaowtqnaruxxgsuqzrckdbihlv/Build/Intermediates.noindex/ArchiveIntermediates/FitCoach/IntermediateBuildFilesPath/FitCoach.build/Release-watchos/FitCoachWatch.build/Objects-normal/arm64_32/FitCoachWatch-Swift.h -working-directory /Users/tianli/Apps/fitcoach/ios/01-源程序 -no-emit-module-separately-wmo

SwiftCompile normal arm64_32 Compiling\ ComplicationGallery.swift,\ ComplicationViews.swift,\ FitCoachWatchApp.swift,\ LaneSignal.swift,\ Models.swift,\ PlatformCompat.swift,\ RemoteUI.swift,\ SnapshotStore.swift,\ TimeKit.swift,\ WatchHomeView.swift,\ WatchModel.swift,\ WatchSnapshot.swift,\ GeneratedAssetSymbols.swift /Users/tianli/Apps/fitcoach/ios/01-源程序/Watch/ComplicationGallery.swift /Users/tianli/Apps/fitcoach/ios/01-源程序/Watch/ComplicationViews.swift /Users/tianli/Apps/fitcoach/ios/01-源程序/Watch/FitCoachWatchApp.swift /Users/tianli/Apps/fitcoach/ios/01-源程序/Shared/LaneSignal.swift /Users/tianli/Apps/fitcoach/ios/01-源程序/Sources/Models.swift /Users/tianli/Apps/fitcoach/ios/01-源程序/Shared/PlatformCompat.swift /Users/tianli/Apps/fitcoach/ios/01-源程序/Shared/RemoteUI.swift /Users/tianli/Apps/fitcoach/ios/01-源程序/Watch/SnapshotStore.swift /Users/tianli/Apps/fitcoach/ios/01-源程序/Sources/TimeKit.swift /Users/tianli/Apps/fitcoach/ios/01-源程序/Watch/WatchHomeView.swift /Users/tianli/Apps/fitcoach/ios/01-源程序/Watch/WatchModel.swift /Users/tianli/Apps/fitcoach/ios/01-源程序/Sources/WatchSnapshot.swift /Users/tianli/Library/Developer/Xcode/DerivedData/FitCoach-acaaowtqnaruxxgsuqzrckdbihlv/Build/Intermediates.noindex/ArchiveIntermediates/FitCoach/IntermediateBuildFilesPath/FitCoach.build/Release-watchos/FitCoachWatch.build/DerivedSources/GeneratedAssetSymbols.swift /Applications/Xcode.app/Contents/Developer/Toolchains/XcodeDefault.xctoolchain/usr/lib/swift/watchos/prebuilt-modules/27.0/CoreMotion.swiftmodule/arm64_32-apple-watchos.swiftmodule /Applications/Xcode.app/Contents/Developer/Toolchains/XcodeDefault.xctoolchain/usr/lib/swift/watchos/prebuilt-modules/27.0/CoreFoundation.swiftmodule/arm64_32-apple-watchos.swiftmodule /Applications/Xcode.app/Contents/Developer/Toolchains/XcodeDefault.xctoolchain/usr/lib/swift/watchos/prebuilt-modules/27.0/Accessibility.swiftmodule/arm64_32-apple-watchos.swiftmodule /Applications/Xcode.app/Contents/Developer/Toolchains/XcodeDefault.xctoolchain/usr/lib/swift/watchos/prebuilt-modules/27.0/AppIntentsTypeSupport.swiftmodule/arm64_32-apple-watchos.swiftmodule /Applications/Xcode.app/Contents/Developer/Toolchains/XcodeDefault.xctoolchain/usr/lib/swift/watchos/prebuilt-modules/27.0/WidgetKit.swiftmodule/arm64_32-apple-watchos.swiftmodule /Applications/Xcode.app/Contents/Developer/Toolchains/XcodeDefault.xctoolchain/usr/lib/swift/watchos/prebuilt-modules/27.0/MapKit.swiftmodule/arm64_32-apple-watchos.swiftmodule /Applications/Xcode.app/Contents/Developer/Toolchains/XcodeDefault.xctoolchain/usr/lib/swift/watchos/prebuilt-modules/27.0/RelevanceKit.swiftmodule/arm64_32-apple-watchos.swiftmodule /Applications/Xcode.app/Contents/Developer/Toolchains/XcodeDefault.xctoolchain/usr/lib/swift/watchos/prebuilt-modules/27.0/AppIntents.swiftmodule/arm64_32-apple-watchos.swiftmodule /Applications/Xcode.app/Contents/Developer/Toolchains/XcodeDefault.xctoolchain/usr/lib/swift/watchos/prebuilt-modules/27.0/Intents.swiftmodule/arm64_32-apple-watchos.swiftmodule /Applications/Xcode.app/Contents/Developer/Toolchains/XcodeDefault.xctoolchain/usr/lib/swift/watchos/prebuilt-modules/27.0/Symbols.swiftmodule/arm64_32-apple-watchos.swiftmodule /Applications/Xcode.app/Contents/Developer/Toolchains/XcodeDefault.xctoolchain/usr/lib/swift/watchos/prebuilt-modules/27.0/_Builtin_float.swiftmodule/arm64_32-apple-watchos.swiftmodule /Applications/Xcode.app/Contents/Developer/Toolchains/XcodeDefault.xctoolchain/usr/lib/swift/watchos/prebuilt-modules/27.0/Observation.swiftmodule/arm64_32-apple-watchos.swiftmodule /Applications/Xcode.app/Contents/Developer/Toolchains/XcodeDefault.xctoolchain/usr/lib/swift/watchos/prebuilt-modules/27.0/SwiftUICore.swiftmodule/arm64_32-apple-watchos.swiftmodule /Applications/Xcode.app/Contents/Developer/Toolchains/XcodeDefault.xctoolchain/usr/lib/swift/watchos/prebuilt-modules/27.0/Spatial.swiftmodule/arm64_32-apple-watchos.swiftmodule /Applications/Xcode.app/Contents/Developer/Toolchains/XcodeDefault.xctoolchain/usr/lib/swift/watchos/prebuilt-modules/27.0/DeveloperToolsSupport.swiftmodule/arm64_32-apple-watchos.swiftmodule /Applications/Xcode.app/Contents/Developer/Toolchains/XcodeDefault.xctoolchain/usr/lib/swift/watchos/prebuilt-modules/27.0/_DarwinFoundation2.swiftmodule/arm64_32-apple-watchos.swiftmodule /Applications/Xcode.app/Contents/Developer/Toolchains/XcodeDefault.xctoolchain/usr/lib/swift/watchos/prebuilt-modules/27.0/SwiftUI.swiftmodule/arm64_32-apple-watchos.swiftmodule /Applications/Xcode.app/Contents/Developer/Toolchains/XcodeDefault.xctoolchain/usr/lib/swift/watchos/prebuilt-modules/27.0/UIKit.swiftmodule/arm64_32-apple-watchos.swiftmodule /Applications/Xcode.app/Contents/Developer/Toolchains/XcodeDefault.xctoolchain/usr/lib/swift/watchos/prebuilt-modules/27.0/OSLog.swiftmodule/arm64_32-apple-watchos.swiftmodule /Applications/Xcode.app/Contents/Developer/Toolchains/XcodeDefault.xctoolchain/usr/lib/swift/watchos/prebuilt-modules/27.0/CoreVideo.swiftmodule/arm64_32-apple-watchos.swiftmodule /Applications/Xcode.app/Contents/Developer/Toolchains/XcodeDefault.xctoolchain/usr/lib/swift/watchos/prebuilt-modules/27.0/_StringProcessing.swiftmodule/arm64_32-apple-watchos.swiftmodule /Applications/Xcode.app/Contents/Developer/Toolchains/XcodeDefault.xctoolchain/usr/lib/swift/watchos/prebuilt-modules/27.0/CoreLocation.swiftmodule/arm64_32-apple-watchos.swiftmodule /Applications/Xcode.app/Contents/Developer/Toolchains/XcodeDefault.xctoolchain/usr/lib/swift/watchos/prebuilt-modules/27.0/XPC.swiftmodule/arm64_32-apple-watchos.swiftmodule /Applications/Xcode.app/Contents/Developer/Toolchains/XcodeDefault.xctoolchain/usr/lib/swift/watchos/prebuilt-modules/27.0/ExtensionFoundation.swiftmodule/arm64_32-apple-watchos.swiftmodule /Applications/Xcode.app/Contents/Developer/Toolchains/XcodeDefault.xctoolchain/usr/lib/swift/watchos/prebuilt-modules/27.0/System.swiftmodule/arm64_32-apple-watchos.swiftmodule /Applications/Xcode.app/Contents/Developer/Toolchains/XcodeDefault.xctoolchain/usr/lib/swift/watchos/prebuilt-modules/27.0/_Concurrency.swiftmodule/arm64_32-apple-watchos.swiftmodule /Applications/Xcode.app/Contents/Developer/Toolchains/XcodeDefault.xctoolchain/usr/lib/swift/watchos/prebuilt-modules/27.0/CoreMedia.swiftmodule/arm64_32-apple-watchos.swiftmodule /Applications/Xcode.app/Contents/Developer/Toolchains/XcodeDefault.xctoolchain/usr/lib/swift/watchos/prebuilt-modules/27.0/_DarwinFoundation1.swiftmodule/arm64_32-apple-watchos.swiftmodule /Applications/Xcode.app/Contents/Developer/Toolchains/XcodeDefault.xctoolchain/usr/lib/swift/watchos/prebuilt-modules/27.0/CoreAudio.swiftmodule/arm64_32-apple-watchos.swiftmodule /Applications/Xcode.app/Contents/Developer/Toolchains/XcodeDefault.xctoolchain/usr/lib/swift/watchos/prebuilt-modules/27.0/Dispatch.swiftmodule/arm64_32-apple-watchos.swiftmodule /Applications/Xcode.app/Contents/Developer/Toolchains/XcodeDefault.xctoolchain/usr/lib/swift/watchos/prebuilt-modules/27.0/DataDetection.swiftmodule/arm64_32-apple-watchos.swiftmodule /Applications/Xcode.app/Contents/Developer/Toolchains/XcodeDefault.xctoolchain/usr/lib/swift/watchos/prebuilt-modules/27.0/QuartzCore.swiftmodule/arm64_32-apple-watchos.swiftmodule /Applications/Xcode.app/Contents/Developer/Toolchains/XcodeDefault.xctoolchain/usr/lib/swift/watchos/prebuilt-modules/27.0/UniformTypeIdentifiers.swiftmodule/arm64_32-apple-watchos.swiftmodule /Applications/Xcode.app/Contents/Developer/Toolchains/XcodeDefault.xctoolchain/usr/lib/swift/watchos/prebuilt-modules/27.0/_WatchKit_SwiftUI.swiftmodule/arm64_32-apple-watchos.swiftmodule /Applications/Xcode.app/Contents/Developer/Toolchains/XcodeDefault.xctoolchain/usr/lib/swift/watchos/prebuilt-modules/27.0/Foundation.swiftmodule/arm64_32-apple-watchos.swiftmodule /Applications/Xcode.app/Contents/Developer/Toolchains/XcodeDefault.xctoolchain/usr/lib/swift/watchos/prebuilt-modules/27.0/os.swiftmodule/arm64_32-apple-watchos.swiftmodule /Applications/Xcode.app/Contents/Developer/Toolchains/XcodeDefault.xctoolchain/usr/lib/swift/watchos/prebuilt-modules/27.0/_DarwinFoundation3.swiftmodule/arm64_32-apple-watchos.swiftmodule /Applications/Xcode.app/Contents/Developer/Toolchains/XcodeDefault.xctoolchain/usr/lib/swift/watchos/prebuilt-modules/27.0/Darwin.swiftmodule/arm64_32-apple-watchos.swiftmodule /Applications/Xcode.app/Contents/Developer/Toolchains/XcodeDefault.xctoolchain/usr/lib/swift/watchos/prebuilt-modules/27.0/_AppIntents_SwiftUI.swiftmodule/arm64_32-apple-watchos.swiftmodule /Applications/Xcode.app/Contents/Developer/Toolchains/XcodeDefault.xctoolchain/usr/lib/swift/watchos/prebuilt-modules/27.0/WatchKit.swiftmodule/arm64_32-apple-watchos.swiftmodule /Applications/Xcode.app/Contents/Developer/Toolchains/XcodeDefault.xctoolchain/usr/lib/swift/watchos/prebuilt-modules/27.0/GeoToolbox.swiftmodule/arm64_32-apple-watchos.swiftmodule /Applications/Xcode.app/Contents/Developer/Toolchains/XcodeDefault.xctoolchain/usr/lib/swift/watchos/prebuilt-modules/27.0/simd.swiftmodule/arm64_32-apple-watchos.swiftmodule /Applications/Xcode.app/Contents/Developer/Toolchains/XcodeDefault.xctoolchain/usr/lib/swift/watchos/prebuilt-modules/27.0/SceneKit.swiftmodule/arm64_32-apple-watchos.swiftmodule /Applications/Xcode.app/Contents/Developer/Toolchains/XcodeDefault.xctoolchain/usr/lib/swift/watchos/prebuilt-modules/27.0/CoreGraphics.swiftmodule/arm64_32-apple-watchos.swiftmodule /Applications/Xcode.app/Contents/Developer/Toolchains/XcodeDefault.xctoolchain/usr/lib/swift/watchos/prebuilt-modules/27.0/Combine.swiftmodule/arm64_32-apple-watchos.swiftmodule /Applications/Xcode.app/Contents/Developer/Toolchains/XcodeDefault.xctoolchain/usr/lib/swift/watchos/prebuilt-modules/27.0/Network.swiftmodule/arm64_32-apple-watchos.swiftmodule /Applications/Xcode.app/Contents/Developer/Toolchains/XcodeDefault.xctoolchain/usr/lib/swift/watchos/prebuilt-modules/27.0/CoreTransferable.swiftmodule/arm64_32-apple-watchos.swiftmodule /Applications/Xcode.app/Contents/Developer/Toolchains/XcodeDefault.xctoolchain/usr/lib/swift/watchos/prebuilt-modules/27.0/HomeKit.swiftmodule/arm64_32-apple-watchos.swiftmodule /Applications/Xcode.app/Contents/Developer/Toolchains/XcodeDefault.xctoolchain/usr/lib/swift/watchos/prebuilt-modules/27.0/CoreText.swiftmodule/arm64_32-apple-watchos.swiftmodule /Applications/Xcode.app/Contents/Developer/Toolchains/XcodeDefault.xctoolchain/usr/lib/swift/watchos/prebuilt-modules/27.0/LightweightCodeRequirements.swiftmodule/arm64_32-apple-watchos.swiftmodule /Applications/Xcode.app/Contents/Developer/Toolchains/XcodeDefault.xctoolchain/usr/lib/swift/watchos/prebuilt-modules/27.0/CoreData.swiftmodule/arm64_32-apple-watchos.swiftmodule /Applications/Xcode.app/Contents/Developer/Toolchains/XcodeDefault.xctoolchain/usr/lib/swift/watchos/prebuilt-modules/27.0/ObjectiveC.swiftmodule/arm64_32-apple-watchos.swiftmodule /Applications/Xcode.app/Contents/Developer/Toolchains/XcodeDefault.xctoolchain/usr/lib/swift/watchos/prebuilt-modules/27.0/Swift.swiftmodule/arm64_32-apple-watchos.swiftmodule /Applications/Xcode.app/Contents/Developer/Toolchains/XcodeDefault.xctoolchain/usr/lib/swift/watchos/prebuilt-modules/27.0/Distributed.swiftmodule/arm64_32-apple-watchos.swiftmodule /Users/tianli/Library/Developer/Xcode/DerivedData/SDKExplicitPrecompiledModules/CoreFoundation-DUPZ1JBB6T0K3RA2X39DWEGEI.pcm /Users/tianli/Library/Developer/Xcode/DerivedData/SDKExplicitPrecompiledModules/_Builtin_inttypes-69B5D0FBA1AQSZ7N3SVIA7661.pcm /Users/tianli/Library/Developer/Xcode/DerivedData/SDKExplicitPrecompiledModules/ptrauth-AEJMQLEOENP7RB989SH3W7KTC.pcm /Users/tianli/Library/Developer/Xcode/DerivedData/SDKExplicitPrecompiledModules/SceneKit-AY5NPAGZP0CO05DMDLFCYTQVG.pcm /Users/tianli/Library/Developer/Xcode/DerivedData/SDKExplicitPrecompiledModules/UserNotifications-2G559A09Z2VB4FB9X6679YJ36.pcm /Users/tianli/Library/Developer/Xcode/DerivedData/SDKExplicitPrecompiledModules/_Builtin_stdbool-CMEYTEZRJY0AX4CXP8BQ7UGPQ.pcm /Users/tianli/Library/Developer/Xcode/DerivedData/SDKExplicitPrecompiledModules/HomeKit-4HEUWNT38051Q0R3T1LK8CV37.pcm /Users/tianli/Library/Developer/Xcode/DerivedData/SDKExplicitPrecompiledModules/Intents-DYG0BO7SWPYGJZ7ER0LNPTWLD.pcm /Users/tianli/Library/Developer/Xcode/DerivedData/SDKExplicitPrecompiledModules/dnssd-D9YMVQN57130VO31LB1SIPQZ3.pcm /Users/tianli/Library/Developer/Xcode/DerivedData/SDKExplicitPrecompiledModules/_Builtin_stdatomic-CGA6CRPXHNZ3CE0ZP518C8UVD.pcm /Users/tianli/Library/Developer/Xcode/DerivedData/SDKExplicitPrecompiledModules/os_object-3JN9CUORYB58KVH8QXSGKWPSE.pcm /Users/tianli/Library/Developer/Xcode/DerivedData/SDKExplicitPrecompiledModules/_DarwinFoundation1-7Y2V1HYORT66DE5UNM5BPR3ZY.pcm /Users/tianli/Library/Developer/Xcode/DerivedData/SDKExplicitPrecompiledModules/CoreMedia-4RJP4900IJSK4FWB5UWGXJ21H.pcm /Users/tianli/Library/Developer/Xcode/DerivedData/SDKExplicitPrecompiledModules/Security-5NKLNKMDT7R6X0LK27NDFB59P.pcm /Users/tianli/Library/Developer/Xcode/DerivedData/SDKExplicitPrecompiledModules/_Builtin_intrinsics-64F3UQ8FRX72VULFWW4VLK22Y.pcm /Users/tianli/Library/Developer/Xcode/DerivedData/SDKExplicitPrecompiledModules/_Builtin_float-879AKK2O0PYALYGOVSD7SXS21.pcm /Users/tianli/Library/Developer/Xcode/DerivedData/SDKExplicitPrecompiledModules/ptrcheck-DBXSUQF6WFYQQF36M9VWAR9OF.pcm /Users/tianli/Library/Developer/Xcode/DerivedData/SDKExplicitPrecompiledModules/Spatial-ALEK5TUBBOEMS33RZFOXYSPJD.pcm /Users/tianli/Library/Developer/Xcode/DerivedData/SDKExplicitPrecompiledModules/CoreText-12RRZS4R9SCWWAP1WIRB4ELUU.pcm /Users/tianli/Library/Developer/Xcode/DerivedData/SDKExplicitPrecompiledModules/_DarwinFoundation2-8L6PW3XOSLCDXK1HDMV3AHVLZ.pcm /Users/tianli/Library/Developer/Xcode/DerivedData/SDKExplicitPrecompiledModules/_Builtin_tgmath-4GJ8T7EK4QMI2D81YBK5T5E89.pcm /Users/tianli/Library/Developer/Xcode/DerivedData/SDKExplicitPrecompiledModules/_Builtin_stddef-2ALW6QHI0PVR9P8Q1SV4G7FMX.pcm /Users/tianli/Library/Developer/Xcode/DerivedData/SDKExplicitPrecompiledModules/AppIntentsTypeSupport-BIUPAJCYZYUWFZFVCGKG8VYTP.pcm /Users/tianli/Library/Developer/Xcode/DerivedData/SDKExplicitPrecompiledModules/CoreMotion-CRRUJ49AWLVRI7EEYK5GKSLCH.pcm /Users/tianli/Library/Developer/Xcode/DerivedData/SDKExplicitPrecompiledModules/CoreData-3RAX6VTIMLZHBT8O4UI7ZXI3Y.pcm /Users/tianli/Library/Developer/Xcode/DerivedData/SDKExplicitPrecompiledModules/Dispatch-1CYFE1NMDN5EQC61R9IDVIAIE.pcm /Users/tianli/Library/Developer/Xcode/DerivedData/SDKExplicitPrecompiledModules/_Builtin_limits-66W047MGD9ZHK6K3ISUQG0MTH.pcm /Users/tianli/Library/Developer/Xcode/DerivedData/SDKExplicitPrecompiledModules/SwiftShims-B4E1NQ9OTK2TP4UATBSOOX8D6.pcm /Users/tianli/Library/Developer/Xcode/DerivedData/SDKExplicitPrecompiledModules/XPC-8N6MXFJRNTPCYJFDSTGRBBPOP.pcm /Users/tianli/Library/Developer/Xcode/DerivedData/SDKExplicitPrecompiledModules/WidgetKit-96Z7FVPKHXCV9SXE0PH02F0BU.pcm /Users/tianli/Library/Developer/Xcode/DerivedData/SDKExplicitPrecompiledModules/QuartzCore-5CKN63TWG8F984PL7SP3RW8U1.pcm /Users/tianli/Library/Developer/Xcode/DerivedData/SDKExplicitPrecompiledModules/MapKit-DS1ECO6WMFDGVE6WHJTNNN8HU.pcm /Users/tianli/Library/Developer/Xcode/DerivedData/SDKExplicitPrecompiledModules/_LocationEssentials-9HVMGQNZNRGCT88HKUG09WZUX.pcm /Users/tianli/Library/Developer/Xcode/DerivedData/SDKExplicitPrecompiledModules/UIKit-9OIKHXSV1JQM20T8U09CVFHVX.pcm /Users/tianli/Library/Developer/Xcode/DerivedData/SDKExplicitPrecompiledModules/RelevanceKit-8A5NHPC9L6C4SRVHUCFWTZP0.pcm /Users/tianli/Library/Developer/Xcode/DerivedData/SDKExplicitPrecompiledModules/sys_types-8RHKVZ6GZG3USPXD57LFDHKH1.pcm /Users/tianli/Library/Developer/Xcode/DerivedData/SDKExplicitPrecompiledModules/Accessibility-88DT93UQUBHEU2YG5QAO1SPFV.pcm /Users/tianli/Library/Developer/Xcode/DerivedData/SDKExplicitPrecompiledModules/Foundation-374WT0O9BBRZMYJ00C7QMB5UI.pcm /Users/tianli/Library/Developer/Xcode/DerivedData/SDKExplicitPrecompiledModules/string_h-C7BOOKZNEWR40KQATQRJF2K64.pcm /Users/tianli/Library/Developer/Xcode/DerivedData/SDKExplicitPrecompiledModules/CoreAudio-437BIVJVLWTEEAOU4D2HLHK1S.pcm /Users/tianli/Library/Developer/Xcode/DerivedData/SDKExplicitPrecompiledModules/WatchKit-45MNDGM2141ZNHV4SNFPJ5JTA.pcm /Users/tianli/Library/Developer/Xcode/DerivedData/SDKExplicitPrecompiledModules/ExtensionFoundation-D90T418EC8P9FQ1ZMJ02LGO30.pcm /Users/tianli/Library/Developer/Xcode/DerivedData/SDKExplicitPrecompiledModules/DeveloperToolsSupport-17BLCAVESERLI2Q0PTM59DG04.pcm /Users/tianli/Library/Developer/Xcode/DerivedData/SDKExplicitPrecompiledModules/Symbols-644V7MK97DFSZCZ3VU9IBX9Y7.pcm /Users/tianli/Library/Developer/Xcode/DerivedData/SDKExplicitPrecompiledModules/UIUtilities-EH4J1X9DPSO6TTZM06TVFJKXV.pcm /Users/tianli/Library/Developer/Xcode/DerivedData/SDKExplicitPrecompiledModules/ObjectiveC-C9K054BBRQXYKKON5TY5GSQ6B.pcm /Users/tianli/Library/Developer/Xcode/DerivedData/SDKExplicitPrecompiledModules/Darwin-4H2JZJ8XNLTN0LHM43061V7DF.pcm /Users/tianli/Library/Developer/Xcode/DerivedData/SDKExplicitPrecompiledModules/WatchConnectivity-EZVZNS8HURNUP6W8P2NQY3GUM.pcm /Users/tianli/Library/Developer/Xcode/DerivedData/SDKExplicitPrecompiledModules/SwiftUI-I5TCP7LYJGYUZNPPG2WSMZUX.pcm /Users/tianli/Library/Developer/Xcode/DerivedData/SDKExplicitPrecompiledModules/CoreTransferable-54XIEBWB0NKCC20W1ATDUX5KO.pcm /Users/tianli/Library/Developer/Xcode/DerivedData/SDKExplicitPrecompiledModules/_SwiftConcurrencyShims-E5N47QB09F44W5N0NLVS0XWQ1.pcm /Users/tianli/Library/Developer/Xcode/DerivedData/SDKExplicitPrecompiledModules/UniformTypeIdentifiers-4EM5ETOJ36E13FPEAFA1AWF52.pcm /Users/tianli/Library/Developer/Xcode/DerivedData/SDKExplicitPrecompiledModules/AppIntents-A040FIJ7GVCPEA3COCMSWKBO3.pcm /Users/tianli/Library/Developer/Xcode/DerivedData/SDKExplicitPrecompiledModules/CoreGraphics-NNDTGZHPJ8SNXQ8040Z103ZH.pcm /Users/tianli/Library/Developer/Xcode/DerivedData/SDKExplicitPrecompiledModules/SwiftUICore-AIE6X8ZLU6C121KNW87DI6C4G.pcm /Users/tianli/Library/Developer/Xcode/DerivedData/SDKExplicitPrecompiledModules/os-7JJ11SV3XGM5IKYZSO5G70CA9.pcm /Users/tianli/Library/Developer/Xcode/DerivedData/SDKExplicitPrecompiledModules/_Builtin_stdarg-3F4FJLI2FYK0KOMIRTG2TSSB9.pcm /Users/tianli/Library/Developer/Xcode/DerivedData/SDKExplicitPrecompiledModules/CoreAudioTypes-DV4ZTSFIGXL6JD3J1PHVLNWW5.pcm /Users/tianli/Library/Developer/Xcode/DerivedData/SDKExplicitPrecompiledModules/CoreVideo-55H6R58L6Z18Q5FX3TPWHJ4CQ.pcm /Users/tianli/Library/Developer/Xcode/DerivedData/SDKExplicitPrecompiledModules/os_workgroup-69J4I0USBOE0VRJU0W4KD4MQV.pcm /Users/tianli/Library/Developer/Xcode/DerivedData/SDKExplicitPrecompiledModules/_Builtin_stdint-34I9JEDTAG95JPP1HAFJL03RQ.pcm /Users/tianli/Library/Developer/Xcode/DerivedData/SDKExplicitPrecompiledModules/_AvailabilityInternal-4FPCB7G8RJODNIIBTXG4GILCR.pcm /Users/tianli/Library/Developer/Xcode/DerivedData/SDKExplicitPrecompiledModules/DataDetection-9NB6XI3ZA5TMGNF8JGEX2G60I.pcm /Users/tianli/Library/Developer/Xcode/DerivedData/SDKExplicitPrecompiledModules/Network-37QXPJD4H8A0ICNKGVFOQI3W4.pcm /Users/tianli/Library/Developer/Xcode/DerivedData/SDKExplicitPrecompiledModules/CoreLocation-YELZUIA2APD5RVHDH4KL908N.pcm /Users/tianli/Library/Developer/Xcode/DerivedData/SDKExplicitPrecompiledModules/simd-65KU88T41C154LQ4F60E50HNA.pcm /Users/tianli/Library/Developer/Xcode/DerivedData/SDKExplicitPrecompiledModules/MachO-9TF517DQI8Q5AXSSQ20EHD7YP.pcm /Users/tianli/Library/Developer/Xcode/DerivedData/SDKExplicitPrecompiledModules/OSLog-86Q25AFGZZYPGFN2MBFB9KX39.pcm /Users/tianli/Library/Developer/Xcode/DerivedData/SDKExplicitPrecompiledModules/_DarwinFoundation3-39SDOIZ68IT2QI4SWLIYZRIG8.pcm /Users/tianli/Library/Developer/Xcode/DerivedData/FitCoach-acaaowtqnaruxxgsuqzrckdbihlv/Build/Intermediates.noindex/ArchiveIntermediates/FitCoach/IntermediateBuildFilesPath/FitCoach.build/Release-watchos/FitCoachWatch.build/Objects-normal/arm64_32/FitCoachWatch-dependencies-2.json (in target 'FitCoachWatch' from project 'FitCoach')

SwiftCompile normal arm64_32 (in target 'FitCoachWatch' from project 'FitCoach')
    cd /Users/tianli/Apps/fitcoach/ios/01-源程序
    

SwiftDriver\ Compilation FitCoachWatch normal arm64_32 com.apple.xcode.tools.swift.compiler (in target 'FitCoachWatch' from project 'FitCoach')
    cd /Users/tianli/Apps/fitcoach/ios/01-源程序
    builtin-Swift-Compilation -- /Applications/Xcode.app/Contents/Developer/Toolchains/XcodeDefault.xctoolchain/usr/bin/swiftc -module-name FitCoachWatch -O -whole-module-optimization @/Users/tianli/Library/Developer/Xcode/DerivedData/FitCoach-acaaowtqnaruxxgsuqzrckdbihlv/Build/Intermediates.noindex/ArchiveIntermediates/FitCoach/IntermediateBuildFilesPath/FitCoach.build/Release-watchos/FitCoachWatch.build/Objects-normal/arm64_32/FitCoachWatch.SwiftFileList -enable-bare-slash-regex -enable-experimental-feature DebugDescriptionMacro -sdk /Applications/Xcode.app/Contents/Developer/Platforms/WatchOS.platform/Developer/SDKs/WatchOS27.0.sdk -target arm64_32-apple-watchos11.0 -g -module-cache-path /Users/tianli/Library/Developer/Xcode/DerivedData/ModuleCache.noindex -Xfrontend -serialize-debugging-options -swift-version 5 -I /Users/tianli/Library/Developer/Xcode/DerivedData/FitCoach-acaaowtqnaruxxgsuqzrckdbihlv/Build/Intermediates.noindex/ArchiveIntermediates/FitCoach/BuildProductsPath/Release-watchos -F /Users/tianli/Library/Developer/Xcode/DerivedData/FitCoach-acaaowtqnaruxxgsuqzrckdbihlv/Build/Intermediates.noindex/ArchiveIntermediates/FitCoach/BuildProductsPath/Release-watchos -c -num-threads 10 -output-file-map /Users/tianli/Library/Developer/Xcode/DerivedData/FitCoach-acaaowtqnaruxxgsuqzrckdbihlv/Build/Intermediates.noindex/ArchiveIntermediates/FitCoach/IntermediateBuildFilesPath/FitCoach.build/Release-watchos/FitCoachWatch.build/Objects-normal/arm64_32/FitCoachWatch-OutputFileMap.json -save-temps -no-color-diagnostics -explicit-module-build -module-cache-path /Users/tianli/Library/Developer/Xcode/DerivedData/FitCoach-acaaowtqnaruxxgsuqzrckdbihlv/Build/Intermediates.noindex/ArchiveIntermediates/FitCoach/IntermediateBuildFilesPath/SwiftExplicitPrecompiledModules -clang-scanner-module-cache-path /Users/tianli/Library/Developer/Xcode/DerivedData/ModuleCache.noindex -sdk-module-cache-path /Users/tianli/Library/Developer/Xcode/DerivedData/SDKExplicitPrecompiledModules -emit-dependencies -emit-module -emit-module-path /Users/tianli/Library/Developer/Xcode/DerivedData/FitCoach-acaaowtqnaruxxgsuqzrckdbihlv/Build/Intermediates.noindex/ArchiveIntermediates/FitCoach/IntermediateBuildFilesPath/FitCoach.build/Release-watchos/FitCoachWatch.build/Objects-normal/arm64_32/FitCoachWatch.swiftmodule -serialize-diagnostics -dependency-scan-serialize-diagnostics-path /Users/tianli/Library/Developer/Xcode/DerivedData/FitCoach-acaaowtqnaruxxgsuqzrckdbihlv/Build/Intermediates.noindex/ArchiveIntermediates/FitCoach/IntermediateBuildFilesPath/FitCoach.build/Release-watchos/FitCoachWatch.build/Objects-normal/arm64_32/FitCoachWatch-dependency-scan.dia -validate-clang-modules-once -clang-build-session-file /Users/tianli/Library/Developer/Xcode/DerivedData/ModuleCache.noindex/Session.modulevalidation -Xcc -fmodules-prune-interval\=86400 -Xcc -fmodules-prune-after\=345600 -emit-const-values -const-gather-protocols-list /Users/tianli/Library/Developer/Xcode/DerivedData/FitCoach-acaaowtqnaruxxgsuqzrckdbihlv/Build/Intermediates.noindex/ArchiveIntermediates/FitCoach/IntermediateBuildFilesPath/FitCoach.build/Release-watchos/FitCoachWatch.build/Objects-normal/arm64_32/FitCoachWatch_const_extract_protocols.json -Xcc -iquote -Xcc /Users/tianli/Library/Developer/Xcode/DerivedData/FitCoach-acaaowtqnaruxxgsuqzrckdbihlv/Build/Intermediates.noindex/ArchiveIntermediates/FitCoach/IntermediateBuildFilesPath/FitCoach.build/Release-watchos/FitCoachWatch.build/FitCoachWatch-generated-files.hmap -Xcc -I/Users/tianli/Library/Developer/Xcode/DerivedData/FitCoach-acaaowtqnaruxxgsuqzrckdbihlv/Build/Intermediates.noindex/ArchiveIntermediates/FitCoach/IntermediateBuildFilesPath/FitCoach.build/Release-watchos/FitCoachWatch.build/FitCoachWatch-own-target-headers.hmap -Xcc -I/Users/tianli/Library/Developer/Xcode/DerivedData/FitCoach-acaaowtqnaruxxgsuqzrckdbihlv/Build/Intermediates.noindex/ArchiveIntermediates/FitCoach/IntermediateBuildFilesPath/FitCoach.build/Release-watchos/FitCoachWatch.build/FitCoachWatch-all-target-headers.hmap -Xcc -iquote -Xcc /Users/tianli/Library/Developer/Xcode/DerivedData/FitCoach-acaaowtqnaruxxgsuqzrckdbihlv/Build/Intermediates.noindex/ArchiveIntermediates/FitCoach/IntermediateBuildFilesPath/FitCoach.build/Release-watchos/FitCoachWatch.build/FitCoachWatch-project-headers.hmap -Xcc -I/Users/tianli/Library/Developer/Xcode/DerivedData/FitCoach-acaaowtqnaruxxgsuqzrckdbihlv/Build/Intermediates.noindex/ArchiveIntermediates/FitCoach/BuildProductsPath/Release-watchos/include -Xcc -I/Users/tianli/Library/Developer/Xcode/DerivedData/FitCoach-acaaowtqnaruxxgsuqzrckdbihlv/Build/Intermediates.noindex/ArchiveIntermediates/FitCoach/IntermediateBuildFilesPath/FitCoach.build/Release-watchos/FitCoachWatch.build/DerivedSources-normal/arm64_32 -Xcc -I/Users/tianli/Library/Developer/Xcode/DerivedData/FitCoach-acaaowtqnaruxxgsuqzrckdbihlv/Build/Intermediates.noindex/ArchiveIntermediates/FitCoach/IntermediateBuildFilesPath/FitCoach.build/Release-watchos/FitCoachWatch.build/DerivedSources/arm64_32 -Xcc -I/Users/tianli/Library/Developer/Xcode/DerivedData/FitCoach-acaaowtqnaruxxgsuqzrckdbihlv/Build/Intermediates.noindex/ArchiveIntermediates/FitCoach/IntermediateBuildFilesPath/FitCoach.build/Release-watchos/FitCoachWatch.build/DerivedSources -emit-objc-header -emit-objc-header-path /Users/tianli/Library/Developer/Xcode/DerivedData/FitCoach-acaaowtqnaruxxgsuqzrckdbihlv/Build/Intermediates.noindex/ArchiveIntermediates/FitCoach/IntermediateBuildFilesPath/FitCoach.build/Release-watchos/FitCoachWatch.build/Objects-normal/arm64_32/FitCoachWatch-Swift.h -working-directory /Users/tianli/Apps/fitcoach/ios/01-源程序 -no-emit-module-separately-wmo

SwiftCompile normal arm64 Compiling\ ComplicationGallery.swift,\ ComplicationViews.swift,\ FitCoachWatchApp.swift,\ LaneSignal.swift,\ Models.swift,\ PlatformCompat.swift,\ RemoteUI.swift,\ SnapshotStore.swift,\ TimeKit.swift,\ WatchHomeView.swift,\ WatchModel.swift,\ WatchSnapshot.swift,\ GeneratedAssetSymbols.swift /Users/tianli/Apps/fitcoach/ios/01-源程序/Watch/ComplicationGallery.swift /Users/tianli/Apps/fitcoach/ios/01-源程序/Watch/ComplicationViews.swift /Users/tianli/Apps/fitcoach/ios/01-源程序/Watch/FitCoachWatchApp.swift /Users/tianli/Apps/fitcoach/ios/01-源程序/Shared/LaneSignal.swift /Users/tianli/Apps/fitcoach/ios/01-源程序/Sources/Models.swift /Users/tianli/Apps/fitcoach/ios/01-源程序/Shared/PlatformCompat.swift /Users/tianli/Apps/fitcoach/ios/01-源程序/Shared/RemoteUI.swift /Users/tianli/Apps/fitcoach/ios/01-源程序/Watch/SnapshotStore.swift /Users/tianli/Apps/fitcoach/ios/01-源程序/Sources/TimeKit.swift /Users/tianli/Apps/fitcoach/ios/01-源程序/Watch/WatchHomeView.swift /Users/tianli/Apps/fitcoach/ios/01-源程序/Watch/WatchModel.swift /Users/tianli/Apps/fitcoach/ios/01-源程序/Sources/WatchSnapshot.swift /Users/tianli/Library/Developer/Xcode/DerivedData/FitCoach-acaaowtqnaruxxgsuqzrckdbihlv/Build/Intermediates.noindex/ArchiveIntermediates/FitCoach/IntermediateBuildFilesPath/FitCoach.build/Release-watchos/FitCoachWatch.build/DerivedSources/GeneratedAssetSymbols.swift /Applications/Xcode.app/Contents/Developer/Toolchains/XcodeDefault.xctoolchain/usr/lib/swift/watchos/prebuilt-modules/27.0/CoreMedia.swiftmodule/arm64e-apple-watchos.swiftmodule /Applications/Xcode.app/Contents/Developer/Toolchains/XcodeDefault.xctoolchain/usr/lib/swift/watchos/prebuilt-modules/27.0/UniformTypeIdentifiers.swiftmodule/arm64e-apple-watchos.swiftmodule /Applications/Xcode.app/Contents/Developer/Toolchains/XcodeDefault.xctoolchain/usr/lib/swift/watchos/prebuilt-modules/27.0/Swift.swiftmodule/arm64e-apple-watchos.swiftmodule /Applications/Xcode.app/Contents/Developer/Toolchains/XcodeDefault.xctoolchain/usr/lib/swift/watchos/prebuilt-modules/27.0/Network.swiftmodule/arm64e-apple-watchos.swiftmodule /Applications/Xcode.app/Contents/Developer/Toolchains/XcodeDefault.xctoolchain/usr/lib/swift/watchos/prebuilt-modules/27.0/CoreText.swiftmodule/arm64e-apple-watchos.swiftmodule /Applications/Xcode.app/Contents/Developer/Toolchains/XcodeDefault.xctoolchain/usr/lib/swift/watchos/prebuilt-modules/27.0/HomeKit.swiftmodule/arm64e-apple-watchos.swiftmodule /Applications/Xcode.app/Contents/Developer/Toolchains/XcodeDefault.xctoolchain/usr/lib/swift/watchos/prebuilt-modules/27.0/LightweightCodeRequirements.swiftmodule/arm64e-apple-watchos.swiftmodule /Applications/Xcode.app/Contents/Developer/Toolchains/XcodeDefault.xctoolchain/usr/lib/swift/watchos/prebuilt-modules/27.0/SwiftUICore.swiftmodule/arm64e-apple-watchos.swiftmodule /Applications/Xcode.app/Contents/Developer/Toolchains/XcodeDefault.xctoolchain/usr/lib/swift/watchos/prebuilt-modules/27.0/XPC.swiftmodule/arm64e-apple-watchos.swiftmodule /Applications/Xcode.app/Contents/Developer/Toolchains/XcodeDefault.xctoolchain/usr/lib/swift/watchos/prebuilt-modules/27.0/RelevanceKit.swiftmodule/arm64e-apple-watchos.swiftmodule /Applications/Xcode.app/Contents/Developer/Toolchains/XcodeDefault.xctoolchain/usr/lib/swift/watchos/prebuilt-modules/27.0/Observation.swiftmodule/arm64e-apple-watchos.swiftmodule /Applications/Xcode.app/Contents/Developer/Toolchains/XcodeDefault.xctoolchain/usr/lib/swift/watchos/prebuilt-modules/27.0/SwiftUI.swiftmodule/arm64e-apple-watchos.swiftmodule /Applications/Xcode.app/Contents/Developer/Toolchains/XcodeDefault.xctoolchain/usr/lib/swift/watchos/prebuilt-modules/27.0/CoreAudio.swiftmodule/arm64e-apple-watchos.swiftmodule /Applications/Xcode.app/Contents/Developer/Toolchains/XcodeDefault.xctoolchain/usr/lib/swift/watchos/prebuilt-modules/27.0/QuartzCore.swiftmodule/arm64e-apple-watchos.swiftmodule /Applications/Xcode.app/Contents/Developer/Toolchains/XcodeDefault.xctoolchain/usr/lib/swift/watchos/prebuilt-modules/27.0/Foundation.swiftmodule/arm64e-apple-watchos.swiftmodule /Applications/Xcode.app/Contents/Developer/Toolchains/XcodeDefault.xctoolchain/usr/lib/swift/watchos/prebuilt-modules/27.0/UIKit.swiftmodule/arm64e-apple-watchos.swiftmodule /Applications/Xcode.app/Contents/Developer/Toolchains/XcodeDefault.xctoolchain/usr/lib/swift/watchos/prebuilt-modules/27.0/CoreTransferable.swiftmodule/arm64e-apple-watchos.swiftmodule /Applications/Xcode.app/Contents/Developer/Toolchains/XcodeDefault.xctoolchain/usr/lib/swift/watchos/prebuilt-modules/27.0/DataDetection.swiftmodule/arm64e-apple-watchos.swiftmodule /Applications/Xcode.app/Contents/Developer/Toolchains/XcodeDefault.xctoolchain/usr/lib/swift/watchos/prebuilt-modules/27.0/Combine.swiftmodule/arm64e-apple-watchos.swiftmodule /Applications/Xcode.app/Contents/Developer/Toolchains/XcodeDefault.xctoolchain/usr/lib/swift/watchos/prebuilt-modules/27.0/WatchKit.swiftmodule/arm64e-apple-watchos.swiftmodule /Applications/Xcode.app/Contents/Developer/Toolchains/XcodeDefault.xctoolchain/usr/lib/swift/watchos/prebuilt-modules/27.0/Distributed.swiftmodule/arm64e-apple-watchos.swiftmodule /Applications/Xcode.app/Contents/Developer/Toolchains/XcodeDefault.xctoolchain/usr/lib/swift/watchos/prebuilt-modules/27.0/_DarwinFoundation3.swiftmodule/arm64e-apple-watchos.swiftmodule /Applications/Xcode.app/Contents/Developer/Toolchains/XcodeDefault.xctoolchain/usr/lib/swift/watchos/prebuilt-modules/27.0/ExtensionFoundation.swiftmodule/arm64e-apple-watchos.swiftmodule /Applications/Xcode.app/Contents/Developer/Toolchains/XcodeDefault.xctoolchain/usr/lib/swift/watchos/prebuilt-modules/27.0/CoreMotion.swiftmodule/arm64e-apple-watchos.swiftmodule /Applications/Xcode.app/Contents/Developer/Toolchains/XcodeDefault.xctoolchain/usr/lib/swift/watchos/prebuilt-modules/27.0/Symbols.swiftmodule/arm64e-apple-watchos.swiftmodule /Applications/Xcode.app/Contents/Developer/Toolchains/XcodeDefault.xctoolchain/usr/lib/swift/watchos/prebuilt-modules/27.0/_DarwinFoundation2.swiftmodule/arm64e-apple-watchos.swiftmodule /Applications/Xcode.app/Contents/Developer/Toolchains/XcodeDefault.xctoolchain/usr/lib/swift/watchos/prebuilt-modules/27.0/CoreGraphics.swiftmodule/arm64e-apple-watchos.swiftmodule /Applications/Xcode.app/Contents/Developer/Toolchains/XcodeDefault.xctoolchain/usr/lib/swift/watchos/prebuilt-modules/27.0/AppIntentsTypeSupport.swiftmodule/arm64e-apple-watchos.swiftmodule /Applications/Xcode.app/Contents/Developer/Toolchains/XcodeDefault.xctoolchain/usr/lib/swift/watchos/prebuilt-modules/27.0/_StringProcessing.swiftmodule/arm64e-apple-watchos.swiftmodule /Applications/Xcode.app/Contents/Developer/Toolchains/XcodeDefault.xctoolchain/usr/lib/swift/watchos/prebuilt-modules/27.0/MapKit.swiftmodule/arm64e-apple-watchos.swiftmodule /Applications/Xcode.app/Contents/Developer/Toolchains/XcodeDefault.xctoolchain/usr/lib/swift/watchos/prebuilt-modules/27.0/CoreData.swiftmodule/arm64e-apple-watchos.swiftmodule /Applications/Xcode.app/Contents/Developer/Toolchains/XcodeDefault.xctoolchain/usr/lib/swift/watchos/prebuilt-modules/27.0/WidgetKit.swiftmodule/arm64e-apple-watchos.swiftmodule /Applications/Xcode.app/Contents/Developer/Toolchains/XcodeDefault.xctoolchain/usr/lib/swift/watchos/prebuilt-modules/27.0/simd.swiftmodule/arm64e-apple-watchos.swiftmodule /Applications/Xcode.app/Contents/Developer/Toolchains/XcodeDefault.xctoolchain/usr/lib/swift/watchos/prebuilt-modules/27.0/os.swiftmodule/arm64e-apple-watchos.swiftmodule /Applications/Xcode.app/Contents/Developer/Toolchains/XcodeDefault.xctoolchain/usr/lib/swift/watchos/prebuilt-modules/27.0/AppIntents.swiftmodule/arm64e-apple-watchos.swiftmodule /Applications/Xcode.app/Contents/Developer/Toolchains/XcodeDefault.xctoolchain/usr/lib/swift/watchos/prebuilt-modules/27.0/CoreFoundation.swiftmodule/arm64e-apple-watchos.swiftmodule /Applications/Xcode.app/Contents/Developer/Toolchains/XcodeDefault.xctoolchain/usr/lib/swift/watchos/prebuilt-modules/27.0/GeoToolbox.swiftmodule/arm64e-apple-watchos.swiftmodule /Applications/Xcode.app/Contents/Developer/Toolchains/XcodeDefault.xctoolchain/usr/lib/swift/watchos/prebuilt-modules/27.0/OSLog.swiftmodule/arm64e-apple-watchos.swiftmodule /Applications/Xcode.app/Contents/Developer/Toolchains/XcodeDefault.xctoolchain/usr/lib/swift/watchos/prebuilt-modules/27.0/_DarwinFoundation1.swiftmodule/arm64e-apple-watchos.swiftmodule /Applications/Xcode.app/Contents/Developer/Toolchains/XcodeDefault.xctoolchain/usr/lib/swift/watchos/prebuilt-modules/27.0/Dispatch.swiftmodule/arm64e-apple-watchos.swiftmodule /Applications/Xcode.app/Contents/Developer/Toolchains/XcodeDefault.xctoolchain/usr/lib/swift/watchos/prebuilt-modules/27.0/CoreVideo.swiftmodule/arm64e-apple-watchos.swiftmodule /Applications/Xcode.app/Contents/Developer/Toolchains/XcodeDefault.xctoolchain/usr/lib/swift/watchos/prebuilt-modules/27.0/Spatial.swiftmodule/arm64e-apple-watchos.swiftmodule /Applications/Xcode.app/Contents/Developer/Toolchains/XcodeDefault.xctoolchain/usr/lib/swift/watchos/prebuilt-modules/27.0/_Concurrency.swiftmodule/arm64e-apple-watchos.swiftmodule /Applications/Xcode.app/Contents/Developer/Toolchains/XcodeDefault.xctoolchain/usr/lib/swift/watchos/prebuilt-modules/27.0/System.swiftmodule/arm64e-apple-watchos.swiftmodule /Applications/Xcode.app/Contents/Developer/Toolchains/XcodeDefault.xctoolchain/usr/lib/swift/watchos/prebuilt-modules/27.0/DeveloperToolsSupport.swiftmodule/arm64e-apple-watchos.swiftmodule /Applications/Xcode.app/Contents/Developer/Toolchains/XcodeDefault.xctoolchain/usr/lib/swift/watchos/prebuilt-modules/27.0/_Builtin_float.swiftmodule/arm64e-apple-watchos.swiftmodule /Applications/Xcode.app/Contents/Developer/Toolchains/XcodeDefault.xctoolchain/usr/lib/swift/watchos/prebuilt-modules/27.0/SceneKit.swiftmodule/arm64e-apple-watchos.swiftmodule /Applications/Xcode.app/Contents/Developer/Toolchains/XcodeDefault.xctoolchain/usr/lib/swift/watchos/prebuilt-modules/27.0/_WatchKit_SwiftUI.swiftmodule/arm64e-apple-watchos.swiftmodule /Applications/Xcode.app/Contents/Developer/Toolchains/XcodeDefault.xctoolchain/usr/lib/swift/watchos/prebuilt-modules/27.0/Accessibility.swiftmodule/arm64e-apple-watchos.swiftmodule /Applications/Xcode.app/Contents/Developer/Toolchains/XcodeDefault.xctoolchain/usr/lib/swift/watchos/prebuilt-modules/27.0/Intents.swiftmodule/arm64e-apple-watchos.swiftmodule /Applications/Xcode.app/Contents/Developer/Toolchains/XcodeDefault.xctoolchain/usr/lib/swift/watchos/prebuilt-modules/27.0/Darwin.swiftmodule/arm64e-apple-watchos.swiftmodule /Applications/Xcode.app/Contents/Developer/Toolchains/XcodeDefault.xctoolchain/usr/lib/swift/watchos/prebuilt-modules/27.0/CoreLocation.swiftmodule/arm64e-apple-watchos.swiftmodule /Applications/Xcode.app/Contents/Developer/Toolchains/XcodeDefault.xctoolchain/usr/lib/swift/watchos/prebuilt-modules/27.0/_AppIntents_SwiftUI.swiftmodule/arm64e-apple-watchos.swiftmodule /Applications/Xcode.app/Contents/Developer/Toolchains/XcodeDefault.xctoolchain/usr/lib/swift/watchos/prebuilt-modules/27.0/ObjectiveC.swiftmodule/arm64e-apple-watchos.swiftmodule /Users/tianli/Library/Developer/Xcode/DerivedData/SDKExplicitPrecompiledModules/os_object-CVC9RQLHY1FBKQI6JW8J7JVM7.pcm /Users/tianli/Library/Developer/Xcode/DerivedData/SDKExplicitPrecompiledModules/QuartzCore-D2NYECL11QBNKSFKCH2BWPX56.pcm /Users/tianli/Library/Developer/Xcode/DerivedData/SDKExplicitPrecompiledModules/_DarwinFoundation3-4JZVDNZMD7XX338M4XVT514CG.pcm /Users/tianli/Library/Developer/Xcode/DerivedData/SDKExplicitPrecompiledModules/SwiftUICore-41ZOIIRE1S4TGTX7HZ1CRPSNT.pcm /Users/tianli/Library/Developer/Xcode/DerivedData/SDKExplicitPrecompiledModules/UIKit-2ZOKFVPM90CV8AXGWACB2U6FN.pcm /Users/tianli/Library/Developer/Xcode/DerivedData/SDKExplicitPrecompiledModules/CoreText-1WECYU9A36RKK3HIU7WKFP1BQ.pcm /Users/tianli/Library/Developer/Xcode/DerivedData/SDKExplicitPrecompiledModules/Symbols-5I94MYLXAA1M5ZTUVADQJURXD.pcm /Users/tianli/Library/Developer/Xcode/DerivedData/SDKExplicitPrecompiledModules/AppIntents-4AE4R4REJSZ0UO5GNFYZA4GXC.pcm /Users/tianli/Library/Developer/Xcode/DerivedData/SDKExplicitPrecompiledModules/OSLog-5RUN0TCW4J82EIHTXH3DL14KL.pcm /Users/tianli/Library/Developer/Xcode/DerivedData/SDKExplicitPrecompiledModules/Accessibility-27AOUP8XWW4H6B0TRVMASNPWA.pcm /Users/tianli/Library/Developer/Xcode/DerivedData/SDKExplicitPrecompiledModules/_LocationEssentials-495H9X3LJIZM6IIRWC9Q94I9J.pcm /Users/tianli/Library/Developer/Xcode/DerivedData/SDKExplicitPrecompiledModules/_Builtin_stdarg-2QJY28TSVMPBO69DC3Y23RP0J.pcm /Users/tianli/Library/Developer/Xcode/DerivedData/SDKExplicitPrecompiledModules/Intents-70WLS9EB78JTZ8816JV78VJDV.pcm /Users/tianli/Library/Developer/Xcode/DerivedData/SDKExplicitPrecompiledModules/CoreVideo-3EAZHLKAK4TR1WUDNCVHZUA7S.pcm /Users/tianli/Library/Developer/Xcode/DerivedData/SDKExplicitPrecompiledModules/CoreAudioTypes-8XTRLSQSH9WQQY77E45OW1TDY.pcm /Users/tianli/Library/Developer/Xcode/DerivedData/SDKExplicitPrecompiledModules/Network-AA1IHCMQQ74R35UGVY1RXRO1X.pcm /Users/tianli/Library/Developer/Xcode/DerivedData/SDKExplicitPrecompiledModules/_Builtin_stdatomic-6WXXQU1B5471XKOF2VCSQJL9E.pcm /Users/tianli/Library/Developer/Xcode/DerivedData/SDKExplicitPrecompiledModules/AppIntentsTypeSupport-8AWT1VYUX07WPY05290HD3N42.pcm /Users/tianli/Library/Developer/Xcode/DerivedData/SDKExplicitPrecompiledModules/_Builtin_intrinsics-D9VBBZ10RRYVZH5X1MHIGGEIA.pcm /Users/tianli/Library/Developer/Xcode/DerivedData/SDKExplicitPrecompiledModules/CoreFoundation-CGUXN186M32QRC01SVRQ7Z5T9.pcm /Users/tianli/Library/Developer/Xcode/DerivedData/SDKExplicitPrecompiledModules/os_workgroup-10M2HCZDTNSRJQ4R5GY1MUVG9.pcm /Users/tianli/Library/Developer/Xcode/DerivedData/SDKExplicitPrecompiledModules/CoreData-C255IAX9673H4GLMD9T4ZBKM7.pcm /Users/tianli/Library/Developer/Xcode/DerivedData/SDKExplicitPrecompiledModules/MapKit-9S2GTE76RKJS118LZ6GKVC8OF.pcm /Users/tianli/Library/Developer/Xcode/DerivedData/SDKExplicitPrecompiledModules/_Builtin_limits-77T89UYQM8SZ84OBILAV2BZ51.pcm /Users/tianli/Library/Developer/Xcode/DerivedData/SDKExplicitPrecompiledModules/CoreLocation-5USXLN19X7108RC345PUJUIR7.pcm /Users/tianli/Library/Developer/Xcode/DerivedData/SDKExplicitPrecompiledModules/MachO-6DRKI8ST404S2Q13Z6G7109PH.pcm /Users/tianli/Library/Developer/Xcode/DerivedData/SDKExplicitPrecompiledModules/UIUtilities-DU2OCR2W0TUQY4FOQYWQ6TN3F.pcm /Users/tianli/Library/Developer/Xcode/DerivedData/SDKExplicitPrecompiledModules/ptrcheck-22GWNKGUNMEIRRLNKIL47MX76.pcm /Users/tianli/Library/Developer/Xcode/DerivedData/SDKExplicitPrecompiledModules/_Builtin_stddef-3Z48XW1ZS1B6XSBW8ZSVBP2EZ.pcm /Users/tianli/Library/Developer/Xcode/DerivedData/SDKExplicitPrecompiledModules/SceneKit-6REICKS8UAO2XTOTNAC5IMSRJ.pcm /Users/tianli/Library/Developer/Xcode/DerivedData/SDKExplicitPrecompiledModules/CoreMotion-C68UDKN12VCQULDK2DDW38CTT.pcm /Users/tianli/Library/Developer/Xcode/DerivedData/SDKExplicitPrecompiledModules/os-AXSSJ2GQJEFAJ3Z92A9BMHLDT.pcm /Users/tianli/Library/Developer/Xcode/DerivedData/SDKExplicitPrecompiledModules/XPC-B0C1XBW3C72CWU1GYACVD4LB0.pcm /Users/tianli/Library/Developer/Xcode/DerivedData/SDKExplicitPrecompiledModules/HomeKit-9VM048UQWKJMLIGHE6LRMI8V5.pcm /Users/tianli/Library/Developer/Xcode/DerivedData/SDKExplicitPrecompiledModules/ExtensionFoundation-1HCBDH7KSO0QBLDURIGHQZ99.pcm /Users/tianli/Library/Developer/Xcode/DerivedData/SDKExplicitPrecompiledModules/CoreAudio-CNL4KGBYG95XUF04EWOWM7PO9.pcm /Users/tianli/Library/Developer/Xcode/DerivedData/SDKExplicitPrecompiledModules/CoreGraphics-ERAICMEC7ZCZ19AC1C7VSEDDY.pcm /Users/tianli/Library/Developer/Xcode/DerivedData/SDKExplicitPrecompiledModules/WatchKit-4GMLL3YCNKVNLPZVVJAO8ILKC.pcm /Users/tianli/Library/Developer/Xcode/DerivedData/SDKExplicitPrecompiledModules/CoreTransferable-8G7WUCFQTE68IWVB88LA44ZXD.pcm /Users/tianli/Library/Developer/Xcode/DerivedData/SDKExplicitPrecompiledModules/Foundation-7LUG5Z5A6XI03X1MZ5SLHHS0Y.pcm /Users/tianli/Library/Developer/Xcode/DerivedData/SDKExplicitPrecompiledModules/_AvailabilityInternal-837PCQOTR5HI3UHM66NLEPZNU.pcm /Users/tianli/Library/Developer/Xcode/DerivedData/SDKExplicitPrecompiledModules/_Builtin_inttypes-3E31B0S55FIEVTAQQNX878QQC.pcm /Users/tianli/Library/Developer/Xcode/DerivedData/SDKExplicitPrecompiledModules/SwiftShims-DDNQA4UV9XVDP7MUM1TPQ5TON.pcm /Users/tianli/Library/Developer/Xcode/DerivedData/SDKExplicitPrecompiledModules/sys_types-A01PWYM84JZYWLFT6GHHCJIE9.pcm /Users/tianli/Library/Developer/Xcode/DerivedData/SDKExplicitPrecompiledModules/_Builtin_float-DC2J4ZHK0O70Z244UWCCRW6IU.pcm /Users/tianli/Library/Developer/Xcode/DerivedData/SDKExplicitPrecompiledModules/_SwiftConcurrencyShims-1BNS3NTWHILHO7SSEM277LO97.pcm /Users/tianli/Library/Developer/Xcode/DerivedData/SDKExplicitPrecompiledModules/DeveloperToolsSupport-85XASVQKXXU9EIWSAN39FA66L.pcm /Users/tianli/Library/Developer/Xcode/DerivedData/SDKExplicitPrecompiledModules/WatchConnectivity-7U9PWD25DAS1XICOWDWBYSHBV.pcm /Users/tianli/Library/Developer/Xcode/DerivedData/SDKExplicitPrecompiledModules/SwiftUI-B9YZC5Y2X7CHAA9U0QK017P09.pcm /Users/tianli/Library/Developer/Xcode/DerivedData/SDKExplicitPrecompiledModules/string_h-7C9XGE0T2XD4IXEPY78EELEIO.pcm /Users/tianli/Library/Developer/Xcode/DerivedData/SDKExplicitPrecompiledModules/ptrauth-23JT19DQN8QO0ES55EFXNXW2U.pcm /Users/tianli/Library/Developer/Xcode/DerivedData/SDKExplicitPrecompiledModules/_DarwinFoundation2-38R2P4T912IZ9XLUP49M5RHFB.pcm /Users/tianli/Library/Developer/Xcode/DerivedData/SDKExplicitPrecompiledModules/WidgetKit-Z5SECZNWP9SQZJWNLSY7WZUD.pcm /Users/tianli/Library/Developer/Xcode/DerivedData/SDKExplicitPrecompiledModules/Dispatch-OXHJFJEJNWY8Z7HMN0HA7EC4.pcm /Users/tianli/Library/Developer/Xcode/DerivedData/SDKExplicitPrecompiledModules/CoreMedia-1ZFXMEIMGPA5BEAJHALKEJY3C.pcm /Users/tianli/Library/Developer/Xcode/DerivedData/SDKExplicitPrecompiledModules/_Builtin_stdbool-DGGZ1LKGL2VXPTZJQIB7JVLYN.pcm /Users/tianli/Library/Developer/Xcode/DerivedData/SDKExplicitPrecompiledModules/DataDetection-8HJCJZ4Z4BNDECPHKD6VY8RYL.pcm /Users/tianli/Library/Developer/Xcode/DerivedData/SDKExplicitPrecompiledModules/dnssd-AI5VD5OP6UEL3LTPNNPWYYUS0.pcm /Users/tianli/Library/Developer/Xcode/DerivedData/SDKExplicitPrecompiledModules/_Builtin_stdint-2LBI640OHTVP3DAY513NQLYXM.pcm /Users/tianli/Library/Developer/Xcode/DerivedData/SDKExplicitPrecompiledModules/ObjectiveC-9ITR75ETVKO6JXO5J3CR5X0HB.pcm /Users/tianli/Library/Developer/Xcode/DerivedData/SDKExplicitPrecompiledModules/simd-D8QRW46E7GMFMOU52FFX2Z96P.pcm /Users/tianli/Library/Developer/Xcode/DerivedData/SDKExplicitPrecompiledModules/Security-3773NFF03NOG5OQJYHXDQ3II0.pcm /Users/tianli/Library/Developer/Xcode/DerivedData/SDKExplicitPrecompiledModules/UserNotifications-1KZAXFS0430TF010ZD4OB6ZY6.pcm /Users/tianli/Library/Developer/Xcode/DerivedData/SDKExplicitPrecompiledModules/_DarwinFoundation1-61204LFHKSXDM1XA4RUUH5R0C.pcm /Users/tianli/Library/Developer/Xcode/DerivedData/SDKExplicitPrecompiledModules/Spatial-33TUYHYV5Z9NWYULQ9BK6Z5E0.pcm /Users/tianli/Library/Developer/Xcode/DerivedData/SDKExplicitPrecompiledModules/Darwin-18H5CS842BY4Q03ZOMGCBG9ZA.pcm /Users/tianli/Library/Developer/Xcode/DerivedData/SDKExplicitPrecompiledModules/UniformTypeIdentifiers-25C560KIV9YR92TQ810RMR59L.pcm /Users/tianli/Library/Developer/Xcode/DerivedData/SDKExplicitPrecompiledModules/_Builtin_tgmath-D1MOOWH8G4EA736JVJZTSN22Z.pcm /Users/tianli/Library/Developer/Xcode/DerivedData/SDKExplicitPrecompiledModules/RelevanceKit-BO208M1RFEE2Q2QDBZ87E2WD.pcm /Users/tianli/Library/Developer/Xcode/DerivedData/FitCoach-acaaowtqnaruxxgsuqzrckdbihlv/Build/Intermediates.noindex/ArchiveIntermediates/FitCoach/IntermediateBuildFilesPath/FitCoach.build/Release-watchos/FitCoachWatch.build/Objects-normal/arm64/FitCoachWatch-dependencies-1.json (in target 'FitCoachWatch' from project 'FitCoach')

SwiftCompile normal arm64 (in target 'FitCoachWatch' from project 'FitCoach')
    cd /Users/tianli/Apps/fitcoach/ios/01-源程序
    

SwiftDriver\ Compilation FitCoachWatch normal arm64 com.apple.xcode.tools.swift.compiler (in target 'FitCoachWatch' from project 'FitCoach')
    cd /Users/tianli/Apps/fitcoach/ios/01-源程序
    builtin-Swift-Compilation -- /Applications/Xcode.app/Contents/Developer/Toolchains/XcodeDefault.xctoolchain/usr/bin/swiftc -module-name FitCoachWatch -O -whole-module-optimization @/Users/tianli/Library/Developer/Xcode/DerivedData/FitCoach-acaaowtqnaruxxgsuqzrckdbihlv/Build/Intermediates.noindex/ArchiveIntermediates/FitCoach/IntermediateBuildFilesPath/FitCoach.build/Release-watchos/FitCoachWatch.build/Objects-normal/arm64/FitCoachWatch.SwiftFileList -enable-bare-slash-regex -enable-experimental-feature DebugDescriptionMacro -sdk /Applications/Xcode.app/Contents/Developer/Platforms/WatchOS.platform/Developer/SDKs/WatchOS27.0.sdk -target arm64-apple-watchos11.0 -g -module-cache-path /Users/tianli/Library/Developer/Xcode/DerivedData/ModuleCache.noindex -Xfrontend -serialize-debugging-options -swift-version 5 -I /Users/tianli/Library/Developer/Xcode/DerivedData/FitCoach-acaaowtqnaruxxgsuqzrckdbihlv/Build/Intermediates.noindex/ArchiveIntermediates/FitCoach/BuildProductsPath/Release-watchos -F /Users/tianli/Library/Developer/Xcode/DerivedData/FitCoach-acaaowtqnaruxxgsuqzrckdbihlv/Build/Intermediates.noindex/ArchiveIntermediates/FitCoach/BuildProductsPath/Release-watchos -c -num-threads 10 -output-file-map /Users/tianli/Library/Developer/Xcode/DerivedData/FitCoach-acaaowtqnaruxxgsuqzrckdbihlv/Build/Intermediates.noindex/ArchiveIntermediates/FitCoach/IntermediateBuildFilesPath/FitCoach.build/Release-watchos/FitCoachWatch.build/Objects-normal/arm64/FitCoachWatch-OutputFileMap.json -save-temps -no-color-diagnostics -explicit-module-build -module-cache-path /Users/tianli/Library/Developer/Xcode/DerivedData/FitCoach-acaaowtqnaruxxgsuqzrckdbihlv/Build/Intermediates.noindex/ArchiveIntermediates/FitCoach/IntermediateBuildFilesPath/SwiftExplicitPrecompiledModules -clang-scanner-module-cache-path /Users/tianli/Library/Developer/Xcode/DerivedData/ModuleCache.noindex -sdk-module-cache-path /Users/tianli/Library/Developer/Xcode/DerivedData/SDKExplicitPrecompiledModules -emit-dependencies -emit-module -emit-module-path /Users/tianli/Library/Developer/Xcode/DerivedData/FitCoach-acaaowtqnaruxxgsuqzrckdbihlv/Build/Intermediates.noindex/ArchiveIntermediates/FitCoach/IntermediateBuildFilesPath/FitCoach.build/Release-watchos/FitCoachWatch.build/Objects-normal/arm64/FitCoachWatch.swiftmodule -serialize-diagnostics -dependency-scan-serialize-diagnostics-path /Users/tianli/Library/Developer/Xcode/DerivedData/FitCoach-acaaowtqnaruxxgsuqzrckdbihlv/Build/Intermediates.noindex/ArchiveIntermediates/FitCoach/IntermediateBuildFilesPath/FitCoach.build/Release-watchos/FitCoachWatch.build/Objects-normal/arm64/FitCoachWatch-dependency-scan.dia -validate-clang-modules-once -clang-build-session-file /Users/tianli/Library/Developer/Xcode/DerivedData/ModuleCache.noindex/Session.modulevalidation -Xcc -fmodules-prune-interval\=86400 -Xcc -fmodules-prune-after\=345600 -emit-const-values -const-gather-protocols-list /Users/tianli/Library/Developer/Xcode/DerivedData/FitCoach-acaaowtqnaruxxgsuqzrckdbihlv/Build/Intermediates.noindex/ArchiveIntermediates/FitCoach/IntermediateBuildFilesPath/FitCoach.build/Release-watchos/FitCoachWatch.build/Objects-normal/arm64/FitCoachWatch_const_extract_protocols.json -Xcc -iquote -Xcc /Users/tianli/Library/Developer/Xcode/DerivedData/FitCoach-acaaowtqnaruxxgsuqzrckdbihlv/Build/Intermediates.noindex/ArchiveIntermediates/FitCoach/IntermediateBuildFilesPath/FitCoach.build/Release-watchos/FitCoachWatch.build/FitCoachWatch-generated-files.hmap -Xcc -I/Users/tianli/Library/Developer/Xcode/DerivedData/FitCoach-acaaowtqnaruxxgsuqzrckdbihlv/Build/Intermediates.noindex/ArchiveIntermediates/FitCoach/IntermediateBuildFilesPath/FitCoach.build/Release-watchos/FitCoachWatch.build/FitCoachWatch-own-target-headers.hmap -Xcc -I/Users/tianli/Library/Developer/Xcode/DerivedData/FitCoach-acaaowtqnaruxxgsuqzrckdbihlv/Build/Intermediates.noindex/ArchiveIntermediates/FitCoach/IntermediateBuildFilesPath/FitCoach.build/Release-watchos/FitCoachWatch.build/FitCoachWatch-all-target-headers.hmap -Xcc -iquote -Xcc /Users/tianli/Library/Developer/Xcode/DerivedData/FitCoach-acaaowtqnaruxxgsuqzrckdbihlv/Build/Intermediates.noindex/ArchiveIntermediates/FitCoach/IntermediateBuildFilesPath/FitCoach.build/Release-watchos/FitCoachWatch.build/FitCoachWatch-project-headers.hmap -Xcc -I/Users/tianli/Library/Developer/Xcode/DerivedData/FitCoach-acaaowtqnaruxxgsuqzrckdbihlv/Build/Intermediates.noindex/ArchiveIntermediates/FitCoach/BuildProductsPath/Release-watchos/include -Xcc -I/Users/tianli/Library/Developer/Xcode/DerivedData/FitCoach-acaaowtqnaruxxgsuqzrckdbihlv/Build/Intermediates.noindex/ArchiveIntermediates/FitCoach/IntermediateBuildFilesPath/FitCoach.build/Release-watchos/FitCoachWatch.build/DerivedSources-normal/arm64 -Xcc -I/Users/tianli/Library/Developer/Xcode/DerivedData/FitCoach-acaaowtqnaruxxgsuqzrckdbihlv/Build/Intermediates.noindex/ArchiveIntermediates/FitCoach/IntermediateBuildFilesPath/FitCoach.build/Release-watchos/FitCoachWatch.build/DerivedSources/arm64 -Xcc -I/Users/tianli/Library/Developer/Xcode/DerivedData/FitCoach-acaaowtqnaruxxgsuqzrckdbihlv/Build/Intermediates.noindex/ArchiveIntermediates/FitCoach/IntermediateBuildFilesPath/FitCoach.build/Release-watchos/FitCoachWatch.build/DerivedSources -emit-objc-header -emit-objc-header-path /Users/tianli/Library/Developer/Xcode/DerivedData/FitCoach-acaaowtqnaruxxgsuqzrckdbihlv/Build/Intermediates.noindex/ArchiveIntermediates/FitCoach/IntermediateBuildFilesPath/FitCoach.build/Release-watchos/FitCoachWatch.build/Objects-normal/arm64/FitCoachWatch-Swift.h -working-directory /Users/tianli/Apps/fitcoach/ios/01-源程序 -no-emit-module-separately-wmo

CreateUniversalBinary /Users/tianli/Library/Developer/Xcode/DerivedData/FitCoach-acaaowtqnaruxxgsuqzrckdbihlv/Build/Intermediates.noindex/ArchiveIntermediates/FitCoach/IntermediateBuildFilesPath/UninstalledProducts/watchos/FitCoachWatchWidget.appex/FitCoachWatchWidget normal arm64\ arm64_32 (in target 'FitCoachWatchWidget' from project 'FitCoach')
    cd /Users/tianli/Apps/fitcoach/ios/01-源程序
    /Applications/Xcode.app/Contents/Developer/Toolchains/XcodeDefault.xctoolchain/usr/bin/lipo -create /Users/tianli/Library/Developer/Xcode/DerivedData/FitCoach-acaaowtqnaruxxgsuqzrckdbihlv/Build/Intermediates.noindex/ArchiveIntermediates/FitCoach/IntermediateBuildFilesPath/FitCoach.build/Release-watchos/FitCoachWatchWidget.build/Objects-normal/arm64/Binary/FitCoachWatchWidget /Users/tianli/Library/Developer/Xcode/DerivedData/FitCoach-acaaowtqnaruxxgsuqzrckdbihlv/Build/Intermediates.noindex/ArchiveIntermediates/FitCoach/IntermediateBuildFilesPath/FitCoach.build/Release-watchos/FitCoachWatchWidget.build/Objects-normal/arm64_32/Binary/FitCoachWatchWidget -output /Users/tianli/Library/Developer/Xcode/DerivedData/FitCoach-acaaowtqnaruxxgsuqzrckdbihlv/Build/Intermediates.noindex/ArchiveIntermediates/FitCoach/IntermediateBuildFilesPath/UninstalledProducts/watchos/FitCoachWatchWidget.appex/FitCoachWatchWidget

ExtractAppIntentsMetadata (in target 'FitCoachWatchWidget' from project 'FitCoach')
    cd /Users/tianli/Apps/fitcoach/ios/01-源程序
    /Applications/Xcode.app/Contents/Developer/Toolchains/XcodeDefault.xctoolchain/usr/bin/appintentsmetadataprocessor --toolchain-dir /Applications/Xcode.app/Contents/Developer/Toolchains/XcodeDefault.xctoolchain --module-name FitCoachWatchWidget --sdk-root /Applications/Xcode.app/Contents/Developer/Platforms/WatchOS.platform/Developer/SDKs/WatchOS27.0.sdk --xcode-version 27A266a --platform-family watchOS --deployment-target 11.0 --bundle-identifier cyou.tianli.fitcoachapp.watchkitapp.widget --output /Users/tianli/Library/Developer/Xcode/DerivedData/FitCoach-acaaowtqnaruxxgsuqzrckdbihlv/Build/Intermediates.noindex/ArchiveIntermediates/FitCoach/IntermediateBuildFilesPath/UninstalledProducts/watchos/FitCoachWatchWidget.appex --target-triple arm64-apple-watchos11.0 --target-triple arm64_32-apple-watchos11.0 --binary-file /Users/tianli/Library/Developer/Xcode/DerivedData/FitCoach-acaaowtqnaruxxgsuqzrckdbihlv/Build/Intermediates.noindex/ArchiveIntermediates/FitCoach/IntermediateBuildFilesPath/UninstalledProducts/watchos/FitCoachWatchWidget.appex/FitCoachWatchWidget --dependency-file /Users/tianli/Library/Developer/Xcode/DerivedData/FitCoach-acaaowtqnaruxxgsuqzrckdbihlv/Build/Intermediates.noindex/ArchiveIntermediates/FitCoach/IntermediateBuildFilesPath/FitCoach.build/Release-watchos/FitCoachWatchWidget.build/Objects-normal/arm64/FitCoachWatchWidget_dependency_info.dat --dependency-file /Users/tianli/Library/Developer/Xcode/DerivedData/FitCoach-acaaowtqnaruxxgsuqzrckdbihlv/Build/Intermediates.noindex/ArchiveIntermediates/FitCoach/IntermediateBuildFilesPath/FitCoach.build/Release-watchos/FitCoachWatchWidget.build/Objects-normal/arm64_32/FitCoachWatchWidget_dependency_info.dat --stringsdata-file /Users/tianli/Library/Developer/Xcode/DerivedData/FitCoach-acaaowtqnaruxxgsuqzrckdbihlv/Build/Intermediates.noindex/ArchiveIntermediates/FitCoach/IntermediateBuildFilesPath/FitCoach.build/Release-watchos/FitCoachWatchWidget.build/Objects-normal/arm64/ExtractedAppShortcutsMetadata.stringsdata --stringsdata-file /Users/tianli/Library/Developer/Xcode/DerivedData/FitCoach-acaaowtqnaruxxgsuqzrckdbihlv/Build/Intermediates.noindex/ArchiveIntermediates/FitCoach/IntermediateBuildFilesPath/FitCoach.build/Release-watchos/FitCoachWatchWidget.build/Objects-normal/arm64_32/ExtractedAppShortcutsMetadata.stringsdata --source-file-list /Users/tianli/Library/Developer/Xcode/DerivedData/FitCoach-acaaowtqnaruxxgsuqzrckdbihlv/Build/Intermediates.noindex/ArchiveIntermediates/FitCoach/IntermediateBuildFilesPath/FitCoach.build/Release-watchos/FitCoachWatchWidget.build/Objects-normal/arm64/FitCoachWatchWidget.SwiftFileList --source-file-list /Users/tianli/Library/Developer/Xcode/DerivedData/FitCoach-acaaowtqnaruxxgsuqzrckdbihlv/Build/Intermediates.noindex/ArchiveIntermediates/FitCoach/IntermediateBuildFilesPath/FitCoach.build/Release-watchos/FitCoachWatchWidget.build/Objects-normal/arm64_32/FitCoachWatchWidget.SwiftFileList --metadata-file-list /Users/tianli/Library/Developer/Xcode/DerivedData/FitCoach-acaaowtqnaruxxgsuqzrckdbihlv/Build/Intermediates.noindex/ArchiveIntermediates/FitCoach/IntermediateBuildFilesPath/FitCoach.build/Release-watchos/FitCoachWatchWidget.build/FitCoachWatchWidget.DependencyMetadataFileList --static-metadata-file-list /Users/tianli/Library/Developer/Xcode/DerivedData/FitCoach-acaaowtqnaruxxgsuqzrckdbihlv/Build/Intermediates.noindex/ArchiveIntermediates/FitCoach/IntermediateBuildFilesPath/FitCoach.build/Release-watchos/FitCoachWatchWidget.build/FitCoachWatchWidget.DependencyStaticMetadataFileList --swift-const-vals-list /Users/tianli/Library/Developer/Xcode/DerivedData/FitCoach-acaaowtqnaruxxgsuqzrckdbihlv/Build/Intermediates.noindex/ArchiveIntermediates/FitCoach/IntermediateBuildFilesPath/FitCoach.build/Release-watchos/FitCoachWatchWidget.build/Objects-normal/arm64/FitCoachWatchWidget.SwiftConstValuesFileList --swift-const-vals-list /Users/tianli/Library/Developer/Xcode/DerivedData/FitCoach-acaaowtqnaruxxgsuqzrckdbihlv/Build/Intermediates.noindex/ArchiveIntermediates/FitCoach/IntermediateBuildFilesPath/FitCoach.build/Release-watchos/FitCoachWatchWidget.build/Objects-normal/arm64_32/FitCoachWatchWidget.SwiftConstValuesFileList --compile-time-extraction --deployment-aware-processing --no-app-shortcuts-localization
2026-10-06 14:39:07.589 appintentsmetadataprocessor[59068:7266358] Starting appintentsmetadataprocessor export
2026-10-06 14:39:08.403 appintentsmetadataprocessor[59068:7266358] Extracted no relevant App Intents symbols, skipping writing output

GenerateDSYMFile /Users/tianli/Library/Developer/Xcode/DerivedData/FitCoach-acaaowtqnaruxxgsuqzrckdbihlv/Build/Intermediates.noindex/ArchiveIntermediates/FitCoach/BuildProductsPath/Release-watchos/FitCoachWatchWidget.appex.dSYM /Users/tianli/Library/Developer/Xcode/DerivedData/FitCoach-acaaowtqnaruxxgsuqzrckdbihlv/Build/Intermediates.noindex/ArchiveIntermediates/FitCoach/IntermediateBuildFilesPath/UninstalledProducts/watchos/FitCoachWatchWidget.appex/FitCoachWatchWidget (in target 'FitCoachWatchWidget' from project 'FitCoach')
    cd /Users/tianli/Apps/fitcoach/ios/01-源程序
    export PATH\=/Applications/Xcode.app/Contents/SharedFrameworks/SwiftBuild.framework/Versions/A/PlugIns/SWBBuildService.bundle/Contents/PlugIns/SWBUniversalPlatformPlugin.bundle/Contents/Frameworks/SWBUniversalPlatform.framework/Resources:/Applications/Xcode.app/Contents/Developer/Toolchains/XcodeDefault.xctoolchain/usr/bin:/Applications/Xcode.app/Contents/Developer/Toolchains/XcodeDefault.xctoolchain/usr/local/bin:/Applications/Xcode.app/Contents/Developer/Toolchains/XcodeDefault.xctoolchain/usr/libexec:/Applications/Xcode.app/Contents/Developer/Platforms/WatchOS.platform/usr/bin:/Applications/Xcode.app/Contents/Developer/Platforms/WatchOS.platform/usr/local/bin:/Applications/Xcode.app/Contents/Developer/Platforms/WatchOS.platform/Developer/usr/bin:/Applications/Xcode.app/Contents/Developer/Platforms/WatchOS.platform/Developer/usr/local/bin:/Applications/Xcode.app/Contents/Developer/usr/bin:/Applications/Xcode.app/Contents/Developer/usr/local/bin:/usr/bin:/bin:/usr/sbin:/sbin:/Users/tianli/.codex/packages/app-server-daemon/releases/0.160.1-aarch64-apple-darwin/codex-path:/Users/tianli/.local/bin:/Users/tianli/.kimi-code/bin:/usr/local/opt/w3m/bin:/usr/local/go/bin:/Users/tianli/go/bin:/usr/local/opt/php/bin:/usr/local/opt/php/sbin:/opt/homebrew/opt/openjdk/bin:/Users/tianli/Dev/tools/scripts:/Users/tianli/Dev/tools/scripts/system:/Users/tianli/Dev/tools/scripts/system/services:/Users/tianli/Dev/tools/scripts/execute:/Users/tianli/Dev/tools/scripts/execute/tools:/Users/tianli/Dev/tools/scripts/execute/raycast:/Users/tianli/Dev/tools/scripts/execute/compare:/Users/tianli/Dev/tools/scripts/execute/macro:/Users/tianli/.codeium/windsurf/bin:/opt/homebrew/opt/ruby/bin:/Users/tianli/.orbstack/bin:/opt/homebrew/bin:/opt/homebrew/sbin:/usr/local/bin:/System/Cryptexes/App/usr/bin:/var/run/com.apple.security.cryptexd/codex.system/bootstrap/usr/local/bin:/var/run/com.apple.security.cryptexd/codex.system/bootstrap/usr/bin:/var/run/com.apple.security.cryptexd/codex.system/bootstrap/usr/appleinternal/bin:/pkg/env/global/bin:/Library/Apple/usr/bin:/Library/TeX/texbin:/usr/local/share/dotnet:/Applications/quarto/bin:/Users/tianli/.codex/tmp/arg0/codex-arg0WfTpcY:/Users/tianli/.codex/tmp/arg0/codex-arg0m8qLUM:/Users/tianli/.codex/packages/app-server-daemon/releases/0.160.0-aarch64-apple-darwin/codex-path:/Users/tianli/.codex/tmp/arg0/codex-arg04eOo5b:/opt/homebrew/Caskroom/codex/0.160.0/codex-path:/Applications/Ghostty.app/Contents/MacOS:/Users/tianli/Library/pnpm
    /Applications/Xcode.app/Contents/Developer/Toolchains/XcodeDefault.xctoolchain/usr/bin/dsymutil /Users/tianli/Library/Developer/Xcode/DerivedData/FitCoach-acaaowtqnaruxxgsuqzrckdbihlv/Build/Intermediates.noindex/ArchiveIntermediates/FitCoach/IntermediateBuildFilesPath/UninstalledProducts/watchos/FitCoachWatchWidget.appex/FitCoachWatchWidget -o /Users/tianli/Library/Developer/Xcode/DerivedData/FitCoach-acaaowtqnaruxxgsuqzrckdbihlv/Build/Intermediates.noindex/ArchiveIntermediates/FitCoach/BuildProductsPath/Release-watchos/FitCoachWatchWidget.appex.dSYM

Strip /Users/tianli/Library/Developer/Xcode/DerivedData/FitCoach-acaaowtqnaruxxgsuqzrckdbihlv/Build/Intermediates.noindex/ArchiveIntermediates/FitCoach/IntermediateBuildFilesPath/UninstalledProducts/watchos/FitCoachWatchWidget.appex/FitCoachWatchWidget (in target 'FitCoachWatchWidget' from project 'FitCoach')
    cd /Users/tianli/Apps/fitcoach/ios/01-源程序
    /Applications/Xcode.app/Contents/Developer/Toolchains/XcodeDefault.xctoolchain/usr/bin/strip -D -x -T /Users/tianli/Library/Developer/Xcode/DerivedData/FitCoach-acaaowtqnaruxxgsuqzrckdbihlv/Build/Intermediates.noindex/ArchiveIntermediates/FitCoach/IntermediateBuildFilesPath/UninstalledProducts/watchos/FitCoachWatchWidget.appex/FitCoachWatchWidget

SetOwnerAndGroup tianli:staff /Users/tianli/Library/Developer/Xcode/DerivedData/FitCoach-acaaowtqnaruxxgsuqzrckdbihlv/Build/Intermediates.noindex/ArchiveIntermediates/FitCoach/IntermediateBuildFilesPath/UninstalledProducts/watchos/FitCoachWatchWidget.appex (in target 'FitCoachWatchWidget' from project 'FitCoach')
    cd /Users/tianli/Apps/fitcoach/ios/01-源程序
    /usr/sbin/chown -RH tianli:staff /Users/tianli/Library/Developer/Xcode/DerivedData/FitCoach-acaaowtqnaruxxgsuqzrckdbihlv/Build/Intermediates.noindex/ArchiveIntermediates/FitCoach/IntermediateBuildFilesPath/UninstalledProducts/watchos/FitCoachWatchWidget.appex

SetMode u+w,go-w,a+rX /Users/tianli/Library/Developer/Xcode/DerivedData/FitCoach-acaaowtqnaruxxgsuqzrckdbihlv/Build/Intermediates.noindex/ArchiveIntermediates/FitCoach/IntermediateBuildFilesPath/UninstalledProducts/watchos/FitCoachWatchWidget.appex (in target 'FitCoachWatchWidget' from project 'FitCoach')
    cd /Users/tianli/Apps/fitcoach/ios/01-源程序
    /bin/chmod -RH u+w,go-w,a+rX /Users/tianli/Library/Developer/Xcode/DerivedData/FitCoach-acaaowtqnaruxxgsuqzrckdbihlv/Build/Intermediates.noindex/ArchiveIntermediates/FitCoach/IntermediateBuildFilesPath/UninstalledProducts/watchos/FitCoachWatchWidget.appex

CodeSign /Users/tianli/Library/Developer/Xcode/DerivedData/FitCoach-acaaowtqnaruxxgsuqzrckdbihlv/Build/Intermediates.noindex/ArchiveIntermediates/FitCoach/IntermediateBuildFilesPath/UninstalledProducts/watchos/FitCoachWatchWidget.appex (in target 'FitCoachWatchWidget' from project 'FitCoach')
    cd /Users/tianli/Apps/fitcoach/ios/01-源程序
    
    Signing Identity:     "Apple Development: zengtianli1@126.com (XADD6XV55H)"
    Provisioning Profile: "iOS Team Provisioning Profile: *"
                          (191f22e4-5b4f-452c-b24c-782a206475f9)
    
    /usr/bin/codesign --force --sign EE29F1EBB490D8505CE220E646907872FD75D65E --entitlements /Users/tianli/Library/Developer/Xcode/DerivedData/FitCoach-acaaowtqnaruxxgsuqzrckdbihlv/Build/Intermediates.noindex/ArchiveIntermediates/FitCoach/IntermediateBuildFilesPath/FitCoach.build/Release-watchos/FitCoachWatchWidget.build/FitCoachWatchWidget.appex.xcent --generate-entitlement-der /Users/tianli/Library/Developer/Xcode/DerivedData/FitCoach-acaaowtqnaruxxgsuqzrckdbihlv/Build/Intermediates.noindex/ArchiveIntermediates/FitCoach/IntermediateBuildFilesPath/UninstalledProducts/watchos/FitCoachWatchWidget.appex

RegisterExecutionPolicyException /Users/tianli/Library/Developer/Xcode/DerivedData/FitCoach-acaaowtqnaruxxgsuqzrckdbihlv/Build/Intermediates.noindex/ArchiveIntermediates/FitCoach/IntermediateBuildFilesPath/UninstalledProducts/watchos/FitCoachWatchWidget.appex (in target 'FitCoachWatchWidget' from project 'FitCoach')
    cd /Users/tianli/Apps/fitcoach/ios/01-源程序
    builtin-RegisterExecutionPolicyException /Users/tianli/Library/Developer/Xcode/DerivedData/FitCoach-acaaowtqnaruxxgsuqzrckdbihlv/Build/Intermediates.noindex/ArchiveIntermediates/FitCoach/IntermediateBuildFilesPath/UninstalledProducts/watchos/FitCoachWatchWidget.appex

Touch /Users/tianli/Library/Developer/Xcode/DerivedData/FitCoach-acaaowtqnaruxxgsuqzrckdbihlv/Build/Intermediates.noindex/ArchiveIntermediates/FitCoach/IntermediateBuildFilesPath/UninstalledProducts/watchos/FitCoachWatchWidget.appex (in target 'FitCoachWatchWidget' from project 'FitCoach')
    cd /Users/tianli/Apps/fitcoach/ios/01-源程序
    /usr/bin/touch -c /Users/tianli/Library/Developer/Xcode/DerivedData/FitCoach-acaaowtqnaruxxgsuqzrckdbihlv/Build/Intermediates.noindex/ArchiveIntermediates/FitCoach/IntermediateBuildFilesPath/UninstalledProducts/watchos/FitCoachWatchWidget.appex

LinkAssetCatalog /Users/tianli/Apps/fitcoach/ios/01-源程序/Resources/Assets.xcassets (in target 'FitCoachWatch' from project 'FitCoach')
    cd /Users/tianli/Apps/fitcoach/ios/01-源程序
    builtin-linkAssetCatalog --thinned /Users/tianli/Library/Developer/Xcode/DerivedData/FitCoach-acaaowtqnaruxxgsuqzrckdbihlv/Build/Intermediates.noindex/ArchiveIntermediates/FitCoach/IntermediateBuildFilesPath/FitCoach.build/Release-watchos/FitCoachWatch.build/assetcatalog_output/thinned --thinned-dependencies /Users/tianli/Library/Developer/Xcode/DerivedData/FitCoach-acaaowtqnaruxxgsuqzrckdbihlv/Build/Intermediates.noindex/ArchiveIntermediates/FitCoach/IntermediateBuildFilesPath/FitCoach.build/Release-watchos/FitCoachWatch.build/assetcatalog_dependencies_thinned --thinned-info-plist-content /Users/tianli/Library/Developer/Xcode/DerivedData/FitCoach-acaaowtqnaruxxgsuqzrckdbihlv/Build/Intermediates.noindex/ArchiveIntermediates/FitCoach/IntermediateBuildFilesPath/FitCoach.build/Release-watchos/FitCoachWatch.build/assetcatalog_generated_info.plist_thinned --unthinned /Users/tianli/Library/Developer/Xcode/DerivedData/FitCoach-acaaowtqnaruxxgsuqzrckdbihlv/Build/Intermediates.noindex/ArchiveIntermediates/FitCoach/IntermediateBuildFilesPath/FitCoach.build/Release-watchos/FitCoachWatch.build/assetcatalog_output/unthinned --unthinned-dependencies /Users/tianli/Library/Developer/Xcode/DerivedData/FitCoach-acaaowtqnaruxxgsuqzrckdbihlv/Build/Intermediates.noindex/ArchiveIntermediates/FitCoach/IntermediateBuildFilesPath/FitCoach.build/Release-watchos/FitCoachWatch.build/assetcatalog_dependencies_unthinned --unthinned-info-plist-content /Users/tianli/Library/Developer/Xcode/DerivedData/FitCoach-acaaowtqnaruxxgsuqzrckdbihlv/Build/Intermediates.noindex/ArchiveIntermediates/FitCoach/IntermediateBuildFilesPath/FitCoach.build/Release-watchos/FitCoachWatch.build/assetcatalog_generated_info.plist_unthinned --output /Users/tianli/Library/Developer/Xcode/DerivedData/FitCoach-acaaowtqnaruxxgsuqzrckdbihlv/Build/Intermediates.noindex/ArchiveIntermediates/FitCoach/IntermediateBuildFilesPath/UninstalledProducts/watchos/FitCoachWatch.app --plist-output /Users/tianli/Library/Developer/Xcode/DerivedData/FitCoach-acaaowtqnaruxxgsuqzrckdbihlv/Build/Intermediates.noindex/ArchiveIntermediates/FitCoach/IntermediateBuildFilesPath/FitCoach.build/Release-watchos/FitCoachWatch.build/assetcatalog_generated_info.plist
note: Emplaced /Users/tianli/Library/Developer/Xcode/DerivedData/FitCoach-acaaowtqnaruxxgsuqzrckdbihlv/Build/Intermediates.noindex/ArchiveIntermediates/FitCoach/IntermediateBuildFilesPath/UninstalledProducts/watchos/FitCoachWatch.app/Assets.car (in target 'FitCoachWatch' from project 'FitCoach')

SwiftDriverJobDiscovery normal arm64 Compiling ComplicationGallery.swift, ComplicationViews.swift, FitCoachWatchApp.swift, LaneSignal.swift, Models.swift, PlatformCompat.swift, RemoteUI.swift, SnapshotStore.swift, TimeKit.swift, WatchHomeView.swift, WatchModel.swift, WatchSnapshot.swift, GeneratedAssetSymbols.swift (in target 'FitCoachWatch' from project 'FitCoach')

SwiftDriver\ Compilation\ Requirements FitCoachWatch normal arm64 com.apple.xcode.tools.swift.compiler (in target 'FitCoachWatch' from project 'FitCoach')
    cd /Users/tianli/Apps/fitcoach/ios/01-源程序
    builtin-Swift-Compilation-Requirements -- /Applications/Xcode.app/Contents/Developer/Toolchains/XcodeDefault.xctoolchain/usr/bin/swiftc -module-name FitCoachWatch -O -whole-module-optimization @/Users/tianli/Library/Developer/Xcode/DerivedData/FitCoach-acaaowtqnaruxxgsuqzrckdbihlv/Build/Intermediates.noindex/ArchiveIntermediates/FitCoach/IntermediateBuildFilesPath/FitCoach.build/Release-watchos/FitCoachWatch.build/Objects-normal/arm64/FitCoachWatch.SwiftFileList -enable-bare-slash-regex -enable-experimental-feature DebugDescriptionMacro -sdk /Applications/Xcode.app/Contents/Developer/Platforms/WatchOS.platform/Developer/SDKs/WatchOS27.0.sdk -target arm64-apple-watchos11.0 -g -module-cache-path /Users/tianli/Library/Developer/Xcode/DerivedData/ModuleCache.noindex -Xfrontend -serialize-debugging-options -swift-version 5 -I /Users/tianli/Library/Developer/Xcode/DerivedData/FitCoach-acaaowtqnaruxxgsuqzrckdbihlv/Build/Intermediates.noindex/ArchiveIntermediates/FitCoach/BuildProductsPath/Release-watchos -F /Users/tianli/Library/Developer/Xcode/DerivedData/FitCoach-acaaowtqnaruxxgsuqzrckdbihlv/Build/Intermediates.noindex/ArchiveIntermediates/FitCoach/BuildProductsPath/Release-watchos -c -num-threads 10 -output-file-map /Users/tianli/Library/Developer/Xcode/DerivedData/FitCoach-acaaowtqnaruxxgsuqzrckdbihlv/Build/Intermediates.noindex/ArchiveIntermediates/FitCoach/IntermediateBuildFilesPath/FitCoach.build/Release-watchos/FitCoachWatch.build/Objects-normal/arm64/FitCoachWatch-OutputFileMap.json -save-temps -no-color-diagnostics -explicit-module-build -module-cache-path /Users/tianli/Library/Developer/Xcode/DerivedData/FitCoach-acaaowtqnaruxxgsuqzrckdbihlv/Build/Intermediates.noindex/ArchiveIntermediates/FitCoach/IntermediateBuildFilesPath/SwiftExplicitPrecompiledModules -clang-scanner-module-cache-path /Users/tianli/Library/Developer/Xcode/DerivedData/ModuleCache.noindex -sdk-module-cache-path /Users/tianli/Library/Developer/Xcode/DerivedData/SDKExplicitPrecompiledModules -emit-dependencies -emit-module -emit-module-path /Users/tianli/Library/Developer/Xcode/DerivedData/FitCoach-acaaowtqnaruxxgsuqzrckdbihlv/Build/Intermediates.noindex/ArchiveIntermediates/FitCoach/IntermediateBuildFilesPath/FitCoach.build/Release-watchos/FitCoachWatch.build/Objects-normal/arm64/FitCoachWatch.swiftmodule -serialize-diagnostics -dependency-scan-serialize-diagnostics-path /Users/tianli/Library/Developer/Xcode/DerivedData/FitCoach-acaaowtqnaruxxgsuqzrckdbihlv/Build/Intermediates.noindex/ArchiveIntermediates/FitCoach/IntermediateBuildFilesPath/FitCoach.build/Release-watchos/FitCoachWatch.build/Objects-normal/arm64/FitCoachWatch-dependency-scan.dia -validate-clang-modules-once -clang-build-session-file /Users/tianli/Library/Developer/Xcode/DerivedData/ModuleCache.noindex/Session.modulevalidation -Xcc -fmodules-prune-interval\=86400 -Xcc -fmodules-prune-after\=345600 -emit-const-values -const-gather-protocols-list /Users/tianli/Library/Developer/Xcode/DerivedData/FitCoach-acaaowtqnaruxxgsuqzrckdbihlv/Build/Intermediates.noindex/ArchiveIntermediates/FitCoach/IntermediateBuildFilesPath/FitCoach.build/Release-watchos/FitCoachWatch.build/Objects-normal/arm64/FitCoachWatch_const_extract_protocols.json -Xcc -iquote -Xcc /Users/tianli/Library/Developer/Xcode/DerivedData/FitCoach-acaaowtqnaruxxgsuqzrckdbihlv/Build/Intermediates.noindex/ArchiveIntermediates/FitCoach/IntermediateBuildFilesPath/FitCoach.build/Release-watchos/FitCoachWatch.build/FitCoachWatch-generated-files.hmap -Xcc -I/Users/tianli/Library/Developer/Xcode/DerivedData/FitCoach-acaaowtqnaruxxgsuqzrckdbihlv/Build/Intermediates.noindex/ArchiveIntermediates/FitCoach/IntermediateBuildFilesPath/FitCoach.build/Release-watchos/FitCoachWatch.build/FitCoachWatch-own-target-headers.hmap -Xcc -I/Users/tianli/Library/Developer/Xcode/DerivedData/FitCoach-acaaowtqnaruxxgsuqzrckdbihlv/Build/Intermediates.noindex/ArchiveIntermediates/FitCoach/IntermediateBuildFilesPath/FitCoach.build/Release-watchos/FitCoachWatch.build/FitCoachWatch-all-target-headers.hmap -Xcc -iquote -Xcc /Users/tianli/Library/Developer/Xcode/DerivedData/FitCoach-acaaowtqnaruxxgsuqzrckdbihlv/Build/Intermediates.noindex/ArchiveIntermediates/FitCoach/IntermediateBuildFilesPath/FitCoach.build/Release-watchos/FitCoachWatch.build/FitCoachWatch-project-headers.hmap -Xcc -I/Users/tianli/Library/Developer/Xcode/DerivedData/FitCoach-acaaowtqnaruxxgsuqzrckdbihlv/Build/Intermediates.noindex/ArchiveIntermediates/FitCoach/BuildProductsPath/Release-watchos/include -Xcc -I/Users/tianli/Library/Developer/Xcode/DerivedData/FitCoach-acaaowtqnaruxxgsuqzrckdbihlv/Build/Intermediates.noindex/ArchiveIntermediates/FitCoach/IntermediateBuildFilesPath/FitCoach.build/Release-watchos/FitCoachWatch.build/DerivedSources-normal/arm64 -Xcc -I/Users/tianli/Library/Developer/Xcode/DerivedData/FitCoach-acaaowtqnaruxxgsuqzrckdbihlv/Build/Intermediates.noindex/ArchiveIntermediates/FitCoach/IntermediateBuildFilesPath/FitCoach.build/Release-watchos/FitCoachWatch.build/DerivedSources/arm64 -Xcc -I/Users/tianli/Library/Developer/Xcode/DerivedData/FitCoach-acaaowtqnaruxxgsuqzrckdbihlv/Build/Intermediates.noindex/ArchiveIntermediates/FitCoach/IntermediateBuildFilesPath/FitCoach.build/Release-watchos/FitCoachWatch.build/DerivedSources -emit-objc-header -emit-objc-header-path /Users/tianli/Library/Developer/Xcode/DerivedData/FitCoach-acaaowtqnaruxxgsuqzrckdbihlv/Build/Intermediates.noindex/ArchiveIntermediates/FitCoach/IntermediateBuildFilesPath/FitCoach.build/Release-watchos/FitCoachWatch.build/Objects-normal/arm64/FitCoachWatch-Swift.h -working-directory /Users/tianli/Apps/fitcoach/ios/01-源程序 -no-emit-module-separately-wmo

Copy /Users/tianli/Library/Developer/Xcode/DerivedData/FitCoach-acaaowtqnaruxxgsuqzrckdbihlv/Build/Intermediates.noindex/ArchiveIntermediates/FitCoach/BuildProductsPath/Release-watchos/FitCoachWatch.swiftmodule/arm64-apple-watchos.swiftmodule /Users/tianli/Library/Developer/Xcode/DerivedData/FitCoach-acaaowtqnaruxxgsuqzrckdbihlv/Build/Intermediates.noindex/ArchiveIntermediates/FitCoach/IntermediateBuildFilesPath/FitCoach.build/Release-watchos/FitCoachWatch.build/Objects-normal/arm64/FitCoachWatch.swiftmodule (in target 'FitCoachWatch' from project 'FitCoach')
    cd /Users/tianli/Apps/fitcoach/ios/01-源程序
    builtin-copy -exclude .DS_Store -exclude CVS -exclude .svn -exclude .git -exclude .hg -resolve-src-symlinks -rename /Users/tianli/Library/Developer/Xcode/DerivedData/FitCoach-acaaowtqnaruxxgsuqzrckdbihlv/Build/Intermediates.noindex/ArchiveIntermediates/FitCoach/IntermediateBuildFilesPath/FitCoach.build/Release-watchos/FitCoachWatch.build/Objects-normal/arm64/FitCoachWatch.swiftmodule /Users/tianli/Library/Developer/Xcode/DerivedData/FitCoach-acaaowtqnaruxxgsuqzrckdbihlv/Build/Intermediates.noindex/ArchiveIntermediates/FitCoach/BuildProductsPath/Release-watchos/FitCoachWatch.swiftmodule/arm64-apple-watchos.swiftmodule

Copy /Users/tianli/Library/Developer/Xcode/DerivedData/FitCoach-acaaowtqnaruxxgsuqzrckdbihlv/Build/Intermediates.noindex/ArchiveIntermediates/FitCoach/BuildProductsPath/Release-watchos/FitCoachWatch.swiftmodule/arm64-apple-watchos.abi.json /Users/tianli/Library/Developer/Xcode/DerivedData/FitCoach-acaaowtqnaruxxgsuqzrckdbihlv/Build/Intermediates.noindex/ArchiveIntermediates/FitCoach/IntermediateBuildFilesPath/FitCoach.build/Release-watchos/FitCoachWatch.build/Objects-normal/arm64/FitCoachWatch.abi.json (in target 'FitCoachWatch' from project 'FitCoach')
    cd /Users/tianli/Apps/fitcoach/ios/01-源程序
    builtin-copy -exclude .DS_Store -exclude CVS -exclude .svn -exclude .git -exclude .hg -resolve-src-symlinks -rename /Users/tianli/Library/Developer/Xcode/DerivedData/FitCoach-acaaowtqnaruxxgsuqzrckdbihlv/Build/Intermediates.noindex/ArchiveIntermediates/FitCoach/IntermediateBuildFilesPath/FitCoach.build/Release-watchos/FitCoachWatch.build/Objects-normal/arm64/FitCoachWatch.abi.json /Users/tianli/Library/Developer/Xcode/DerivedData/FitCoach-acaaowtqnaruxxgsuqzrckdbihlv/Build/Intermediates.noindex/ArchiveIntermediates/FitCoach/BuildProductsPath/Release-watchos/FitCoachWatch.swiftmodule/arm64-apple-watchos.abi.json

Copy /Users/tianli/Library/Developer/Xcode/DerivedData/FitCoach-acaaowtqnaruxxgsuqzrckdbihlv/Build/Intermediates.noindex/ArchiveIntermediates/FitCoach/BuildProductsPath/Release-watchos/FitCoachWatch.swiftmodule/arm64-apple-watchos.swiftdoc /Users/tianli/Library/Developer/Xcode/DerivedData/FitCoach-acaaowtqnaruxxgsuqzrckdbihlv/Build/Intermediates.noindex/ArchiveIntermediates/FitCoach/IntermediateBuildFilesPath/FitCoach.build/Release-watchos/FitCoachWatch.build/Objects-normal/arm64/FitCoachWatch.swiftdoc (in target 'FitCoachWatch' from project 'FitCoach')
    cd /Users/tianli/Apps/fitcoach/ios/01-源程序
    builtin-copy -exclude .DS_Store -exclude CVS -exclude .svn -exclude .git -exclude .hg -resolve-src-symlinks -rename /Users/tianli/Library/Developer/Xcode/DerivedData/FitCoach-acaaowtqnaruxxgsuqzrckdbihlv/Build/Intermediates.noindex/ArchiveIntermediates/FitCoach/IntermediateBuildFilesPath/FitCoach.build/Release-watchos/FitCoachWatch.build/Objects-normal/arm64/FitCoachWatch.swiftdoc /Users/tianli/Library/Developer/Xcode/DerivedData/FitCoach-acaaowtqnaruxxgsuqzrckdbihlv/Build/Intermediates.noindex/ArchiveIntermediates/FitCoach/BuildProductsPath/Release-watchos/FitCoachWatch.swiftmodule/arm64-apple-watchos.swiftdoc

SwiftDriverJobDiscovery normal arm64_32 Compiling ComplicationGallery.swift, ComplicationViews.swift, FitCoachWatchApp.swift, LaneSignal.swift, Models.swift, PlatformCompat.swift, RemoteUI.swift, SnapshotStore.swift, TimeKit.swift, WatchHomeView.swift, WatchModel.swift, WatchSnapshot.swift, GeneratedAssetSymbols.swift (in target 'FitCoachWatch' from project 'FitCoach')

SwiftDriver\ Compilation\ Requirements FitCoachWatch normal arm64_32 com.apple.xcode.tools.swift.compiler (in target 'FitCoachWatch' from project 'FitCoach')
    cd /Users/tianli/Apps/fitcoach/ios/01-源程序
    builtin-Swift-Compilation-Requirements -- /Applications/Xcode.app/Contents/Developer/Toolchains/XcodeDefault.xctoolchain/usr/bin/swiftc -module-name FitCoachWatch -O -whole-module-optimization @/Users/tianli/Library/Developer/Xcode/DerivedData/FitCoach-acaaowtqnaruxxgsuqzrckdbihlv/Build/Intermediates.noindex/ArchiveIntermediates/FitCoach/IntermediateBuildFilesPath/FitCoach.build/Release-watchos/FitCoachWatch.build/Objects-normal/arm64_32/FitCoachWatch.SwiftFileList -enable-bare-slash-regex -enable-experimental-feature DebugDescriptionMacro -sdk /Applications/Xcode.app/Contents/Developer/Platforms/WatchOS.platform/Developer/SDKs/WatchOS27.0.sdk -target arm64_32-apple-watchos11.0 -g -module-cache-path /Users/tianli/Library/Developer/Xcode/DerivedData/ModuleCache.noindex -Xfrontend -serialize-debugging-options -swift-version 5 -I /Users/tianli/Library/Developer/Xcode/DerivedData/FitCoach-acaaowtqnaruxxgsuqzrckdbihlv/Build/Intermediates.noindex/ArchiveIntermediates/FitCoach/BuildProductsPath/Release-watchos -F /Users/tianli/Library/Developer/Xcode/DerivedData/FitCoach-acaaowtqnaruxxgsuqzrckdbihlv/Build/Intermediates.noindex/ArchiveIntermediates/FitCoach/BuildProductsPath/Release-watchos -c -num-threads 10 -output-file-map /Users/tianli/Library/Developer/Xcode/DerivedData/FitCoach-acaaowtqnaruxxgsuqzrckdbihlv/Build/Intermediates.noindex/ArchiveIntermediates/FitCoach/IntermediateBuildFilesPath/FitCoach.build/Release-watchos/FitCoachWatch.build/Objects-normal/arm64_32/FitCoachWatch-OutputFileMap.json -save-temps -no-color-diagnostics -explicit-module-build -module-cache-path /Users/tianli/Library/Developer/Xcode/DerivedData/FitCoach-acaaowtqnaruxxgsuqzrckdbihlv/Build/Intermediates.noindex/ArchiveIntermediates/FitCoach/IntermediateBuildFilesPath/SwiftExplicitPrecompiledModules -clang-scanner-module-cache-path /Users/tianli/Library/Developer/Xcode/DerivedData/ModuleCache.noindex -sdk-module-cache-path /Users/tianli/Library/Developer/Xcode/DerivedData/SDKExplicitPrecompiledModules -emit-dependencies -emit-module -emit-module-path /Users/tianli/Library/Developer/Xcode/DerivedData/FitCoach-acaaowtqnaruxxgsuqzrckdbihlv/Build/Intermediates.noindex/ArchiveIntermediates/FitCoach/IntermediateBuildFilesPath/FitCoach.build/Release-watchos/FitCoachWatch.build/Objects-normal/arm64_32/FitCoachWatch.swiftmodule -serialize-diagnostics -dependency-scan-serialize-diagnostics-path /Users/tianli/Library/Developer/Xcode/DerivedData/FitCoach-acaaowtqnaruxxgsuqzrckdbihlv/Build/Intermediates.noindex/ArchiveIntermediates/FitCoach/IntermediateBuildFilesPath/FitCoach.build/Release-watchos/FitCoachWatch.build/Objects-normal/arm64_32/FitCoachWatch-dependency-scan.dia -validate-clang-modules-once -clang-build-session-file /Users/tianli/Library/Developer/Xcode/DerivedData/ModuleCache.noindex/Session.modulevalidation -Xcc -fmodules-prune-interval\=86400 -Xcc -fmodules-prune-after\=345600 -emit-const-values -const-gather-protocols-list /Users/tianli/Library/Developer/Xcode/DerivedData/FitCoach-acaaowtqnaruxxgsuqzrckdbihlv/Build/Intermediates.noindex/ArchiveIntermediates/FitCoach/IntermediateBuildFilesPath/FitCoach.build/Release-watchos/FitCoachWatch.build/Objects-normal/arm64_32/FitCoachWatch_const_extract_protocols.json -Xcc -iquote -Xcc /Users/tianli/Library/Developer/Xcode/DerivedData/FitCoach-acaaowtqnaruxxgsuqzrckdbihlv/Build/Intermediates.noindex/ArchiveIntermediates/FitCoach/IntermediateBuildFilesPath/FitCoach.build/Release-watchos/FitCoachWatch.build/FitCoachWatch-generated-files.hmap -Xcc -I/Users/tianli/Library/Developer/Xcode/DerivedData/FitCoach-acaaowtqnaruxxgsuqzrckdbihlv/Build/Intermediates.noindex/ArchiveIntermediates/FitCoach/IntermediateBuildFilesPath/FitCoach.build/Release-watchos/FitCoachWatch.build/FitCoachWatch-own-target-headers.hmap -Xcc -I/Users/tianli/Library/Developer/Xcode/DerivedData/FitCoach-acaaowtqnaruxxgsuqzrckdbihlv/Build/Intermediates.noindex/ArchiveIntermediates/FitCoach/IntermediateBuildFilesPath/FitCoach.build/Release-watchos/FitCoachWatch.build/FitCoachWatch-all-target-headers.hmap -Xcc -iquote -Xcc /Users/tianli/Library/Developer/Xcode/DerivedData/FitCoach-acaaowtqnaruxxgsuqzrckdbihlv/Build/Intermediates.noindex/ArchiveIntermediates/FitCoach/IntermediateBuildFilesPath/FitCoach.build/Release-watchos/FitCoachWatch.build/FitCoachWatch-project-headers.hmap -Xcc -I/Users/tianli/Library/Developer/Xcode/DerivedData/FitCoach-acaaowtqnaruxxgsuqzrckdbihlv/Build/Intermediates.noindex/ArchiveIntermediates/FitCoach/BuildProductsPath/Release-watchos/include -Xcc -I/Users/tianli/Library/Developer/Xcode/DerivedData/FitCoach-acaaowtqnaruxxgsuqzrckdbihlv/Build/Intermediates.noindex/ArchiveIntermediates/FitCoach/IntermediateBuildFilesPath/FitCoach.build/Release-watchos/FitCoachWatch.build/DerivedSources-normal/arm64_32 -Xcc -I/Users/tianli/Library/Developer/Xcode/DerivedData/FitCoach-acaaowtqnaruxxgsuqzrckdbihlv/Build/Intermediates.noindex/ArchiveIntermediates/FitCoach/IntermediateBuildFilesPath/FitCoach.build/Release-watchos/FitCoachWatch.build/DerivedSources/arm64_32 -Xcc -I/Users/tianli/Library/Developer/Xcode/DerivedData/FitCoach-acaaowtqnaruxxgsuqzrckdbihlv/Build/Intermediates.noindex/ArchiveIntermediates/FitCoach/IntermediateBuildFilesPath/FitCoach.build/Release-watchos/FitCoachWatch.build/DerivedSources -emit-objc-header -emit-objc-header-path /Users/tianli/Library/Developer/Xcode/DerivedData/FitCoach-acaaowtqnaruxxgsuqzrckdbihlv/Build/Intermediates.noindex/ArchiveIntermediates/FitCoach/IntermediateBuildFilesPath/FitCoach.build/Release-watchos/FitCoachWatch.build/Objects-normal/arm64_32/FitCoachWatch-Swift.h -working-directory /Users/tianli/Apps/fitcoach/ios/01-源程序 -no-emit-module-separately-wmo

SwiftMergeGeneratedHeaders /Users/tianli/Library/Developer/Xcode/DerivedData/FitCoach-acaaowtqnaruxxgsuqzrckdbihlv/Build/Intermediates.noindex/ArchiveIntermediates/FitCoach/IntermediateBuildFilesPath/FitCoach.build/Release-watchos/FitCoachWatch.build/DerivedSources/FitCoachWatch-Swift.h /Users/tianli/Library/Developer/Xcode/DerivedData/FitCoach-acaaowtqnaruxxgsuqzrckdbihlv/Build/Intermediates.noindex/ArchiveIntermediates/FitCoach/IntermediateBuildFilesPath/FitCoach.build/Release-watchos/FitCoachWatch.build/Objects-normal/arm64/FitCoachWatch-Swift.h /Users/tianli/Library/Developer/Xcode/DerivedData/FitCoach-acaaowtqnaruxxgsuqzrckdbihlv/Build/Intermediates.noindex/ArchiveIntermediates/FitCoach/IntermediateBuildFilesPath/FitCoach.build/Release-watchos/FitCoachWatch.build/Objects-normal/arm64_32/FitCoachWatch-Swift.h (in target 'FitCoachWatch' from project 'FitCoach')
    cd /Users/tianli/Apps/fitcoach/ios/01-源程序
    builtin-swiftHeaderTool -arch arm64 /Users/tianli/Library/Developer/Xcode/DerivedData/FitCoach-acaaowtqnaruxxgsuqzrckdbihlv/Build/Intermediates.noindex/ArchiveIntermediates/FitCoach/IntermediateBuildFilesPath/FitCoach.build/Release-watchos/FitCoachWatch.build/Objects-normal/arm64/FitCoachWatch-Swift.h -arch arm64_32 /Users/tianli/Library/Developer/Xcode/DerivedData/FitCoach-acaaowtqnaruxxgsuqzrckdbihlv/Build/Intermediates.noindex/ArchiveIntermediates/FitCoach/IntermediateBuildFilesPath/FitCoach.build/Release-watchos/FitCoachWatch.build/Objects-normal/arm64_32/FitCoachWatch-Swift.h -o /Users/tianli/Library/Developer/Xcode/DerivedData/FitCoach-acaaowtqnaruxxgsuqzrckdbihlv/Build/Intermediates.noindex/ArchiveIntermediates/FitCoach/IntermediateBuildFilesPath/FitCoach.build/Release-watchos/FitCoachWatch.build/DerivedSources/FitCoachWatch-Swift.h

Copy /Users/tianli/Library/Developer/Xcode/DerivedData/FitCoach-acaaowtqnaruxxgsuqzrckdbihlv/Build/Intermediates.noindex/ArchiveIntermediates/FitCoach/BuildProductsPath/Release-watchos/FitCoachWatch.swiftmodule/arm64_32-apple-watchos.swiftmodule /Users/tianli/Library/Developer/Xcode/DerivedData/FitCoach-acaaowtqnaruxxgsuqzrckdbihlv/Build/Intermediates.noindex/ArchiveIntermediates/FitCoach/IntermediateBuildFilesPath/FitCoach.build/Release-watchos/FitCoachWatch.build/Objects-normal/arm64_32/FitCoachWatch.swiftmodule (in target 'FitCoachWatch' from project 'FitCoach')
    cd /Users/tianli/Apps/fitcoach/ios/01-源程序
    builtin-copy -exclude .DS_Store -exclude CVS -exclude .svn -exclude .git -exclude .hg -resolve-src-symlinks -rename /Users/tianli/Library/Developer/Xcode/DerivedData/FitCoach-acaaowtqnaruxxgsuqzrckdbihlv/Build/Intermediates.noindex/ArchiveIntermediates/FitCoach/IntermediateBuildFilesPath/FitCoach.build/Release-watchos/FitCoachWatch.build/Objects-normal/arm64_32/FitCoachWatch.swiftmodule /Users/tianli/Library/Developer/Xcode/DerivedData/FitCoach-acaaowtqnaruxxgsuqzrckdbihlv/Build/Intermediates.noindex/ArchiveIntermediates/FitCoach/BuildProductsPath/Release-watchos/FitCoachWatch.swiftmodule/arm64_32-apple-watchos.swiftmodule

Copy /Users/tianli/Library/Developer/Xcode/DerivedData/FitCoach-acaaowtqnaruxxgsuqzrckdbihlv/Build/Intermediates.noindex/ArchiveIntermediates/FitCoach/BuildProductsPath/Release-watchos/FitCoachWatch.swiftmodule/arm64_32-apple-watchos.swiftdoc /Users/tianli/Library/Developer/Xcode/DerivedData/FitCoach-acaaowtqnaruxxgsuqzrckdbihlv/Build/Intermediates.noindex/ArchiveIntermediates/FitCoach/IntermediateBuildFilesPath/FitCoach.build/Release-watchos/FitCoachWatch.build/Objects-normal/arm64_32/FitCoachWatch.swiftdoc (in target 'FitCoachWatch' from project 'FitCoach')
    cd /Users/tianli/Apps/fitcoach/ios/01-源程序
    builtin-copy -exclude .DS_Store -exclude CVS -exclude .svn -exclude .git -exclude .hg -resolve-src-symlinks -rename /Users/tianli/Library/Developer/Xcode/DerivedData/FitCoach-acaaowtqnaruxxgsuqzrckdbihlv/Build/Intermediates.noindex/ArchiveIntermediates/FitCoach/IntermediateBuildFilesPath/FitCoach.build/Release-watchos/FitCoachWatch.build/Objects-normal/arm64_32/FitCoachWatch.swiftdoc /Users/tianli/Library/Developer/Xcode/DerivedData/FitCoach-acaaowtqnaruxxgsuqzrckdbihlv/Build/Intermediates.noindex/ArchiveIntermediates/FitCoach/BuildProductsPath/Release-watchos/FitCoachWatch.swiftmodule/arm64_32-apple-watchos.swiftdoc

Copy /Users/tianli/Library/Developer/Xcode/DerivedData/FitCoach-acaaowtqnaruxxgsuqzrckdbihlv/Build/Intermediates.noindex/ArchiveIntermediates/FitCoach/BuildProductsPath/Release-watchos/FitCoachWatch.swiftmodule/arm64_32-apple-watchos.abi.json /Users/tianli/Library/Developer/Xcode/DerivedData/FitCoach-acaaowtqnaruxxgsuqzrckdbihlv/Build/Intermediates.noindex/ArchiveIntermediates/FitCoach/IntermediateBuildFilesPath/FitCoach.build/Release-watchos/FitCoachWatch.build/Objects-normal/arm64_32/FitCoachWatch.abi.json (in target 'FitCoachWatch' from project 'FitCoach')
    cd /Users/tianli/Apps/fitcoach/ios/01-源程序
    builtin-copy -exclude .DS_Store -exclude CVS -exclude .svn -exclude .git -exclude .hg -resolve-src-symlinks -rename /Users/tianli/Library/Developer/Xcode/DerivedData/FitCoach-acaaowtqnaruxxgsuqzrckdbihlv/Build/Intermediates.noindex/ArchiveIntermediates/FitCoach/IntermediateBuildFilesPath/FitCoach.build/Release-watchos/FitCoachWatch.build/Objects-normal/arm64_32/FitCoachWatch.abi.json /Users/tianli/Library/Developer/Xcode/DerivedData/FitCoach-acaaowtqnaruxxgsuqzrckdbihlv/Build/Intermediates.noindex/ArchiveIntermediates/FitCoach/BuildProductsPath/Release-watchos/FitCoachWatch.swiftmodule/arm64_32-apple-watchos.abi.json

Ld /Users/tianli/Library/Developer/Xcode/DerivedData/FitCoach-acaaowtqnaruxxgsuqzrckdbihlv/Build/Intermediates.noindex/ArchiveIntermediates/FitCoach/IntermediateBuildFilesPath/FitCoach.build/Release-watchos/FitCoachWatch.build/Objects-normal/arm64_32/Binary/FitCoachWatch normal arm64_32 (in target 'FitCoachWatch' from project 'FitCoach')
    cd /Users/tianli/Apps/fitcoach/ios/01-源程序
    /Applications/Xcode.app/Contents/Developer/Toolchains/XcodeDefault.xctoolchain/usr/bin/clang -Xlinker -reproducible -target arm64_32-apple-watchos11.0 -isysroot /Applications/Xcode.app/Contents/Developer/Platforms/WatchOS.platform/Developer/SDKs/WatchOS27.0.sdk -Os -Xlinker -no_warn_duplicate_libraries -L/Users/tianli/Library/Developer/Xcode/DerivedData/FitCoach-acaaowtqnaruxxgsuqzrckdbihlv/Build/Intermediates.noindex/ArchiveIntermediates/FitCoach/IntermediateBuildFilesPath/EagerLinkingTBDs/Release-watchos -L/Users/tianli/Library/Developer/Xcode/DerivedData/FitCoach-acaaowtqnaruxxgsuqzrckdbihlv/Build/Intermediates.noindex/ArchiveIntermediates/FitCoach/BuildProductsPath/Release-watchos -F/Users/tianli/Library/Developer/Xcode/DerivedData/FitCoach-acaaowtqnaruxxgsuqzrckdbihlv/Build/Intermediates.noindex/ArchiveIntermediates/FitCoach/IntermediateBuildFilesPath/EagerLinkingTBDs/Release-watchos -F/Users/tianli/Library/Developer/Xcode/DerivedData/FitCoach-acaaowtqnaruxxgsuqzrckdbihlv/Build/Intermediates.noindex/ArchiveIntermediates/FitCoach/BuildProductsPath/Release-watchos -filelist /Users/tianli/Library/Developer/Xcode/DerivedData/FitCoach-acaaowtqnaruxxgsuqzrckdbihlv/Build/Intermediates.noindex/ArchiveIntermediates/FitCoach/IntermediateBuildFilesPath/FitCoach.build/Release-watchos/FitCoachWatch.build/Objects-normal/arm64_32/FitCoachWatch.LinkFileList -Xlinker -rpath -Xlinker /usr/lib/swift -Xlinker -dead_strip -Xlinker -object_path_lto -Xlinker /Users/tianli/Library/Developer/Xcode/DerivedData/FitCoach-acaaowtqnaruxxgsuqzrckdbihlv/Build/Intermediates.noindex/ArchiveIntermediates/FitCoach/IntermediateBuildFilesPath/FitCoach.build/Release-watchos/FitCoachWatch.build/Objects-normal/arm64_32/FitCoachWatch_lto.o -Xlinker -dependency_info -Xlinker /Users/tianli/Library/Developer/Xcode/DerivedData/FitCoach-acaaowtqnaruxxgsuqzrckdbihlv/Build/Intermediates.noindex/ArchiveIntermediates/FitCoach/IntermediateBuildFilesPath/FitCoach.build/Release-watchos/FitCoachWatch.build/Objects-normal/arm64_32/FitCoachWatch_dependency_info.dat -fobjc-link-runtime -L/Applications/Xcode.app/Contents/Developer/Toolchains/XcodeDefault.xctoolchain/usr/lib/swift/watchos -L/usr/lib/swift -Xlinker -add_ast_path -Xlinker /Users/tianli/Library/Developer/Xcode/DerivedData/FitCoach-acaaowtqnaruxxgsuqzrckdbihlv/Build/Intermediates.noindex/ArchiveIntermediates/FitCoach/IntermediateBuildFilesPath/FitCoach.build/Release-watchos/FitCoachWatch.build/Objects-normal/arm64_32/FitCoachWatch.swiftmodule -Xlinker -no_adhoc_codesign -o /Users/tianli/Library/Developer/Xcode/DerivedData/FitCoach-acaaowtqnaruxxgsuqzrckdbihlv/Build/Intermediates.noindex/ArchiveIntermediates/FitCoach/IntermediateBuildFilesPath/FitCoach.build/Release-watchos/FitCoachWatch.build/Objects-normal/arm64_32/Binary/FitCoachWatch

Ld /Users/tianli/Library/Developer/Xcode/DerivedData/FitCoach-acaaowtqnaruxxgsuqzrckdbihlv/Build/Intermediates.noindex/ArchiveIntermediates/FitCoach/IntermediateBuildFilesPath/FitCoach.build/Release-watchos/FitCoachWatch.build/Objects-normal/arm64/Binary/FitCoachWatch normal arm64 (in target 'FitCoachWatch' from project 'FitCoach')
    cd /Users/tianli/Apps/fitcoach/ios/01-源程序
    /Applications/Xcode.app/Contents/Developer/Toolchains/XcodeDefault.xctoolchain/usr/bin/clang -Xlinker -reproducible -target arm64-apple-watchos11.0 -isysroot /Applications/Xcode.app/Contents/Developer/Platforms/WatchOS.platform/Developer/SDKs/WatchOS27.0.sdk -Os -Xlinker -no_warn_duplicate_libraries -L/Users/tianli/Library/Developer/Xcode/DerivedData/FitCoach-acaaowtqnaruxxgsuqzrckdbihlv/Build/Intermediates.noindex/ArchiveIntermediates/FitCoach/IntermediateBuildFilesPath/EagerLinkingTBDs/Release-watchos -L/Users/tianli/Library/Developer/Xcode/DerivedData/FitCoach-acaaowtqnaruxxgsuqzrckdbihlv/Build/Intermediates.noindex/ArchiveIntermediates/FitCoach/BuildProductsPath/Release-watchos -F/Users/tianli/Library/Developer/Xcode/DerivedData/FitCoach-acaaowtqnaruxxgsuqzrckdbihlv/Build/Intermediates.noindex/ArchiveIntermediates/FitCoach/IntermediateBuildFilesPath/EagerLinkingTBDs/Release-watchos -F/Users/tianli/Library/Developer/Xcode/DerivedData/FitCoach-acaaowtqnaruxxgsuqzrckdbihlv/Build/Intermediates.noindex/ArchiveIntermediates/FitCoach/BuildProductsPath/Release-watchos -filelist /Users/tianli/Library/Developer/Xcode/DerivedData/FitCoach-acaaowtqnaruxxgsuqzrckdbihlv/Build/Intermediates.noindex/ArchiveIntermediates/FitCoach/IntermediateBuildFilesPath/FitCoach.build/Release-watchos/FitCoachWatch.build/Objects-normal/arm64/FitCoachWatch.LinkFileList -Xlinker -rpath -Xlinker /usr/lib/swift -Xlinker -dead_strip -Xlinker -object_path_lto -Xlinker /Users/tianli/Library/Developer/Xcode/DerivedData/FitCoach-acaaowtqnaruxxgsuqzrckdbihlv/Build/Intermediates.noindex/ArchiveIntermediates/FitCoach/IntermediateBuildFilesPath/FitCoach.build/Release-watchos/FitCoachWatch.build/Objects-normal/arm64/FitCoachWatch_lto.o -Xlinker -dependency_info -Xlinker /Users/tianli/Library/Developer/Xcode/DerivedData/FitCoach-acaaowtqnaruxxgsuqzrckdbihlv/Build/Intermediates.noindex/ArchiveIntermediates/FitCoach/IntermediateBuildFilesPath/FitCoach.build/Release-watchos/FitCoachWatch.build/Objects-normal/arm64/FitCoachWatch_dependency_info.dat -fobjc-link-runtime -L/Applications/Xcode.app/Contents/Developer/Toolchains/XcodeDefault.xctoolchain/usr/lib/swift/watchos -L/usr/lib/swift -Xlinker -add_ast_path -Xlinker /Users/tianli/Library/Developer/Xcode/DerivedData/FitCoach-acaaowtqnaruxxgsuqzrckdbihlv/Build/Intermediates.noindex/ArchiveIntermediates/FitCoach/IntermediateBuildFilesPath/FitCoach.build/Release-watchos/FitCoachWatch.build/Objects-normal/arm64/FitCoachWatch.swiftmodule -Xlinker -no_adhoc_codesign -o /Users/tianli/Library/Developer/Xcode/DerivedData/FitCoach-acaaowtqnaruxxgsuqzrckdbihlv/Build/Intermediates.noindex/ArchiveIntermediates/FitCoach/IntermediateBuildFilesPath/FitCoach.build/Release-watchos/FitCoachWatch.build/Objects-normal/arm64/Binary/FitCoachWatch

ProcessProductPackaging /Users/tianli/Library/Developer/Xcode/UserData/Provisioning\ Profiles/d49fe64d-dd38-4e6c-a3a1-240d77cdfdb4.mobileprovision /Users/tianli/Library/Developer/Xcode/DerivedData/FitCoach-acaaowtqnaruxxgsuqzrckdbihlv/Build/Intermediates.noindex/ArchiveIntermediates/FitCoach/InstallationBuildProductsLocation/Applications/FitCoach.app/embedded.mobileprovision (in target 'FitCoach' from project 'FitCoach')
    cd /Users/tianli/Apps/fitcoach/ios/01-源程序
    builtin-productPackagingUtility /Users/tianli/Library/Developer/Xcode/UserData/Provisioning\ Profiles/d49fe64d-dd38-4e6c-a3a1-240d77cdfdb4.mobileprovision -o /Users/tianli/Library/Developer/Xcode/DerivedData/FitCoach-acaaowtqnaruxxgsuqzrckdbihlv/Build/Intermediates.noindex/ArchiveIntermediates/FitCoach/InstallationBuildProductsLocation/Applications/FitCoach.app/embedded.mobileprovision

ProcessProductPackaging /Users/tianli/Apps/fitcoach/ios/01-源程序/Configuration.entitlements /Users/tianli/Library/Developer/Xcode/DerivedData/FitCoach-acaaowtqnaruxxgsuqzrckdbihlv/Build/Intermediates.noindex/ArchiveIntermediates/FitCoach/IntermediateBuildFilesPath/FitCoach.build/Release-iphoneos/FitCoach.build/FitCoach.app.xcent (in target 'FitCoach' from project 'FitCoach')
    cd /Users/tianli/Apps/fitcoach/ios/01-源程序
    
    Entitlements:
    
    {
    "application-identifier" = "B9LJH93LA4.cyou.tianli.fitcoachapp";
    "com.apple.developer.team-identifier" = B9LJH93LA4;
    "com.apple.developer.ubiquity-kvstore-identifier" = "B9LJH93LA4.cyou.tianli.fitcoachapp";
    "get-task-allow" = 1;
}
    
    builtin-productPackagingUtility /Users/tianli/Apps/fitcoach/ios/01-源程序/Configuration.entitlements -entitlements -format xml -o /Users/tianli/Library/Developer/Xcode/DerivedData/FitCoach-acaaowtqnaruxxgsuqzrckdbihlv/Build/Intermediates.noindex/ArchiveIntermediates/FitCoach/IntermediateBuildFilesPath/FitCoach.build/Release-iphoneos/FitCoach.build/FitCoach.app.xcent

ProcessProductPackagingDER /Users/tianli/Library/Developer/Xcode/DerivedData/FitCoach-acaaowtqnaruxxgsuqzrckdbihlv/Build/Intermediates.noindex/ArchiveIntermediates/FitCoach/IntermediateBuildFilesPath/FitCoach.build/Release-iphoneos/FitCoach.build/FitCoach.app.xcent /Users/tianli/Library/Developer/Xcode/DerivedData/FitCoach-acaaowtqnaruxxgsuqzrckdbihlv/Build/Intermediates.noindex/ArchiveIntermediates/FitCoach/IntermediateBuildFilesPath/FitCoach.build/Release-iphoneos/FitCoach.build/FitCoach.app.xcent.der (in target 'FitCoach' from project 'FitCoach')
    cd /Users/tianli/Apps/fitcoach/ios/01-源程序
    /usr/bin/derq query -f xml -i /Users/tianli/Library/Developer/Xcode/DerivedData/FitCoach-acaaowtqnaruxxgsuqzrckdbihlv/Build/Intermediates.noindex/ArchiveIntermediates/FitCoach/IntermediateBuildFilesPath/FitCoach.build/Release-iphoneos/FitCoach.build/FitCoach.app.xcent -o /Users/tianli/Library/Developer/Xcode/DerivedData/FitCoach-acaaowtqnaruxxgsuqzrckdbihlv/Build/Intermediates.noindex/ArchiveIntermediates/FitCoach/IntermediateBuildFilesPath/FitCoach.build/Release-iphoneos/FitCoach.build/FitCoach.app.xcent.der --raw

MkDir /Users/tianli/Library/Developer/Xcode/DerivedData/FitCoach-acaaowtqnaruxxgsuqzrckdbihlv/Build/Intermediates.noindex/ArchiveIntermediates/FitCoach/IntermediateBuildFilesPath/FitCoach.build/Release-iphoneos/FitCoach.build/assetcatalog_output/unthinned (in target 'FitCoach' from project 'FitCoach')
    cd /Users/tianli/Apps/fitcoach/ios/01-源程序
    /bin/mkdir -p /Users/tianli/Library/Developer/Xcode/DerivedData/FitCoach-acaaowtqnaruxxgsuqzrckdbihlv/Build/Intermediates.noindex/ArchiveIntermediates/FitCoach/IntermediateBuildFilesPath/FitCoach.build/Release-iphoneos/FitCoach.build/assetcatalog_output/unthinned

MkDir /Users/tianli/Library/Developer/Xcode/DerivedData/FitCoach-acaaowtqnaruxxgsuqzrckdbihlv/Build/Intermediates.noindex/ArchiveIntermediates/FitCoach/IntermediateBuildFilesPath/FitCoach.build/Release-iphoneos/FitCoach.build/assetcatalog_output/thinned (in target 'FitCoach' from project 'FitCoach')
    cd /Users/tianli/Apps/fitcoach/ios/01-源程序
    /bin/mkdir -p /Users/tianli/Library/Developer/Xcode/DerivedData/FitCoach-acaaowtqnaruxxgsuqzrckdbihlv/Build/Intermediates.noindex/ArchiveIntermediates/FitCoach/IntermediateBuildFilesPath/FitCoach.build/Release-iphoneos/FitCoach.build/assetcatalog_output/thinned

GenerateAssetSymbols /Users/tianli/Apps/fitcoach/ios/01-源程序/Resources/Assets.xcassets (in target 'FitCoach' from project 'FitCoach')
    cd /Users/tianli/Apps/fitcoach/ios/01-源程序
    /Applications/Xcode.app/Contents/Developer/usr/bin/actool /Users/tianli/Apps/fitcoach/ios/01-源程序/Resources/Assets.xcassets --compile /Users/tianli/Library/Developer/Xcode/DerivedData/FitCoach-acaaowtqnaruxxgsuqzrckdbihlv/Build/Intermediates.noindex/ArchiveIntermediates/FitCoach/InstallationBuildProductsLocation/Applications/FitCoach.app --output-format human-readable-text --notices --warnings --export-dependency-info /Users/tianli/Library/Developer/Xcode/DerivedData/FitCoach-acaaowtqnaruxxgsuqzrckdbihlv/Build/Intermediates.noindex/ArchiveIntermediates/FitCoach/IntermediateBuildFilesPath/FitCoach.build/Release-iphoneos/FitCoach.build/assetcatalog_dependencies --output-partial-info-plist /Users/tianli/Library/Developer/Xcode/DerivedData/FitCoach-acaaowtqnaruxxgsuqzrckdbihlv/Build/Intermediates.noindex/ArchiveIntermediates/FitCoach/IntermediateBuildFilesPath/FitCoach.build/Release-iphoneos/FitCoach.build/assetcatalog_generated_info.plist --app-icon AppIcon --accent-color AccentColor --compress-pngs --enable-on-demand-resources YES --development-region en --target-device iphone --target-device ipad --minimum-deployment-target 18.0 --platform iphoneos --bundle-identifier cyou.tianli.fitcoachapp --generate-swift-asset-symbol-extensions NO --generate-swift-asset-symbols /Users/tianli/Library/Developer/Xcode/DerivedData/FitCoach-acaaowtqnaruxxgsuqzrckdbihlv/Build/Intermediates.noindex/ArchiveIntermediates/FitCoach/IntermediateBuildFilesPath/FitCoach.build/Release-iphoneos/FitCoach.build/DerivedSources/GeneratedAssetSymbols.swift --generate-objc-asset-symbols /Users/tianli/Library/Developer/Xcode/DerivedData/FitCoach-acaaowtqnaruxxgsuqzrckdbihlv/Build/Intermediates.noindex/ArchiveIntermediates/FitCoach/IntermediateBuildFilesPath/FitCoach.build/Release-iphoneos/FitCoach.build/DerivedSources/GeneratedAssetSymbols.h --generate-asset-symbol-index /Users/tianli/Library/Developer/Xcode/DerivedData/FitCoach-acaaowtqnaruxxgsuqzrckdbihlv/Build/Intermediates.noindex/ArchiveIntermediates/FitCoach/IntermediateBuildFilesPath/FitCoach.build/Release-iphoneos/FitCoach.build/DerivedSources/GeneratedAssetSymbols-Index.plist
/* com.apple.actool.compilation-results */
/Users/tianli/Library/Developer/Xcode/DerivedData/FitCoach-acaaowtqnaruxxgsuqzrckdbihlv/Build/Intermediates.noindex/ArchiveIntermediates/FitCoach/IntermediateBuildFilesPath/FitCoach.build/Release-iphoneos/FitCoach.build/DerivedSources/GeneratedAssetSymbols-Index.plist
/Users/tianli/Library/Developer/Xcode/DerivedData/FitCoach-acaaowtqnaruxxgsuqzrckdbihlv/Build/Intermediates.noindex/ArchiveIntermediates/FitCoach/IntermediateBuildFilesPath/FitCoach.build/Release-iphoneos/FitCoach.build/DerivedSources/GeneratedAssetSymbols.h
/Users/tianli/Library/Developer/Xcode/DerivedData/FitCoach-acaaowtqnaruxxgsuqzrckdbihlv/Build/Intermediates.noindex/ArchiveIntermediates/FitCoach/IntermediateBuildFilesPath/FitCoach.build/Release-iphoneos/FitCoach.build/DerivedSources/GeneratedAssetSymbols.swift


CompileAssetCatalogVariant thinned /Users/tianli/Library/Developer/Xcode/DerivedData/FitCoach-acaaowtqnaruxxgsuqzrckdbihlv/Build/Intermediates.noindex/ArchiveIntermediates/FitCoach/InstallationBuildProductsLocation/Applications/FitCoach.app /Users/tianli/Apps/fitcoach/ios/01-源程序/Resources/Assets.xcassets (in target 'FitCoach' from project 'FitCoach')
    cd /Users/tianli/Apps/fitcoach/ios/01-源程序
    /Applications/Xcode.app/Contents/Developer/usr/bin/actool /Users/tianli/Apps/fitcoach/ios/01-源程序/Resources/Assets.xcassets --compile /Users/tianli/Library/Developer/Xcode/DerivedData/FitCoach-acaaowtqnaruxxgsuqzrckdbihlv/Build/Intermediates.noindex/ArchiveIntermediates/FitCoach/IntermediateBuildFilesPath/FitCoach.build/Release-iphoneos/FitCoach.build/assetcatalog_output/thinned --output-format human-readable-text --notices --warnings --export-dependency-info /Users/tianli/Library/Developer/Xcode/DerivedData/FitCoach-acaaowtqnaruxxgsuqzrckdbihlv/Build/Intermediates.noindex/ArchiveIntermediates/FitCoach/IntermediateBuildFilesPath/FitCoach.build/Release-iphoneos/FitCoach.build/assetcatalog_dependencies_thinned --output-partial-info-plist /Users/tianli/Library/Developer/Xcode/DerivedData/FitCoach-acaaowtqnaruxxgsuqzrckdbihlv/Build/Intermediates.noindex/ArchiveIntermediates/FitCoach/IntermediateBuildFilesPath/FitCoach.build/Release-iphoneos/FitCoach.build/assetcatalog_generated_info.plist_thinned --app-icon AppIcon --accent-color AccentColor --compress-pngs --enable-on-demand-resources YES --development-region en --target-device iphone --target-device ipad --minimum-deployment-target 18.0 --platform iphoneos
/* com.apple.actool.compilation-results */
/Users/tianli/Library/Developer/Xcode/DerivedData/FitCoach-acaaowtqnaruxxgsuqzrckdbihlv/Build/Intermediates.noindex/ArchiveIntermediates/FitCoach/IntermediateBuildFilesPath/FitCoach.build/Release-iphoneos/FitCoach.build/assetcatalog_generated_info.plist_thinned
/Users/tianli/Library/Developer/Xcode/DerivedData/FitCoach-acaaowtqnaruxxgsuqzrckdbihlv/Build/Intermediates.noindex/ArchiveIntermediates/FitCoach/IntermediateBuildFilesPath/FitCoach.build/Release-iphoneos/FitCoach.build/assetcatalog_output/thinned/AppIcon60x60@2x.png
/Users/tianli/Library/Developer/Xcode/DerivedData/FitCoach-acaaowtqnaruxxgsuqzrckdbihlv/Build/Intermediates.noindex/ArchiveIntermediates/FitCoach/IntermediateBuildFilesPath/FitCoach.build/Release-iphoneos/FitCoach.build/assetcatalog_output/thinned/AppIcon76x76@2x~ipad.png
/Users/tianli/Library/Developer/Xcode/DerivedData/FitCoach-acaaowtqnaruxxgsuqzrckdbihlv/Build/Intermediates.noindex/ArchiveIntermediates/FitCoach/IntermediateBuildFilesPath/FitCoach.build/Release-iphoneos/FitCoach.build/assetcatalog_output/thinned/Assets.car


SwiftDriver FitCoach normal arm64 com.apple.xcode.tools.swift.compiler (in target 'FitCoach' from project 'FitCoach')
    cd /Users/tianli/Apps/fitcoach/ios/01-源程序
    builtin-SwiftDriver -- /Applications/Xcode.app/Contents/Developer/Toolchains/XcodeDefault.xctoolchain/usr/bin/swiftc -module-name FitCoach -O -whole-module-optimization @/Users/tianli/Library/Developer/Xcode/DerivedData/FitCoach-acaaowtqnaruxxgsuqzrckdbihlv/Build/Intermediates.noindex/ArchiveIntermediates/FitCoach/IntermediateBuildFilesPath/FitCoach.build/Release-iphoneos/FitCoach.build/Objects-normal/arm64/FitCoach.SwiftFileList -enable-bare-slash-regex -enable-experimental-feature DebugDescriptionMacro -sdk /Applications/Xcode.app/Contents/Developer/Platforms/iPhoneOS.platform/Developer/SDKs/iPhoneOS27.0.sdk -target arm64-apple-ios18.0 -g -module-cache-path /Users/tianli/Library/Developer/Xcode/DerivedData/ModuleCache.noindex -Xfrontend -serialize-debugging-options -swift-version 5 -I /Users/tianli/Library/Developer/Xcode/DerivedData/FitCoach-acaaowtqnaruxxgsuqzrckdbihlv/Build/Intermediates.noindex/ArchiveIntermediates/FitCoach/BuildProductsPath/Release-iphoneos -F /Users/tianli/Library/Developer/Xcode/DerivedData/FitCoach-acaaowtqnaruxxgsuqzrckdbihlv/Build/Intermediates.noindex/ArchiveIntermediates/FitCoach/BuildProductsPath/Release-iphoneos -c -num-threads 10 -output-file-map /Users/tianli/Library/Developer/Xcode/DerivedData/FitCoach-acaaowtqnaruxxgsuqzrckdbihlv/Build/Intermediates.noindex/ArchiveIntermediates/FitCoach/IntermediateBuildFilesPath/FitCoach.build/Release-iphoneos/FitCoach.build/Objects-normal/arm64/FitCoach-OutputFileMap.json -save-temps -no-color-diagnostics -explicit-module-build -module-cache-path /Users/tianli/Library/Developer/Xcode/DerivedData/FitCoach-acaaowtqnaruxxgsuqzrckdbihlv/Build/Intermediates.noindex/ArchiveIntermediates/FitCoach/IntermediateBuildFilesPath/SwiftExplicitPrecompiledModules -clang-scanner-module-cache-path /Users/tianli/Library/Developer/Xcode/DerivedData/ModuleCache.noindex -sdk-module-cache-path /Users/tianli/Library/Developer/Xcode/DerivedData/SDKExplicitPrecompiledModules -emit-dependencies -emit-module -emit-module-path /Users/tianli/Library/Developer/Xcode/DerivedData/FitCoach-acaaowtqnaruxxgsuqzrckdbihlv/Build/Intermediates.noindex/ArchiveIntermediates/FitCoach/IntermediateBuildFilesPath/FitCoach.build/Release-iphoneos/FitCoach.build/Objects-normal/arm64/FitCoach.swiftmodule -serialize-diagnostics -dependency-scan-serialize-diagnostics-path /Users/tianli/Library/Developer/Xcode/DerivedData/FitCoach-acaaowtqnaruxxgsuqzrckdbihlv/Build/Intermediates.noindex/ArchiveIntermediates/FitCoach/IntermediateBuildFilesPath/FitCoach.build/Release-iphoneos/FitCoach.build/Objects-normal/arm64/FitCoach-dependency-scan.dia -validate-clang-modules-once -clang-build-session-file /Users/tianli/Library/Developer/Xcode/DerivedData/ModuleCache.noindex/Session.modulevalidation -Xcc -fmodules-prune-interval\=86400 -Xcc -fmodules-prune-after\=345600 -emit-const-values -const-gather-protocols-list /Users/tianli/Library/Developer/Xcode/DerivedData/FitCoach-acaaowtqnaruxxgsuqzrckdbihlv/Build/Intermediates.noindex/ArchiveIntermediates/FitCoach/IntermediateBuildFilesPath/FitCoach.build/Release-iphoneos/FitCoach.build/Objects-normal/arm64/FitCoach_const_extract_protocols.json -Xcc -iquote -Xcc /Users/tianli/Library/Developer/Xcode/DerivedData/FitCoach-acaaowtqnaruxxgsuqzrckdbihlv/Build/Intermediates.noindex/ArchiveIntermediates/FitCoach/IntermediateBuildFilesPath/FitCoach.build/Release-iphoneos/FitCoach.build/FitCoach-generated-files.hmap -Xcc -I/Users/tianli/Library/Developer/Xcode/DerivedData/FitCoach-acaaowtqnaruxxgsuqzrckdbihlv/Build/Intermediates.noindex/ArchiveIntermediates/FitCoach/IntermediateBuildFilesPath/FitCoach.build/Release-iphoneos/FitCoach.build/FitCoach-own-target-headers.hmap -Xcc -I/Users/tianli/Library/Developer/Xcode/DerivedData/FitCoach-acaaowtqnaruxxgsuqzrckdbihlv/Build/Intermediates.noindex/ArchiveIntermediates/FitCoach/IntermediateBuildFilesPath/FitCoach.build/Release-iphoneos/FitCoach.build/FitCoach-all-target-headers.hmap -Xcc -iquote -Xcc /Users/tianli/Library/Developer/Xcode/DerivedData/FitCoach-acaaowtqnaruxxgsuqzrckdbihlv/Build/Intermediates.noindex/ArchiveIntermediates/FitCoach/IntermediateBuildFilesPath/FitCoach.build/Release-iphoneos/FitCoach.build/FitCoach-project-headers.hmap -Xcc -I/Users/tianli/Library/Developer/Xcode/DerivedData/FitCoach-acaaowtqnaruxxgsuqzrckdbihlv/Build/Intermediates.noindex/ArchiveIntermediates/FitCoach/BuildProductsPath/Release-iphoneos/include -Xcc -I/Users/tianli/Library/Developer/Xcode/DerivedData/FitCoach-acaaowtqnaruxxgsuqzrckdbihlv/Build/Intermediates.noindex/ArchiveIntermediates/FitCoach/IntermediateBuildFilesPath/FitCoach.build/Release-iphoneos/FitCoach.build/DerivedSources-normal/arm64 -Xcc -I/Users/tianli/Library/Developer/Xcode/DerivedData/FitCoach-acaaowtqnaruxxgsuqzrckdbihlv/Build/Intermediates.noindex/ArchiveIntermediates/FitCoach/IntermediateBuildFilesPath/FitCoach.build/Release-iphoneos/FitCoach.build/DerivedSources/arm64 -Xcc -I/Users/tianli/Library/Developer/Xcode/DerivedData/FitCoach-acaaowtqnaruxxgsuqzrckdbihlv/Build/Intermediates.noindex/ArchiveIntermediates/FitCoach/IntermediateBuildFilesPath/FitCoach.build/Release-iphoneos/FitCoach.build/DerivedSources -emit-objc-header -emit-objc-header-path /Users/tianli/Library/Developer/Xcode/DerivedData/FitCoach-acaaowtqnaruxxgsuqzrckdbihlv/Build/Intermediates.noindex/ArchiveIntermediates/FitCoach/IntermediateBuildFilesPath/FitCoach.build/Release-iphoneos/FitCoach.build/Objects-normal/arm64/FitCoach-Swift.h -working-directory /Users/tianli/Apps/fitcoach/ios/01-源程序 -no-emit-module-separately-wmo

SwiftDriver\ Compilation FitCoach normal arm64 com.apple.xcode.tools.swift.compiler (in target 'FitCoach' from project 'FitCoach')
    cd /Users/tianli/Apps/fitcoach/ios/01-源程序
    builtin-Swift-Compilation -- /Applications/Xcode.app/Contents/Developer/Toolchains/XcodeDefault.xctoolchain/usr/bin/swiftc -module-name FitCoach -O -whole-module-optimization @/Users/tianli/Library/Developer/Xcode/DerivedData/FitCoach-acaaowtqnaruxxgsuqzrckdbihlv/Build/Intermediates.noindex/ArchiveIntermediates/FitCoach/IntermediateBuildFilesPath/FitCoach.build/Release-iphoneos/FitCoach.build/Objects-normal/arm64/FitCoach.SwiftFileList -enable-bare-slash-regex -enable-experimental-feature DebugDescriptionMacro -sdk /Applications/Xcode.app/Contents/Developer/Platforms/iPhoneOS.platform/Developer/SDKs/iPhoneOS27.0.sdk -target arm64-apple-ios18.0 -g -module-cache-path /Users/tianli/Library/Developer/Xcode/DerivedData/ModuleCache.noindex -Xfrontend -serialize-debugging-options -swift-version 5 -I /Users/tianli/Library/Developer/Xcode/DerivedData/FitCoach-acaaowtqnaruxxgsuqzrckdbihlv/Build/Intermediates.noindex/ArchiveIntermediates/FitCoach/BuildProductsPath/Release-iphoneos -F /Users/tianli/Library/Developer/Xcode/DerivedData/FitCoach-acaaowtqnaruxxgsuqzrckdbihlv/Build/Intermediates.noindex/ArchiveIntermediates/FitCoach/BuildProductsPath/Release-iphoneos -c -num-threads 10 -output-file-map /Users/tianli/Library/Developer/Xcode/DerivedData/FitCoach-acaaowtqnaruxxgsuqzrckdbihlv/Build/Intermediates.noindex/ArchiveIntermediates/FitCoach/IntermediateBuildFilesPath/FitCoach.build/Release-iphoneos/FitCoach.build/Objects-normal/arm64/FitCoach-OutputFileMap.json -save-temps -no-color-diagnostics -explicit-module-build -module-cache-path /Users/tianli/Library/Developer/Xcode/DerivedData/FitCoach-acaaowtqnaruxxgsuqzrckdbihlv/Build/Intermediates.noindex/ArchiveIntermediates/FitCoach/IntermediateBuildFilesPath/SwiftExplicitPrecompiledModules -clang-scanner-module-cache-path /Users/tianli/Library/Developer/Xcode/DerivedData/ModuleCache.noindex -sdk-module-cache-path /Users/tianli/Library/Developer/Xcode/DerivedData/SDKExplicitPrecompiledModules -emit-dependencies -emit-module -emit-module-path /Users/tianli/Library/Developer/Xcode/DerivedData/FitCoach-acaaowtqnaruxxgsuqzrckdbihlv/Build/Intermediates.noindex/ArchiveIntermediates/FitCoach/IntermediateBuildFilesPath/FitCoach.build/Release-iphoneos/FitCoach.build/Objects-normal/arm64/FitCoach.swiftmodule -serialize-diagnostics -dependency-scan-serialize-diagnostics-path /Users/tianli/Library/Developer/Xcode/DerivedData/FitCoach-acaaowtqnaruxxgsuqzrckdbihlv/Build/Intermediates.noindex/ArchiveIntermediates/FitCoach/IntermediateBuildFilesPath/FitCoach.build/Release-iphoneos/FitCoach.build/Objects-normal/arm64/FitCoach-dependency-scan.dia -validate-clang-modules-once -clang-build-session-file /Users/tianli/Library/Developer/Xcode/DerivedData/ModuleCache.noindex/Session.modulevalidation -Xcc -fmodules-prune-interval\=86400 -Xcc -fmodules-prune-after\=345600 -emit-const-values -const-gather-protocols-list /Users/tianli/Library/Developer/Xcode/DerivedData/FitCoach-acaaowtqnaruxxgsuqzrckdbihlv/Build/Intermediates.noindex/ArchiveIntermediates/FitCoach/IntermediateBuildFilesPath/FitCoach.build/Release-iphoneos/FitCoach.build/Objects-normal/arm64/FitCoach_const_extract_protocols.json -Xcc -iquote -Xcc /Users/tianli/Library/Developer/Xcode/DerivedData/FitCoach-acaaowtqnaruxxgsuqzrckdbihlv/Build/Intermediates.noindex/ArchiveIntermediates/FitCoach/IntermediateBuildFilesPath/FitCoach.build/Release-iphoneos/FitCoach.build/FitCoach-generated-files.hmap -Xcc -I/Users/tianli/Library/Developer/Xcode/DerivedData/FitCoach-acaaowtqnaruxxgsuqzrckdbihlv/Build/Intermediates.noindex/ArchiveIntermediates/FitCoach/IntermediateBuildFilesPath/FitCoach.build/Release-iphoneos/FitCoach.build/FitCoach-own-target-headers.hmap -Xcc -I/Users/tianli/Library/Developer/Xcode/DerivedData/FitCoach-acaaowtqnaruxxgsuqzrckdbihlv/Build/Intermediates.noindex/ArchiveIntermediates/FitCoach/IntermediateBuildFilesPath/FitCoach.build/Release-iphoneos/FitCoach.build/FitCoach-all-target-headers.hmap -Xcc -iquote -Xcc /Users/tianli/Library/Developer/Xcode/DerivedData/FitCoach-acaaowtqnaruxxgsuqzrckdbihlv/Build/Intermediates.noindex/ArchiveIntermediates/FitCoach/IntermediateBuildFilesPath/FitCoach.build/Release-iphoneos/FitCoach.build/FitCoach-project-headers.hmap -Xcc -I/Users/tianli/Library/Developer/Xcode/DerivedData/FitCoach-acaaowtqnaruxxgsuqzrckdbihlv/Build/Intermediates.noindex/ArchiveIntermediates/FitCoach/BuildProductsPath/Release-iphoneos/include -Xcc -I/Users/tianli/Library/Developer/Xcode/DerivedData/FitCoach-acaaowtqnaruxxgsuqzrckdbihlv/Build/Intermediates.noindex/ArchiveIntermediates/FitCoach/IntermediateBuildFilesPath/FitCoach.build/Release-iphoneos/FitCoach.build/DerivedSources-normal/arm64 -Xcc -I/Users/tianli/Library/Developer/Xcode/DerivedData/FitCoach-acaaowtqnaruxxgsuqzrckdbihlv/Build/Intermediates.noindex/ArchiveIntermediates/FitCoach/IntermediateBuildFilesPath/FitCoach.build/Release-iphoneos/FitCoach.build/DerivedSources/arm64 -Xcc -I/Users/tianli/Library/Developer/Xcode/DerivedData/FitCoach-acaaowtqnaruxxgsuqzrckdbihlv/Build/Intermediates.noindex/ArchiveIntermediates/FitCoach/IntermediateBuildFilesPath/FitCoach.build/Release-iphoneos/FitCoach.build/DerivedSources -emit-objc-header -emit-objc-header-path /Users/tianli/Library/Developer/Xcode/DerivedData/FitCoach-acaaowtqnaruxxgsuqzrckdbihlv/Build/Intermediates.noindex/ArchiveIntermediates/FitCoach/IntermediateBuildFilesPath/FitCoach.build/Release-iphoneos/FitCoach.build/Objects-normal/arm64/FitCoach-Swift.h -working-directory /Users/tianli/Apps/fitcoach/ios/01-源程序 -no-emit-module-separately-wmo

SwiftCompile normal arm64 Compiling\ API.swift,\ AccountDeleteView.swift,\ Adaptive.swift,\ App.swift,\ AppConfiguration.swift,\ AppIdentity.swift,\ AppLifecycle.swift,\ AppLifecycleMobile.swift,\ AuditView.swift,\ AvailabilityView.swift,\ GrowthView.swift,\ LaneSignal.swift,\ LocationsView.swift,\ LoginView.swift,\ MetricsView.swift,\ MobileProductLifecycle.swift,\ Models.swift,\ PackageFormView.swift,\ PasswordView.swift,\ PhoneAccountView.swift,\ PlatformCompat.swift,\ QuickSetup.swift,\ QuickSetupView.swift,\ RegisterView.swift,\ RegularHomeView.swift,\ RemoteUI.swift,\ SavedLogin.swift,\ ScheduleView.swift,\ SessionFormView.swift,\ StudentDetailView.swift,\ StudentModeView.swift,\ StudentsView.swift,\ Theme.swift,\ TimeKit.swift,\ UI.swift,\ WatchLink.swift,\ WatchSnapshot.swift,\ GeneratedAssetSymbols.swift /Users/tianli/Apps/fitcoach/ios/01-源程序/Sources/API.swift /Users/tianli/Apps/fitcoach/ios/01-源程序/Sources/AccountDeleteView.swift /Users/tianli/Apps/fitcoach/ios/01-源程序/Sources/Adaptive.swift /Users/tianli/Apps/fitcoach/ios/01-源程序/Sources/App.swift /Users/tianli/Apps/fitcoach/ios/01-源程序/Shared/AppConfiguration.swift /Users/tianli/Apps/fitcoach/ios/01-源程序/Sources/AppIdentity.swift /Users/tianli/Apps/fitcoach/ios/01-源程序/Shared/AppLifecycle.swift /Users/tianli/Apps/fitcoach/ios/01-源程序/Shared/AppLifecycleMobile.swift /Users/tianli/Apps/fitcoach/ios/01-源程序/Sources/AuditView.swift /Users/tianli/Apps/fitcoach/ios/01-源程序/Sources/AvailabilityView.swift /Users/tianli/Apps/fitcoach/ios/01-源程序/Sources/GrowthView.swift /Users/tianli/Apps/fitcoach/ios/01-源程序/Shared/LaneSignal.swift /Users/tianli/Apps/fitcoach/ios/01-源程序/Sources/LocationsView.swift /Users/tianli/Apps/fitcoach/ios/01-源程序/Sources/LoginView.swift /Users/tianli/Apps/fitcoach/ios/01-源程序/Sources/MetricsView.swift /Users/tianli/Apps/fitcoach/ios/01-源程序/Sources/MobileProductLifecycle.swift /Users/tianli/Apps/fitcoach/ios/01-源程序/Sources/Models.swift /Users/tianli/Apps/fitcoach/ios/01-源程序/Sources/PackageFormView.swift /Users/tianli/Apps/fitcoach/ios/01-源程序/Sources/PasswordView.swift /Users/tianli/Apps/fitcoach/ios/01-源程序/Sources/PhoneAccountView.swift /Users/tianli/Apps/fitcoach/ios/01-源程序/Shared/PlatformCompat.swift /Users/tianli/Apps/fitcoach/ios/01-源程序/Sources/QuickSetup.swift /Users/tianli/Apps/fitcoach/ios/01-源程序/Sources/QuickSetupView.swift /Users/tianli/Apps/fitcoach/ios/01-源程序/Sources/RegisterView.swift /Users/tianli/Apps/fitcoach/ios/01-源程序/Sources/RegularHomeView.swift /Users/tianli/Apps/fitcoach/ios/01-源程序/Shared/RemoteUI.swift /Users/tianli/Apps/fitcoach/ios/01-源程序/Sources/SavedLogin.swift /Users/tianli/Apps/fitcoach/ios/01-源程序/Sources/ScheduleView.swift /Users/tianli/Apps/fitcoach/ios/01-源程序/Sources/SessionFormView.swift /Users/tianli/Apps/fitcoach/ios/01-源程序/Sources/StudentDetailView.swift /Users/tianli/Apps/fitcoach/ios/01-源程序/Sources/StudentModeView.swift /Users/tianli/Apps/fitcoach/ios/01-源程序/Sources/StudentsView.swift /Users/tianli/Apps/fitcoach/ios/01-源程序/Sources/Theme.swift /Users/tianli/Apps/fitcoach/ios/01-源程序/Sources/TimeKit.swift /Users/tianli/Apps/fitcoach/ios/01-源程序/Sources/UI.swift /Users/tianli/Apps/fitcoach/ios/01-源程序/Sources/WatchLink.swift /Users/tianli/Apps/fitcoach/ios/01-源程序/Sources/WatchSnapshot.swift /Users/tianli/Library/Developer/Xcode/DerivedData/FitCoach-acaaowtqnaruxxgsuqzrckdbihlv/Build/Intermediates.noindex/ArchiveIntermediates/FitCoach/IntermediateBuildFilesPath/FitCoach.build/Release-iphoneos/FitCoach.build/DerivedSources/GeneratedAssetSymbols.swift /Applications/Xcode.app/Contents/Developer/Toolchains/XcodeDefault.xctoolchain/usr/lib/swift/iphoneos/prebuilt-modules/27.0/CoreImage.swiftmodule/arm64e-apple-ios.swiftmodule /Applications/Xcode.app/Contents/Developer/Toolchains/XcodeDefault.xctoolchain/usr/lib/swift/iphoneos/prebuilt-modules/27.0/SwiftUICore.swiftmodule/arm64e-apple-ios.swiftmodule /Applications/Xcode.app/Contents/Developer/Toolchains/XcodeDefault.xctoolchain/usr/lib/swift/iphoneos/prebuilt-modules/27.0/_StringProcessing.swiftmodule/arm64e-apple-ios.swiftmodule /Applications/Xcode.app/Contents/Developer/Toolchains/XcodeDefault.xctoolchain/usr/lib/swift/iphoneos/prebuilt-modules/27.0/Spatial.swiftmodule/arm64e-apple-ios.swiftmodule /Applications/Xcode.app/Contents/Developer/Toolchains/XcodeDefault.xctoolchain/usr/lib/swift/iphoneos/prebuilt-modules/27.0/_DarwinFoundation3.swiftmodule/arm64e-apple-ios.swiftmodule /Applications/Xcode.app/Contents/Developer/Toolchains/XcodeDefault.xctoolchain/usr/lib/swift/iphoneos/prebuilt-modules/27.0/CoreVideo.swiftmodule/arm64e-apple-ios.swiftmodule /Applications/Xcode.app/Contents/Developer/Toolchains/XcodeDefault.xctoolchain/usr/lib/swift/iphoneos/prebuilt-modules/27.0/simd.swiftmodule/arm64e-apple-ios.swiftmodule /Applications/Xcode.app/Contents/Developer/Toolchains/XcodeDefault.xctoolchain/usr/lib/swift/iphoneos/prebuilt-modules/27.0/Combine.swiftmodule/arm64e-apple-ios.swiftmodule /Applications/Xcode.app/Contents/Developer/Toolchains/XcodeDefault.xctoolchain/usr/lib/swift/iphoneos/prebuilt-modules/27.0/XPC.swiftmodule/arm64e-apple-ios.swiftmodule /Applications/Xcode.app/Contents/Developer/Toolchains/XcodeDefault.xctoolchain/usr/lib/swift/iphoneos/prebuilt-modules/27.0/CoreLocation.swiftmodule/arm64e-apple-ios.swiftmodule /Applications/Xcode.app/Contents/Developer/Toolchains/XcodeDefault.xctoolchain/usr/lib/swift/iphoneos/prebuilt-modules/27.0/_DarwinFoundation1.swiftmodule/arm64e-apple-ios.swiftmodule /Applications/Xcode.app/Contents/Developer/Toolchains/XcodeDefault.xctoolchain/usr/lib/swift/iphoneos/prebuilt-modules/27.0/Metal.swiftmodule/arm64e-apple-ios.swiftmodule /Applications/Xcode.app/Contents/Developer/Toolchains/XcodeDefault.xctoolchain/usr/lib/swift/iphoneos/prebuilt-modules/27.0/Foundation.swiftmodule/arm64e-apple-ios.swiftmodule /Applications/Xcode.app/Contents/Developer/Toolchains/XcodeDefault.xctoolchain/usr/lib/swift/iphoneos/prebuilt-modules/27.0/CoreGraphics.swiftmodule/arm64e-apple-ios.swiftmodule /Applications/Xcode.app/Contents/Developer/Toolchains/XcodeDefault.xctoolchain/usr/lib/swift/iphoneos/prebuilt-modules/27.0/DeveloperToolsSupport.swiftmodule/arm64e-apple-ios.swiftmodule /Applications/Xcode.app/Contents/Developer/Toolchains/XcodeDefault.xctoolchain/usr/lib/swift/iphoneos/prebuilt-modules/27.0/_DarwinFoundation2.swiftmodule/arm64e-apple-ios.swiftmodule /Applications/Xcode.app/Contents/Developer/Toolchains/XcodeDefault.xctoolchain/usr/lib/swift/iphoneos/prebuilt-modules/27.0/SwiftUI.swiftmodule/arm64e-apple-ios.swiftmodule /Applications/Xcode.app/Contents/Developer/Toolchains/XcodeDefault.xctoolchain/usr/lib/swift/iphoneos/prebuilt-modules/27.0/CoreAudio.swiftmodule/arm64e-apple-ios.swiftmodule /Applications/Xcode.app/Contents/Developer/Toolchains/XcodeDefault.xctoolchain/usr/lib/swift/iphoneos/prebuilt-modules/27.0/CoreMedia.swiftmodule/arm64e-apple-ios.swiftmodule /Applications/Xcode.app/Contents/Developer/Toolchains/XcodeDefault.xctoolchain/usr/lib/swift/iphoneos/prebuilt-modules/27.0/CoreMotion.swiftmodule/arm64e-apple-ios.swiftmodule /Applications/Xcode.app/Contents/Developer/Toolchains/XcodeDefault.xctoolchain/usr/lib/swift/iphoneos/prebuilt-modules/27.0/Darwin.swiftmodule/arm64e-apple-ios.swiftmodule /Applications/Xcode.app/Contents/Developer/Toolchains/XcodeDefault.xctoolchain/usr/lib/swift/iphoneos/prebuilt-modules/27.0/UniformTypeIdentifiers.swiftmodule/arm64e-apple-ios.swiftmodule /Applications/Xcode.app/Contents/Developer/Toolchains/XcodeDefault.xctoolchain/usr/lib/swift/iphoneos/prebuilt-modules/27.0/ObjectiveC.swiftmodule/arm64e-apple-ios.swiftmodule /Applications/Xcode.app/Contents/Developer/Toolchains/XcodeDefault.xctoolchain/usr/lib/swift/iphoneos/prebuilt-modules/27.0/os.swiftmodule/arm64e-apple-ios.swiftmodule /Applications/Xcode.app/Contents/Developer/Toolchains/XcodeDefault.xctoolchain/usr/lib/swift/iphoneos/prebuilt-modules/27.0/_Concurrency.swiftmodule/arm64e-apple-ios.swiftmodule /Applications/Xcode.app/Contents/Developer/Toolchains/XcodeDefault.xctoolchain/usr/lib/swift/iphoneos/prebuilt-modules/27.0/ImageIO.swiftmodule/arm64e-apple-ios.swiftmodule /Applications/Xcode.app/Contents/Developer/Toolchains/XcodeDefault.xctoolchain/usr/lib/swift/iphoneos/prebuilt-modules/27.0/FileProvider.swiftmodule/arm64e-apple-ios.swiftmodule /Applications/Xcode.app/Contents/Developer/Toolchains/XcodeDefault.xctoolchain/usr/lib/swift/iphoneos/prebuilt-modules/27.0/OSLog.swiftmodule/arm64e-apple-ios.swiftmodule /Applications/Xcode.app/Contents/Developer/Toolchains/XcodeDefault.xctoolchain/usr/lib/swift/iphoneos/prebuilt-modules/27.0/System.swiftmodule/arm64e-apple-ios.swiftmodule /Applications/Xcode.app/Contents/Developer/Toolchains/XcodeDefault.xctoolchain/usr/lib/swift/iphoneos/prebuilt-modules/27.0/Dispatch.swiftmodule/arm64e-apple-ios.swiftmodule /Applications/Xcode.app/Contents/Developer/Toolchains/XcodeDefault.xctoolchain/usr/lib/swift/iphoneos/prebuilt-modules/27.0/QuartzCore.swiftmodule/arm64e-apple-ios.swiftmodule /Applications/Xcode.app/Contents/Developer/Toolchains/XcodeDefault.xctoolchain/usr/lib/swift/iphoneos/prebuilt-modules/27.0/CoreTransferable.swiftmodule/arm64e-apple-ios.swiftmodule /Applications/Xcode.app/Contents/Developer/Toolchains/XcodeDefault.xctoolchain/usr/lib/swift/iphoneos/prebuilt-modules/27.0/DataDetection.swiftmodule/arm64e-apple-ios.swiftmodule /Applications/Xcode.app/Contents/Developer/Toolchains/XcodeDefault.xctoolchain/usr/lib/swift/iphoneos/prebuilt-modules/27.0/Charts.swiftmodule/arm64e-apple-ios.swiftmodule /Applications/Xcode.app/Contents/Developer/Toolchains/XcodeDefault.xctoolchain/usr/lib/swift/iphoneos/prebuilt-modules/27.0/UIKit.swiftmodule/arm64e-apple-ios.swiftmodule /Applications/Xcode.app/Contents/Developer/Toolchains/XcodeDefault.xctoolchain/usr/lib/swift/iphoneos/prebuilt-modules/27.0/Accessibility.swiftmodule/arm64e-apple-ios.swiftmodule /Applications/Xcode.app/Contents/Developer/Toolchains/XcodeDefault.xctoolchain/usr/lib/swift/iphoneos/prebuilt-modules/27.0/Symbols.swiftmodule/arm64e-apple-ios.swiftmodule /Applications/Xcode.app/Contents/Developer/Toolchains/XcodeDefault.xctoolchain/usr/lib/swift/iphoneos/prebuilt-modules/27.0/Swift.swiftmodule/arm64e-apple-ios.swiftmodule /Applications/Xcode.app/Contents/Developer/Toolchains/XcodeDefault.xctoolchain/usr/lib/swift/iphoneos/prebuilt-modules/27.0/_Builtin_float.swiftmodule/arm64e-apple-ios.swiftmodule /Applications/Xcode.app/Contents/Developer/Toolchains/XcodeDefault.xctoolchain/usr/lib/swift/iphoneos/prebuilt-modules/27.0/CoreFoundation.swiftmodule/arm64e-apple-ios.swiftmodule /Applications/Xcode.app/Contents/Developer/Toolchains/XcodeDefault.xctoolchain/usr/lib/swift/iphoneos/prebuilt-modules/27.0/Observation.swiftmodule/arm64e-apple-ios.swiftmodule /Applications/Xcode.app/Contents/Developer/Toolchains/XcodeDefault.xctoolchain/usr/lib/swift/iphoneos/prebuilt-modules/27.0/CoreText.swiftmodule/arm64e-apple-ios.swiftmodule /Applications/Xcode.app/Contents/Developer/Toolchains/XcodeDefault.xctoolchain/usr/lib/swift/iphoneos/prebuilt-modules/27.0/CoreData.swiftmodule/arm64e-apple-ios.swiftmodule /Users/tianli/Library/Developer/Xcode/DerivedData/SDKExplicitPrecompiledModules/_Builtin_stddef-7SKNK8PP47JNLP9RWROHW1YFA.pcm /Users/tianli/Library/Developer/Xcode/DerivedData/SDKExplicitPrecompiledModules/CoreAudio-1ELRMDFHEBU3KMMKP080RSNPQ.pcm /Users/tianli/Library/Developer/Xcode/DerivedData/SDKExplicitPrecompiledModules/UniformTypeIdentifiers-EPGN55G33647XLYQ1IZQPKBJZ.pcm /Users/tianli/Library/Developer/Xcode/DerivedData/SDKExplicitPrecompiledModules/Foundation-35VCJOSILWM1MVP3OCRQE1F34.pcm /Users/tianli/Library/Developer/Xcode/DerivedData/SDKExplicitPrecompiledModules/_DarwinFoundation2-2VX30RWLCM9ZDXQXWP94KEL59.pcm /Users/tianli/Library/Developer/Xcode/DerivedData/SDKExplicitPrecompiledModules/_Builtin_stdatomic-55SAS83BG6ISMLZ4VYQPUF0ZI.pcm /Users/tianli/Library/Developer/Xcode/DerivedData/SDKExplicitPrecompiledModules/OpenGLES-4WY2J92OLF894X2CSU5XPFR69.pcm /Users/tianli/Library/Developer/Xcode/DerivedData/SDKExplicitPrecompiledModules/_LocationEssentials-QSMR92VLQ1LQP964HWB8FWRB.pcm /Users/tianli/Library/Developer/Xcode/DerivedData/SDKExplicitPrecompiledModules/OSLog-7L9KZJ0338C7FC3ZGPB421FGN.pcm /Users/tianli/Library/Developer/Xcode/DerivedData/SDKExplicitPrecompiledModules/SwiftUICore-9CBJ49Q54ZRHV02UDZHY54UN9.pcm /Users/tianli/Library/Developer/Xcode/DerivedData/SDKExplicitPrecompiledModules/ImageIO-BM3Z7VQ4K73TK577CRNZ5MAJ.pcm /Users/tianli/Library/Developer/Xcode/DerivedData/SDKExplicitPrecompiledModules/sys_types-5SJM3BVSKNZIE339S4E4UUIWS.pcm /Users/tianli/Library/Developer/Xcode/DerivedData/SDKExplicitPrecompiledModules/CoreImage-M51N3L7B4VSD8QS0ODZQZCX9.pcm /Users/tianli/Library/Developer/Xcode/DerivedData/SDKExplicitPrecompiledModules/_AvailabilityInternal-E2XUHG5PEW23965GOEN5VFMPW.pcm /Users/tianli/Library/Developer/Xcode/DerivedData/SDKExplicitPrecompiledModules/simd-1OB1AICNPCN7JIES8X0GBY4NM.pcm /Users/tianli/Library/Developer/Xcode/DerivedData/SDKExplicitPrecompiledModules/UIUtilities-3ILXBCPCQMFQMTYLTR2UFVTY2.pcm /Users/tianli/Library/Developer/Xcode/DerivedData/SDKExplicitPrecompiledModules/string_h-DGMN6CLW6W1SYHK4H0XHCF3H7.pcm /Users/tianli/Library/Developer/Xcode/DerivedData/SDKExplicitPrecompiledModules/CoreData-3P7V6O65DOQUEG7OWLG0Q45CK.pcm /Users/tianli/Library/Developer/Xcode/DerivedData/SDKExplicitPrecompiledModules/Accessibility-E6RKSPO1WZFZSSC91D1WGWPCW.pcm /Users/tianli/Library/Developer/Xcode/DerivedData/SDKExplicitPrecompiledModules/QuartzCore-5V0HQ8RYH6E0IBWG0D0ANME7G.pcm /Users/tianli/Library/Developer/Xcode/DerivedData/SDKExplicitPrecompiledModules/SwiftShims-6RAV9WLM0TC3BOPNXSGYHCKVM.pcm /Users/tianli/Library/Developer/Xcode/DerivedData/SDKExplicitPrecompiledModules/DataDetection-364I3O2BP8582VIX1OGB3QRXZ.pcm /Users/tianli/Library/Developer/Xcode/DerivedData/SDKExplicitPrecompiledModules/IOSurface-6M1EZXA2WV5NIHCGP6REX12BI.pcm /Users/tianli/Library/Developer/Xcode/DerivedData/SDKExplicitPrecompiledModules/os_object-CIRCFPQPWQ6IYADO427GSFSVO.pcm /Users/tianli/Library/Developer/Xcode/DerivedData/SDKExplicitPrecompiledModules/MachO-76PYYOQCI0562D5IHGSSGVSA4.pcm /Users/tianli/Library/Developer/Xcode/DerivedData/SDKExplicitPrecompiledModules/CoreMotion-4NRZXP075CX7E0DGAGYKJJPL9.pcm /Users/tianli/Library/Developer/Xcode/DerivedData/SDKExplicitPrecompiledModules/CoreTransferable-3RLE5P97ZYKFZ7QIHRL6N6OW2.pcm /Users/tianli/Library/Developer/Xcode/DerivedData/SDKExplicitPrecompiledModules/CoreLocation-CZ4PKXSINWMWW0F6A1ULF4Y6A.pcm /Users/tianli/Library/Developer/Xcode/DerivedData/SDKExplicitPrecompiledModules/_Builtin_float-A4PPZKE2XNBBT4UWBZPVCQ3C8.pcm /Users/tianli/Library/Developer/Xcode/DerivedData/SDKExplicitPrecompiledModules/ptrauth-41ULMEMCEBCE94RWVS01AW330.pcm /Users/tianli/Library/Developer/Xcode/DerivedData/SDKExplicitPrecompiledModules/ObjectiveC-CDPS4CSXM6JDSSYUFQUM1MPP1.pcm /Users/tianli/Library/Developer/Xcode/DerivedData/SDKExplicitPrecompiledModules/SwiftUI-4BG2TSIVOGIUSJARX4ZPBGOOX.pcm /Users/tianli/Library/Developer/Xcode/DerivedData/SDKExplicitPrecompiledModules/CoreFoundation-4D5B29NWAMJ0T3FN7964Z49TU.pcm /Users/tianli/Library/Developer/Xcode/DerivedData/SDKExplicitPrecompiledModules/CoreVideo-1EHTYOJCY0T8E2SQYNPXA6CSQ.pcm /Users/tianli/Library/Developer/Xcode/DerivedData/SDKExplicitPrecompiledModules/_DarwinFoundation3-7MGKFKZ6DO59ICD9O58X8KRY0.pcm /Users/tianli/Library/Developer/Xcode/DerivedData/SDKExplicitPrecompiledModules/CoreMedia-A6R4YYXV2W7X5PE67DP4GZIQ6.pcm /Users/tianli/Library/Developer/Xcode/DerivedData/SDKExplicitPrecompiledModules/ptrcheck-F46YMGPWXX4VCDCH3JZGQZLY9.pcm /Users/tianli/Library/Developer/Xcode/DerivedData/SDKExplicitPrecompiledModules/_Builtin_tgmath-9CJQZ4I6UY3XHID7YJYEONL4E.pcm /Users/tianli/Library/Developer/Xcode/DerivedData/SDKExplicitPrecompiledModules/UserNotifications-54PL25K7RT9XCF2X79MV6CSLS.pcm /Users/tianli/Library/Developer/Xcode/DerivedData/SDKExplicitPrecompiledModules/_Builtin_limits-82QPMPULZ63ANP7P43WRDYJ4F.pcm /Users/tianli/Library/Developer/Xcode/DerivedData/SDKExplicitPrecompiledModules/CoreAudioTypes-155C0LI2K6QMPAPAANTQYTBYW.pcm /Users/tianli/Library/Developer/Xcode/DerivedData/SDKExplicitPrecompiledModules/os-A3M44NYPHWZAEVBD1VRS1VU83.pcm /Users/tianli/Library/Developer/Xcode/DerivedData/SDKExplicitPrecompiledModules/Spatial-3OZ0VL527S320L68QWBSN653C.pcm /Users/tianli/Library/Developer/Xcode/DerivedData/SDKExplicitPrecompiledModules/XPC-2P2YEIE35407N23UUK2X1PMT6.pcm /Users/tianli/Library/Developer/Xcode/DerivedData/SDKExplicitPrecompiledModules/_Builtin_stdarg-3TX5OLHLHWT4BQKA360KSSDVB.pcm /Users/tianli/Library/Developer/Xcode/DerivedData/SDKExplicitPrecompiledModules/_Builtin_stdint-9J8EGEEXHEF7A75D06Y1R2WF0.pcm /Users/tianli/Library/Developer/Xcode/DerivedData/SDKExplicitPrecompiledModules/CoreGraphics-70D1HSA05AS3XC3ADNKGGDJA6.pcm /Users/tianli/Library/Developer/Xcode/DerivedData/SDKExplicitPrecompiledModules/UIKit-2ZYGDVF8HOJFULPMUAYM1ES5C.pcm /Users/tianli/Library/Developer/Xcode/DerivedData/SDKExplicitPrecompiledModules/CoreText-71UTFD5QKCTWTZ4BZ45GJ415I.pcm /Users/tianli/Library/Developer/Xcode/DerivedData/SDKExplicitPrecompiledModules/Dispatch-C7WID99HFXYNZLFJOO8FEJ979.pcm /Users/tianli/Library/Developer/Xcode/DerivedData/SDKExplicitPrecompiledModules/_Builtin_intrinsics-8PXV7D0OYZ1XXF8N5DXV4UCYO.pcm /Users/tianli/Library/Developer/Xcode/DerivedData/SDKExplicitPrecompiledModules/Symbols-2STOBBCS9C7JBJFJ8MLBW0MBD.pcm /Users/tianli/Library/Developer/Xcode/DerivedData/SDKExplicitPrecompiledModules/Darwin-47TQ0JHJPV0KHHYAPPBNIKB2M.pcm /Users/tianli/Library/Developer/Xcode/DerivedData/SDKExplicitPrecompiledModules/os_workgroup-R70S9Q77NQJGCW5T0PTU1W16.pcm /Users/tianli/Library/Developer/Xcode/DerivedData/SDKExplicitPrecompiledModules/_Builtin_stdbool-6OH5BX541YSPWT4YXE4VJI1FP.pcm /Users/tianli/Library/Developer/Xcode/DerivedData/SDKExplicitPrecompiledModules/CFNetwork-17Q0TIMGGBT3A6O2YMVBUXPMD.pcm /Users/tianli/Library/Developer/Xcode/DerivedData/SDKExplicitPrecompiledModules/_DarwinFoundation1-95YVRETMYRDZOCLU72RMVCVTY.pcm /Users/tianli/Library/Developer/Xcode/DerivedData/SDKExplicitPrecompiledModules/WatchConnectivity-4IP24N34QSWNMSJOA5OUGAUXO.pcm /Users/tianli/Library/Developer/Xcode/DerivedData/SDKExplicitPrecompiledModules/_Builtin_inttypes-BE1WS17LNLRA4Y0DOCGWF8XW3.pcm /Users/tianli/Library/Developer/Xcode/DerivedData/SDKExplicitPrecompiledModules/FileProvider-CGME5N6SV1HPW1E81H93WIL5U.pcm /Users/tianli/Library/Developer/Xcode/DerivedData/SDKExplicitPrecompiledModules/Metal-5ZYTSR2AZ9D2NXOXHTLDWXF6L.pcm /Users/tianli/Library/Developer/Xcode/DerivedData/SDKExplicitPrecompiledModules/Security-5H85PHG6IUA82GIVDCSOIRCAQ.pcm /Users/tianli/Library/Developer/Xcode/DerivedData/SDKExplicitPrecompiledModules/_SwiftConcurrencyShims-3YL8T66A814TXSH7R7P315KS4.pcm /Users/tianli/Library/Developer/Xcode/DerivedData/SDKExplicitPrecompiledModules/DeveloperToolsSupport-BGIGDS6GCHU29UGAW00HBLL2B.pcm /Users/tianli/Library/Developer/Xcode/DerivedData/FitCoach-acaaowtqnaruxxgsuqzrckdbihlv/Build/Intermediates.noindex/ArchiveIntermediates/FitCoach/IntermediateBuildFilesPath/FitCoach.build/Release-iphoneos/FitCoach.build/Objects-normal/arm64/FitCoach-dependencies-1.json (in target 'FitCoach' from project 'FitCoach')

SwiftCompile normal arm64 (in target 'FitCoach' from project 'FitCoach')
    cd /Users/tianli/Apps/fitcoach/ios/01-源程序
    

CreateUniversalBinary /Users/tianli/Library/Developer/Xcode/DerivedData/FitCoach-acaaowtqnaruxxgsuqzrckdbihlv/Build/Intermediates.noindex/ArchiveIntermediates/FitCoach/IntermediateBuildFilesPath/UninstalledProducts/watchos/FitCoachWatch.app/FitCoachWatch normal arm64\ arm64_32 (in target 'FitCoachWatch' from project 'FitCoach')
    cd /Users/tianli/Apps/fitcoach/ios/01-源程序
    /Applications/Xcode.app/Contents/Developer/Toolchains/XcodeDefault.xctoolchain/usr/bin/lipo -create /Users/tianli/Library/Developer/Xcode/DerivedData/FitCoach-acaaowtqnaruxxgsuqzrckdbihlv/Build/Intermediates.noindex/ArchiveIntermediates/FitCoach/IntermediateBuildFilesPath/FitCoach.build/Release-watchos/FitCoachWatch.build/Objects-normal/arm64/Binary/FitCoachWatch /Users/tianli/Library/Developer/Xcode/DerivedData/FitCoach-acaaowtqnaruxxgsuqzrckdbihlv/Build/Intermediates.noindex/ArchiveIntermediates/FitCoach/IntermediateBuildFilesPath/FitCoach.build/Release-watchos/FitCoachWatch.build/Objects-normal/arm64_32/Binary/FitCoachWatch -output /Users/tianli/Library/Developer/Xcode/DerivedData/FitCoach-acaaowtqnaruxxgsuqzrckdbihlv/Build/Intermediates.noindex/ArchiveIntermediates/FitCoach/IntermediateBuildFilesPath/UninstalledProducts/watchos/FitCoachWatch.app/FitCoachWatch

Copy /Users/tianli/Library/Developer/Xcode/DerivedData/FitCoach-acaaowtqnaruxxgsuqzrckdbihlv/Build/Intermediates.noindex/ArchiveIntermediates/FitCoach/IntermediateBuildFilesPath/UninstalledProducts/watchos/FitCoachWatch.app/PlugIns/FitCoachWatchWidget.appex /Users/tianli/Library/Developer/Xcode/DerivedData/FitCoach-acaaowtqnaruxxgsuqzrckdbihlv/Build/Intermediates.noindex/ArchiveIntermediates/FitCoach/BuildProductsPath/Release-watchos/FitCoachWatchWidget.appex (in target 'FitCoachWatch' from project 'FitCoach')
    cd /Users/tianli/Apps/fitcoach/ios/01-源程序
    builtin-copy -exclude .DS_Store -exclude CVS -exclude .svn -exclude .git -exclude .hg -exclude Headers -exclude PrivateHeaders -exclude Modules -exclude \*.tbd -resolve-src-symlinks -remove-static-executable /Users/tianli/Library/Developer/Xcode/DerivedData/FitCoach-acaaowtqnaruxxgsuqzrckdbihlv/Build/Intermediates.noindex/ArchiveIntermediates/FitCoach/BuildProductsPath/Release-watchos/FitCoachWatchWidget.appex /Users/tianli/Library/Developer/Xcode/DerivedData/FitCoach-acaaowtqnaruxxgsuqzrckdbihlv/Build/Intermediates.noindex/ArchiveIntermediates/FitCoach/IntermediateBuildFilesPath/UninstalledProducts/watchos/FitCoachWatch.app/PlugIns

ProcessInfoPlistFile /Users/tianli/Library/Developer/Xcode/DerivedData/FitCoach-acaaowtqnaruxxgsuqzrckdbihlv/Build/Intermediates.noindex/ArchiveIntermediates/FitCoach/IntermediateBuildFilesPath/UninstalledProducts/watchos/FitCoachWatch.app/Info.plist /Users/tianli/Library/Developer/Xcode/DerivedData/FitCoach-acaaowtqnaruxxgsuqzrckdbihlv/Build/Intermediates.noindex/ArchiveIntermediates/FitCoach/IntermediateBuildFilesPath/FitCoach.build/Release-watchos/FitCoachWatch.build/empty-FitCoachWatch.plist (in target 'FitCoachWatch' from project 'FitCoach')
    cd /Users/tianli/Apps/fitcoach/ios/01-源程序
    builtin-infoPlistUtility /Users/tianli/Library/Developer/Xcode/DerivedData/FitCoach-acaaowtqnaruxxgsuqzrckdbihlv/Build/Intermediates.noindex/ArchiveIntermediates/FitCoach/IntermediateBuildFilesPath/FitCoach.build/Release-watchos/FitCoachWatch.build/empty-FitCoachWatch.plist -producttype com.apple.product-type.application -genpkginfo /Users/tianli/Library/Developer/Xcode/DerivedData/FitCoach-acaaowtqnaruxxgsuqzrckdbihlv/Build/Intermediates.noindex/ArchiveIntermediates/FitCoach/IntermediateBuildFilesPath/UninstalledProducts/watchos/FitCoachWatch.app/PkgInfo -expandbuildsettings -format binary -platform watchos -additionalcontentfile /Users/tianli/Library/Developer/Xcode/DerivedData/FitCoach-acaaowtqnaruxxgsuqzrckdbihlv/Build/Intermediates.noindex/ArchiveIntermediates/FitCoach/IntermediateBuildFilesPath/FitCoach.build/Release-watchos/FitCoachWatch.build/assetcatalog_generated_info.plist -scanforprivacyfile /Users/tianli/Library/Developer/Xcode/DerivedData/FitCoach-acaaowtqnaruxxgsuqzrckdbihlv/Build/Intermediates.noindex/ArchiveIntermediates/FitCoach/IntermediateBuildFilesPath/UninstalledProducts/watchos/FitCoachWatch.app/PlugIns/FitCoachWatchWidget.appex -o /Users/tianli/Library/Developer/Xcode/DerivedData/FitCoach-acaaowtqnaruxxgsuqzrckdbihlv/Build/Intermediates.noindex/ArchiveIntermediates/FitCoach/IntermediateBuildFilesPath/UninstalledProducts/watchos/FitCoachWatch.app/Info.plist

ExtractAppIntentsMetadata (in target 'FitCoachWatch' from project 'FitCoach')
    cd /Users/tianli/Apps/fitcoach/ios/01-源程序
    /Applications/Xcode.app/Contents/Developer/Toolchains/XcodeDefault.xctoolchain/usr/bin/appintentsmetadataprocessor --toolchain-dir /Applications/Xcode.app/Contents/Developer/Toolchains/XcodeDefault.xctoolchain --module-name FitCoachWatch --sdk-root /Applications/Xcode.app/Contents/Developer/Platforms/WatchOS.platform/Developer/SDKs/WatchOS27.0.sdk --xcode-version 27A266a --platform-family watchOS --deployment-target 11.0 --bundle-identifier cyou.tianli.fitcoachapp.watchkitapp --output /Users/tianli/Library/Developer/Xcode/DerivedData/FitCoach-acaaowtqnaruxxgsuqzrckdbihlv/Build/Intermediates.noindex/ArchiveIntermediates/FitCoach/IntermediateBuildFilesPath/UninstalledProducts/watchos/FitCoachWatch.app --target-triple arm64-apple-watchos11.0 --target-triple arm64_32-apple-watchos11.0 --binary-file /Users/tianli/Library/Developer/Xcode/DerivedData/FitCoach-acaaowtqnaruxxgsuqzrckdbihlv/Build/Intermediates.noindex/ArchiveIntermediates/FitCoach/IntermediateBuildFilesPath/UninstalledProducts/watchos/FitCoachWatch.app/FitCoachWatch --dependency-file /Users/tianli/Library/Developer/Xcode/DerivedData/FitCoach-acaaowtqnaruxxgsuqzrckdbihlv/Build/Intermediates.noindex/ArchiveIntermediates/FitCoach/IntermediateBuildFilesPath/FitCoach.build/Release-watchos/FitCoachWatch.build/Objects-normal/arm64/FitCoachWatch_dependency_info.dat --dependency-file /Users/tianli/Library/Developer/Xcode/DerivedData/FitCoach-acaaowtqnaruxxgsuqzrckdbihlv/Build/Intermediates.noindex/ArchiveIntermediates/FitCoach/IntermediateBuildFilesPath/FitCoach.build/Release-watchos/FitCoachWatch.build/Objects-normal/arm64_32/FitCoachWatch_dependency_info.dat --stringsdata-file /Users/tianli/Library/Developer/Xcode/DerivedData/FitCoach-acaaowtqnaruxxgsuqzrckdbihlv/Build/Intermediates.noindex/ArchiveIntermediates/FitCoach/IntermediateBuildFilesPath/FitCoach.build/Release-watchos/FitCoachWatch.build/Objects-normal/arm64/ExtractedAppShortcutsMetadata.stringsdata --stringsdata-file /Users/tianli/Library/Developer/Xcode/DerivedData/FitCoach-acaaowtqnaruxxgsuqzrckdbihlv/Build/Intermediates.noindex/ArchiveIntermediates/FitCoach/IntermediateBuildFilesPath/FitCoach.build/Release-watchos/FitCoachWatch.build/Objects-normal/arm64_32/ExtractedAppShortcutsMetadata.stringsdata --source-file-list /Users/tianli/Library/Developer/Xcode/DerivedData/FitCoach-acaaowtqnaruxxgsuqzrckdbihlv/Build/Intermediates.noindex/ArchiveIntermediates/FitCoach/IntermediateBuildFilesPath/FitCoach.build/Release-watchos/FitCoachWatch.build/Objects-normal/arm64/FitCoachWatch.SwiftFileList --source-file-list /Users/tianli/Library/Developer/Xcode/DerivedData/FitCoach-acaaowtqnaruxxgsuqzrckdbihlv/Build/Intermediates.noindex/ArchiveIntermediates/FitCoach/IntermediateBuildFilesPath/FitCoach.build/Release-watchos/FitCoachWatch.build/Objects-normal/arm64_32/FitCoachWatch.SwiftFileList --metadata-file-list /Users/tianli/Library/Developer/Xcode/DerivedData/FitCoach-acaaowtqnaruxxgsuqzrckdbihlv/Build/Intermediates.noindex/ArchiveIntermediates/FitCoach/IntermediateBuildFilesPath/FitCoach.build/Release-watchos/FitCoachWatch.build/FitCoachWatch.DependencyMetadataFileList --static-metadata-file-list /Users/tianli/Library/Developer/Xcode/DerivedData/FitCoach-acaaowtqnaruxxgsuqzrckdbihlv/Build/Intermediates.noindex/ArchiveIntermediates/FitCoach/IntermediateBuildFilesPath/FitCoach.build/Release-watchos/FitCoachWatch.build/FitCoachWatch.DependencyStaticMetadataFileList --swift-const-vals-list /Users/tianli/Library/Developer/Xcode/DerivedData/FitCoach-acaaowtqnaruxxgsuqzrckdbihlv/Build/Intermediates.noindex/ArchiveIntermediates/FitCoach/IntermediateBuildFilesPath/FitCoach.build/Release-watchos/FitCoachWatch.build/Objects-normal/arm64/FitCoachWatch.SwiftConstValuesFileList --swift-const-vals-list /Users/tianli/Library/Developer/Xcode/DerivedData/FitCoach-acaaowtqnaruxxgsuqzrckdbihlv/Build/Intermediates.noindex/ArchiveIntermediates/FitCoach/IntermediateBuildFilesPath/FitCoach.build/Release-watchos/FitCoachWatch.build/Objects-normal/arm64_32/FitCoachWatch.SwiftConstValuesFileList --compile-time-extraction --deployment-aware-processing --no-app-shortcuts-localization
2026-10-06 14:39:33.085 appintentsmetadataprocessor[59534:7268418] Starting appintentsmetadataprocessor export
2026-10-06 14:39:33.817 appintentsmetadataprocessor[59534:7268418] Extracted no relevant App Intents symbols, skipping writing output

CopySwiftLibs /Users/tianli/Library/Developer/Xcode/DerivedData/FitCoach-acaaowtqnaruxxgsuqzrckdbihlv/Build/Intermediates.noindex/ArchiveIntermediates/FitCoach/IntermediateBuildFilesPath/UninstalledProducts/watchos/FitCoachWatch.app (in target 'FitCoachWatch' from project 'FitCoach')
    cd /Users/tianli/Apps/fitcoach/ios/01-源程序
    builtin-swiftStdLibTool --copy --verbose --sign EE29F1EBB490D8505CE220E646907872FD75D65E --scan-executable /Users/tianli/Library/Developer/Xcode/DerivedData/FitCoach-acaaowtqnaruxxgsuqzrckdbihlv/Build/Intermediates.noindex/ArchiveIntermediates/FitCoach/IntermediateBuildFilesPath/UninstalledProducts/watchos/FitCoachWatch.app/FitCoachWatch --scan-folder /Users/tianli/Library/Developer/Xcode/DerivedData/FitCoach-acaaowtqnaruxxgsuqzrckdbihlv/Build/Intermediates.noindex/ArchiveIntermediates/FitCoach/IntermediateBuildFilesPath/UninstalledProducts/watchos/FitCoachWatch.app/Frameworks --scan-folder /Users/tianli/Library/Developer/Xcode/DerivedData/FitCoach-acaaowtqnaruxxgsuqzrckdbihlv/Build/Intermediates.noindex/ArchiveIntermediates/FitCoach/IntermediateBuildFilesPath/UninstalledProducts/watchos/FitCoachWatch.app/PlugIns --scan-folder /Users/tianli/Library/Developer/Xcode/DerivedData/FitCoach-acaaowtqnaruxxgsuqzrckdbihlv/Build/Intermediates.noindex/ArchiveIntermediates/FitCoach/IntermediateBuildFilesPath/UninstalledProducts/watchos/FitCoachWatch.app/SystemExtensions --scan-folder /Users/tianli/Library/Developer/Xcode/DerivedData/FitCoach-acaaowtqnaruxxgsuqzrckdbihlv/Build/Intermediates.noindex/ArchiveIntermediates/FitCoach/IntermediateBuildFilesPath/UninstalledProducts/watchos/FitCoachWatch.app/Extensions --platform watchos --toolchain /Applications/Xcode.app/Contents/Developer/Toolchains/XcodeDefault.xctoolchain --destination /Users/tianli/Library/Developer/Xcode/DerivedData/FitCoach-acaaowtqnaruxxgsuqzrckdbihlv/Build/Intermediates.noindex/ArchiveIntermediates/FitCoach/IntermediateBuildFilesPath/UninstalledProducts/watchos/FitCoachWatch.app/Frameworks --unsigned-destination /Users/tianli/Library/Developer/Xcode/DerivedData/FitCoach-acaaowtqnaruxxgsuqzrckdbihlv/Build/Intermediates.noindex/ArchiveIntermediates/FitCoach/BuildProductsPath/SwiftSupport --strip-bitcode --strip-bitcode-tool /Applications/Xcode.app/Contents/Developer/Toolchains/XcodeDefault.xctoolchain/usr/bin/bitcode_strip --emit-dependency-info /Users/tianli/Library/Developer/Xcode/DerivedData/FitCoach-acaaowtqnaruxxgsuqzrckdbihlv/Build/Intermediates.noindex/ArchiveIntermediates/FitCoach/IntermediateBuildFilesPath/FitCoach.build/Release-watchos/FitCoachWatch.build/SwiftStdLibToolInputDependencies.dep --filter-for-swift-os --back-deploy-swift-span

GenerateDSYMFile /Users/tianli/Library/Developer/Xcode/DerivedData/FitCoach-acaaowtqnaruxxgsuqzrckdbihlv/Build/Intermediates.noindex/ArchiveIntermediates/FitCoach/BuildProductsPath/Release-watchos/FitCoachWatch.app.dSYM /Users/tianli/Library/Developer/Xcode/DerivedData/FitCoach-acaaowtqnaruxxgsuqzrckdbihlv/Build/Intermediates.noindex/ArchiveIntermediates/FitCoach/IntermediateBuildFilesPath/UninstalledProducts/watchos/FitCoachWatch.app/FitCoachWatch (in target 'FitCoachWatch' from project 'FitCoach')
    cd /Users/tianli/Apps/fitcoach/ios/01-源程序
    export PATH\=/Applications/Xcode.app/Contents/SharedFrameworks/SwiftBuild.framework/Versions/A/PlugIns/SWBBuildService.bundle/Contents/PlugIns/SWBUniversalPlatformPlugin.bundle/Contents/Frameworks/SWBUniversalPlatform.framework/Resources:/Applications/Xcode.app/Contents/Developer/Toolchains/XcodeDefault.xctoolchain/usr/bin:/Applications/Xcode.app/Contents/Developer/Toolchains/XcodeDefault.xctoolchain/usr/local/bin:/Applications/Xcode.app/Contents/Developer/Toolchains/XcodeDefault.xctoolchain/usr/libexec:/Applications/Xcode.app/Contents/Developer/Platforms/WatchOS.platform/usr/bin:/Applications/Xcode.app/Contents/Developer/Platforms/WatchOS.platform/usr/local/bin:/Applications/Xcode.app/Contents/Developer/Platforms/WatchOS.platform/Developer/usr/bin:/Applications/Xcode.app/Contents/Developer/Platforms/WatchOS.platform/Developer/usr/local/bin:/Applications/Xcode.app/Contents/Developer/usr/bin:/Applications/Xcode.app/Contents/Developer/usr/local/bin:/usr/bin:/bin:/usr/sbin:/sbin:/Users/tianli/.codex/packages/app-server-daemon/releases/0.160.1-aarch64-apple-darwin/codex-path:/Users/tianli/.local/bin:/Users/tianli/.kimi-code/bin:/usr/local/opt/w3m/bin:/usr/local/go/bin:/Users/tianli/go/bin:/usr/local/opt/php/bin:/usr/local/opt/php/sbin:/opt/homebrew/opt/openjdk/bin:/Users/tianli/Dev/tools/scripts:/Users/tianli/Dev/tools/scripts/system:/Users/tianli/Dev/tools/scripts/system/services:/Users/tianli/Dev/tools/scripts/execute:/Users/tianli/Dev/tools/scripts/execute/tools:/Users/tianli/Dev/tools/scripts/execute/raycast:/Users/tianli/Dev/tools/scripts/execute/compare:/Users/tianli/Dev/tools/scripts/execute/macro:/Users/tianli/.codeium/windsurf/bin:/opt/homebrew/opt/ruby/bin:/Users/tianli/.orbstack/bin:/opt/homebrew/bin:/opt/homebrew/sbin:/usr/local/bin:/System/Cryptexes/App/usr/bin:/var/run/com.apple.security.cryptexd/codex.system/bootstrap/usr/local/bin:/var/run/com.apple.security.cryptexd/codex.system/bootstrap/usr/bin:/var/run/com.apple.security.cryptexd/codex.system/bootstrap/usr/appleinternal/bin:/pkg/env/global/bin:/Library/Apple/usr/bin:/Library/TeX/texbin:/usr/local/share/dotnet:/Applications/quarto/bin:/Users/tianli/.codex/tmp/arg0/codex-arg0WfTpcY:/Users/tianli/.codex/tmp/arg0/codex-arg0m8qLUM:/Users/tianli/.codex/packages/app-server-daemon/releases/0.160.0-aarch64-apple-darwin/codex-path:/Users/tianli/.codex/tmp/arg0/codex-arg04eOo5b:/opt/homebrew/Caskroom/codex/0.160.0/codex-path:/Applications/Ghostty.app/Contents/MacOS:/Users/tianli/Library/pnpm
    /Applications/Xcode.app/Contents/Developer/Toolchains/XcodeDefault.xctoolchain/usr/bin/dsymutil /Users/tianli/Library/Developer/Xcode/DerivedData/FitCoach-acaaowtqnaruxxgsuqzrckdbihlv/Build/Intermediates.noindex/ArchiveIntermediates/FitCoach/IntermediateBuildFilesPath/UninstalledProducts/watchos/FitCoachWatch.app/FitCoachWatch -o /Users/tianli/Library/Developer/Xcode/DerivedData/FitCoach-acaaowtqnaruxxgsuqzrckdbihlv/Build/Intermediates.noindex/ArchiveIntermediates/FitCoach/BuildProductsPath/Release-watchos/FitCoachWatch.app.dSYM

Strip /Users/tianli/Library/Developer/Xcode/DerivedData/FitCoach-acaaowtqnaruxxgsuqzrckdbihlv/Build/Intermediates.noindex/ArchiveIntermediates/FitCoach/IntermediateBuildFilesPath/UninstalledProducts/watchos/FitCoachWatch.app/FitCoachWatch (in target 'FitCoachWatch' from project 'FitCoach')
    cd /Users/tianli/Apps/fitcoach/ios/01-源程序
    /Applications/Xcode.app/Contents/Developer/Toolchains/XcodeDefault.xctoolchain/usr/bin/strip -D /Users/tianli/Library/Developer/Xcode/DerivedData/FitCoach-acaaowtqnaruxxgsuqzrckdbihlv/Build/Intermediates.noindex/ArchiveIntermediates/FitCoach/IntermediateBuildFilesPath/UninstalledProducts/watchos/FitCoachWatch.app/FitCoachWatch

SetOwnerAndGroup tianli:staff /Users/tianli/Library/Developer/Xcode/DerivedData/FitCoach-acaaowtqnaruxxgsuqzrckdbihlv/Build/Intermediates.noindex/ArchiveIntermediates/FitCoach/IntermediateBuildFilesPath/UninstalledProducts/watchos/FitCoachWatch.app (in target 'FitCoachWatch' from project 'FitCoach')
    cd /Users/tianli/Apps/fitcoach/ios/01-源程序
    /usr/sbin/chown -RH tianli:staff /Users/tianli/Library/Developer/Xcode/DerivedData/FitCoach-acaaowtqnaruxxgsuqzrckdbihlv/Build/Intermediates.noindex/ArchiveIntermediates/FitCoach/IntermediateBuildFilesPath/UninstalledProducts/watchos/FitCoachWatch.app

SetMode u+w,go-w,a+rX /Users/tianli/Library/Developer/Xcode/DerivedData/FitCoach-acaaowtqnaruxxgsuqzrckdbihlv/Build/Intermediates.noindex/ArchiveIntermediates/FitCoach/IntermediateBuildFilesPath/UninstalledProducts/watchos/FitCoachWatch.app (in target 'FitCoachWatch' from project 'FitCoach')
    cd /Users/tianli/Apps/fitcoach/ios/01-源程序
    /bin/chmod -RH u+w,go-w,a+rX /Users/tianli/Library/Developer/Xcode/DerivedData/FitCoach-acaaowtqnaruxxgsuqzrckdbihlv/Build/Intermediates.noindex/ArchiveIntermediates/FitCoach/IntermediateBuildFilesPath/UninstalledProducts/watchos/FitCoachWatch.app

CodeSign /Users/tianli/Library/Developer/Xcode/DerivedData/FitCoach-acaaowtqnaruxxgsuqzrckdbihlv/Build/Intermediates.noindex/ArchiveIntermediates/FitCoach/IntermediateBuildFilesPath/UninstalledProducts/watchos/FitCoachWatch.app (in target 'FitCoachWatch' from project 'FitCoach')
    cd /Users/tianli/Apps/fitcoach/ios/01-源程序
    
    Signing Identity:     "Apple Development: zengtianli1@126.com (XADD6XV55H)"
    Provisioning Profile: "iOS Team Provisioning Profile: *"
                          (191f22e4-5b4f-452c-b24c-782a206475f9)
    
    /usr/bin/codesign --force --sign EE29F1EBB490D8505CE220E646907872FD75D65E --entitlements /Users/tianli/Library/Developer/Xcode/DerivedData/FitCoach-acaaowtqnaruxxgsuqzrckdbihlv/Build/Intermediates.noindex/ArchiveIntermediates/FitCoach/IntermediateBuildFilesPath/FitCoach.build/Release-watchos/FitCoachWatch.build/FitCoachWatch.app.xcent --generate-entitlement-der /Users/tianli/Library/Developer/Xcode/DerivedData/FitCoach-acaaowtqnaruxxgsuqzrckdbihlv/Build/Intermediates.noindex/ArchiveIntermediates/FitCoach/IntermediateBuildFilesPath/UninstalledProducts/watchos/FitCoachWatch.app

ValidateEmbeddedBinary /Users/tianli/Library/Developer/Xcode/DerivedData/FitCoach-acaaowtqnaruxxgsuqzrckdbihlv/Build/Intermediates.noindex/ArchiveIntermediates/FitCoach/IntermediateBuildFilesPath/UninstalledProducts/watchos/FitCoachWatch.app/PlugIns/FitCoachWatchWidget.appex (in target 'FitCoachWatch' from project 'FitCoach')
    cd /Users/tianli/Apps/fitcoach/ios/01-源程序
    /Applications/Xcode.app/Contents/Developer/usr/bin/embeddedBinaryValidationUtility /Users/tianli/Library/Developer/Xcode/DerivedData/FitCoach-acaaowtqnaruxxgsuqzrckdbihlv/Build/Intermediates.noindex/ArchiveIntermediates/FitCoach/IntermediateBuildFilesPath/UninstalledProducts/watchos/FitCoachWatch.app/PlugIns/FitCoachWatchWidget.appex -signing-cert EE29F1EBB490D8505CE220E646907872FD75D65E -info-plist-path /Users/tianli/Library/Developer/Xcode/DerivedData/FitCoach-acaaowtqnaruxxgsuqzrckdbihlv/Build/Intermediates.noindex/ArchiveIntermediates/FitCoach/IntermediateBuildFilesPath/UninstalledProducts/watchos/FitCoachWatch.app/Info.plist

RegisterExecutionPolicyException /Users/tianli/Library/Developer/Xcode/DerivedData/FitCoach-acaaowtqnaruxxgsuqzrckdbihlv/Build/Intermediates.noindex/ArchiveIntermediates/FitCoach/IntermediateBuildFilesPath/UninstalledProducts/watchos/FitCoachWatch.app (in target 'FitCoachWatch' from project 'FitCoach')
    cd /Users/tianli/Apps/fitcoach/ios/01-源程序
    builtin-RegisterExecutionPolicyException /Users/tianli/Library/Developer/Xcode/DerivedData/FitCoach-acaaowtqnaruxxgsuqzrckdbihlv/Build/Intermediates.noindex/ArchiveIntermediates/FitCoach/IntermediateBuildFilesPath/UninstalledProducts/watchos/FitCoachWatch.app

Validate /Users/tianli/Library/Developer/Xcode/DerivedData/FitCoach-acaaowtqnaruxxgsuqzrckdbihlv/Build/Intermediates.noindex/ArchiveIntermediates/FitCoach/IntermediateBuildFilesPath/UninstalledProducts/watchos/FitCoachWatch.app (in target 'FitCoachWatch' from project 'FitCoach')
    cd /Users/tianli/Apps/fitcoach/ios/01-源程序
    builtin-validationUtility /Users/tianli/Library/Developer/Xcode/DerivedData/FitCoach-acaaowtqnaruxxgsuqzrckdbihlv/Build/Intermediates.noindex/ArchiveIntermediates/FitCoach/IntermediateBuildFilesPath/UninstalledProducts/watchos/FitCoachWatch.app -shallow-bundle -infoplist-subpath Info.plist

Touch /Users/tianli/Library/Developer/Xcode/DerivedData/FitCoach-acaaowtqnaruxxgsuqzrckdbihlv/Build/Intermediates.noindex/ArchiveIntermediates/FitCoach/IntermediateBuildFilesPath/UninstalledProducts/watchos/FitCoachWatch.app (in target 'FitCoachWatch' from project 'FitCoach')
    cd /Users/tianli/Apps/fitcoach/ios/01-源程序
    /usr/bin/touch -c /Users/tianli/Library/Developer/Xcode/DerivedData/FitCoach-acaaowtqnaruxxgsuqzrckdbihlv/Build/Intermediates.noindex/ArchiveIntermediates/FitCoach/IntermediateBuildFilesPath/UninstalledProducts/watchos/FitCoachWatch.app

LinkAssetCatalog /Users/tianli/Apps/fitcoach/ios/01-源程序/Resources/Assets.xcassets (in target 'FitCoach' from project 'FitCoach')
    cd /Users/tianli/Apps/fitcoach/ios/01-源程序
    builtin-linkAssetCatalog --thinned /Users/tianli/Library/Developer/Xcode/DerivedData/FitCoach-acaaowtqnaruxxgsuqzrckdbihlv/Build/Intermediates.noindex/ArchiveIntermediates/FitCoach/IntermediateBuildFilesPath/FitCoach.build/Release-iphoneos/FitCoach.build/assetcatalog_output/thinned --thinned-dependencies /Users/tianli/Library/Developer/Xcode/DerivedData/FitCoach-acaaowtqnaruxxgsuqzrckdbihlv/Build/Intermediates.noindex/ArchiveIntermediates/FitCoach/IntermediateBuildFilesPath/FitCoach.build/Release-iphoneos/FitCoach.build/assetcatalog_dependencies_thinned --thinned-info-plist-content /Users/tianli/Library/Developer/Xcode/DerivedData/FitCoach-acaaowtqnaruxxgsuqzrckdbihlv/Build/Intermediates.noindex/ArchiveIntermediates/FitCoach/IntermediateBuildFilesPath/FitCoach.build/Release-iphoneos/FitCoach.build/assetcatalog_generated_info.plist_thinned --unthinned /Users/tianli/Library/Developer/Xcode/DerivedData/FitCoach-acaaowtqnaruxxgsuqzrckdbihlv/Build/Intermediates.noindex/ArchiveIntermediates/FitCoach/IntermediateBuildFilesPath/FitCoach.build/Release-iphoneos/FitCoach.build/assetcatalog_output/unthinned --unthinned-dependencies /Users/tianli/Library/Developer/Xcode/DerivedData/FitCoach-acaaowtqnaruxxgsuqzrckdbihlv/Build/Intermediates.noindex/ArchiveIntermediates/FitCoach/IntermediateBuildFilesPath/FitCoach.build/Release-iphoneos/FitCoach.build/assetcatalog_dependencies_unthinned --unthinned-info-plist-content /Users/tianli/Library/Developer/Xcode/DerivedData/FitCoach-acaaowtqnaruxxgsuqzrckdbihlv/Build/Intermediates.noindex/ArchiveIntermediates/FitCoach/IntermediateBuildFilesPath/FitCoach.build/Release-iphoneos/FitCoach.build/assetcatalog_generated_info.plist_unthinned --output /Users/tianli/Library/Developer/Xcode/DerivedData/FitCoach-acaaowtqnaruxxgsuqzrckdbihlv/Build/Intermediates.noindex/ArchiveIntermediates/FitCoach/InstallationBuildProductsLocation/Applications/FitCoach.app --plist-output /Users/tianli/Library/Developer/Xcode/DerivedData/FitCoach-acaaowtqnaruxxgsuqzrckdbihlv/Build/Intermediates.noindex/ArchiveIntermediates/FitCoach/IntermediateBuildFilesPath/FitCoach.build/Release-iphoneos/FitCoach.build/assetcatalog_generated_info.plist
note: Emplaced /Users/tianli/Library/Developer/Xcode/DerivedData/FitCoach-acaaowtqnaruxxgsuqzrckdbihlv/Build/Intermediates.noindex/ArchiveIntermediates/FitCoach/InstallationBuildProductsLocation/Applications/FitCoach.app/Assets.car (in target 'FitCoach' from project 'FitCoach')
note: Emplaced /Users/tianli/Library/Developer/Xcode/DerivedData/FitCoach-acaaowtqnaruxxgsuqzrckdbihlv/Build/Intermediates.noindex/ArchiveIntermediates/FitCoach/InstallationBuildProductsLocation/Applications/FitCoach.app/AppIcon60x60@2x.png (in target 'FitCoach' from project 'FitCoach')
note: Emplaced /Users/tianli/Library/Developer/Xcode/DerivedData/FitCoach-acaaowtqnaruxxgsuqzrckdbihlv/Build/Intermediates.noindex/ArchiveIntermediates/FitCoach/InstallationBuildProductsLocation/Applications/FitCoach.app/AppIcon76x76@2x~ipad.png (in target 'FitCoach' from project 'FitCoach')

SwiftDriverJobDiscovery normal arm64 Compiling API.swift, AccountDeleteView.swift, Adaptive.swift, App.swift, AppConfiguration.swift, AppIdentity.swift, AppLifecycle.swift, AppLifecycleMobile.swift, AuditView.swift, AvailabilityView.swift, GrowthView.swift, LaneSignal.swift, LocationsView.swift, LoginView.swift, MetricsView.swift, MobileProductLifecycle.swift, Models.swift, PackageFormView.swift, PasswordView.swift, PhoneAccountView.swift, PlatformCompat.swift, QuickSetup.swift, QuickSetupView.swift, RegisterView.swift, RegularHomeView.swift, RemoteUI.swift, SavedLogin.swift, ScheduleView.swift, SessionFormView.swift, StudentDetailView.swift, StudentModeView.swift, StudentsView.swift, Theme.swift, TimeKit.swift, UI.swift, WatchLink.swift, WatchSnapshot.swift, GeneratedAssetSymbols.swift (in target 'FitCoach' from project 'FitCoach')

SwiftDriver\ Compilation\ Requirements FitCoach normal arm64 com.apple.xcode.tools.swift.compiler (in target 'FitCoach' from project 'FitCoach')
    cd /Users/tianli/Apps/fitcoach/ios/01-源程序
    builtin-Swift-Compilation-Requirements -- /Applications/Xcode.app/Contents/Developer/Toolchains/XcodeDefault.xctoolchain/usr/bin/swiftc -module-name FitCoach -O -whole-module-optimization @/Users/tianli/Library/Developer/Xcode/DerivedData/FitCoach-acaaowtqnaruxxgsuqzrckdbihlv/Build/Intermediates.noindex/ArchiveIntermediates/FitCoach/IntermediateBuildFilesPath/FitCoach.build/Release-iphoneos/FitCoach.build/Objects-normal/arm64/FitCoach.SwiftFileList -enable-bare-slash-regex -enable-experimental-feature DebugDescriptionMacro -sdk /Applications/Xcode.app/Contents/Developer/Platforms/iPhoneOS.platform/Developer/SDKs/iPhoneOS27.0.sdk -target arm64-apple-ios18.0 -g -module-cache-path /Users/tianli/Library/Developer/Xcode/DerivedData/ModuleCache.noindex -Xfrontend -serialize-debugging-options -swift-version 5 -I /Users/tianli/Library/Developer/Xcode/DerivedData/FitCoach-acaaowtqnaruxxgsuqzrckdbihlv/Build/Intermediates.noindex/ArchiveIntermediates/FitCoach/BuildProductsPath/Release-iphoneos -F /Users/tianli/Library/Developer/Xcode/DerivedData/FitCoach-acaaowtqnaruxxgsuqzrckdbihlv/Build/Intermediates.noindex/ArchiveIntermediates/FitCoach/BuildProductsPath/Release-iphoneos -c -num-threads 10 -output-file-map /Users/tianli/Library/Developer/Xcode/DerivedData/FitCoach-acaaowtqnaruxxgsuqzrckdbihlv/Build/Intermediates.noindex/ArchiveIntermediates/FitCoach/IntermediateBuildFilesPath/FitCoach.build/Release-iphoneos/FitCoach.build/Objects-normal/arm64/FitCoach-OutputFileMap.json -save-temps -no-color-diagnostics -explicit-module-build -module-cache-path /Users/tianli/Library/Developer/Xcode/DerivedData/FitCoach-acaaowtqnaruxxgsuqzrckdbihlv/Build/Intermediates.noindex/ArchiveIntermediates/FitCoach/IntermediateBuildFilesPath/SwiftExplicitPrecompiledModules -clang-scanner-module-cache-path /Users/tianli/Library/Developer/Xcode/DerivedData/ModuleCache.noindex -sdk-module-cache-path /Users/tianli/Library/Developer/Xcode/DerivedData/SDKExplicitPrecompiledModules -emit-dependencies -emit-module -emit-module-path /Users/tianli/Library/Developer/Xcode/DerivedData/FitCoach-acaaowtqnaruxxgsuqzrckdbihlv/Build/Intermediates.noindex/ArchiveIntermediates/FitCoach/IntermediateBuildFilesPath/FitCoach.build/Release-iphoneos/FitCoach.build/Objects-normal/arm64/FitCoach.swiftmodule -serialize-diagnostics -dependency-scan-serialize-diagnostics-path /Users/tianli/Library/Developer/Xcode/DerivedData/FitCoach-acaaowtqnaruxxgsuqzrckdbihlv/Build/Intermediates.noindex/ArchiveIntermediates/FitCoach/IntermediateBuildFilesPath/FitCoach.build/Release-iphoneos/FitCoach.build/Objects-normal/arm64/FitCoach-dependency-scan.dia -validate-clang-modules-once -clang-build-session-file /Users/tianli/Library/Developer/Xcode/DerivedData/ModuleCache.noindex/Session.modulevalidation -Xcc -fmodules-prune-interval\=86400 -Xcc -fmodules-prune-after\=345600 -emit-const-values -const-gather-protocols-list /Users/tianli/Library/Developer/Xcode/DerivedData/FitCoach-acaaowtqnaruxxgsuqzrckdbihlv/Build/Intermediates.noindex/ArchiveIntermediates/FitCoach/IntermediateBuildFilesPath/FitCoach.build/Release-iphoneos/FitCoach.build/Objects-normal/arm64/FitCoach_const_extract_protocols.json -Xcc -iquote -Xcc /Users/tianli/Library/Developer/Xcode/DerivedData/FitCoach-acaaowtqnaruxxgsuqzrckdbihlv/Build/Intermediates.noindex/ArchiveIntermediates/FitCoach/IntermediateBuildFilesPath/FitCoach.build/Release-iphoneos/FitCoach.build/FitCoach-generated-files.hmap -Xcc -I/Users/tianli/Library/Developer/Xcode/DerivedData/FitCoach-acaaowtqnaruxxgsuqzrckdbihlv/Build/Intermediates.noindex/ArchiveIntermediates/FitCoach/IntermediateBuildFilesPath/FitCoach.build/Release-iphoneos/FitCoach.build/FitCoach-own-target-headers.hmap -Xcc -I/Users/tianli/Library/Developer/Xcode/DerivedData/FitCoach-acaaowtqnaruxxgsuqzrckdbihlv/Build/Intermediates.noindex/ArchiveIntermediates/FitCoach/IntermediateBuildFilesPath/FitCoach.build/Release-iphoneos/FitCoach.build/FitCoach-all-target-headers.hmap -Xcc -iquote -Xcc /Users/tianli/Library/Developer/Xcode/DerivedData/FitCoach-acaaowtqnaruxxgsuqzrckdbihlv/Build/Intermediates.noindex/ArchiveIntermediates/FitCoach/IntermediateBuildFilesPath/FitCoach.build/Release-iphoneos/FitCoach.build/FitCoach-project-headers.hmap -Xcc -I/Users/tianli/Library/Developer/Xcode/DerivedData/FitCoach-acaaowtqnaruxxgsuqzrckdbihlv/Build/Intermediates.noindex/ArchiveIntermediates/FitCoach/BuildProductsPath/Release-iphoneos/include -Xcc -I/Users/tianli/Library/Developer/Xcode/DerivedData/FitCoach-acaaowtqnaruxxgsuqzrckdbihlv/Build/Intermediates.noindex/ArchiveIntermediates/FitCoach/IntermediateBuildFilesPath/FitCoach.build/Release-iphoneos/FitCoach.build/DerivedSources-normal/arm64 -Xcc -I/Users/tianli/Library/Developer/Xcode/DerivedData/FitCoach-acaaowtqnaruxxgsuqzrckdbihlv/Build/Intermediates.noindex/ArchiveIntermediates/FitCoach/IntermediateBuildFilesPath/FitCoach.build/Release-iphoneos/FitCoach.build/DerivedSources/arm64 -Xcc -I/Users/tianli/Library/Developer/Xcode/DerivedData/FitCoach-acaaowtqnaruxxgsuqzrckdbihlv/Build/Intermediates.noindex/ArchiveIntermediates/FitCoach/IntermediateBuildFilesPath/FitCoach.build/Release-iphoneos/FitCoach.build/DerivedSources -emit-objc-header -emit-objc-header-path /Users/tianli/Library/Developer/Xcode/DerivedData/FitCoach-acaaowtqnaruxxgsuqzrckdbihlv/Build/Intermediates.noindex/ArchiveIntermediates/FitCoach/IntermediateBuildFilesPath/FitCoach.build/Release-iphoneos/FitCoach.build/Objects-normal/arm64/FitCoach-Swift.h -working-directory /Users/tianli/Apps/fitcoach/ios/01-源程序 -no-emit-module-separately-wmo

SwiftMergeGeneratedHeaders /Users/tianli/Library/Developer/Xcode/DerivedData/FitCoach-acaaowtqnaruxxgsuqzrckdbihlv/Build/Intermediates.noindex/ArchiveIntermediates/FitCoach/IntermediateBuildFilesPath/FitCoach.build/Release-iphoneos/FitCoach.build/DerivedSources/FitCoach-Swift.h /Users/tianli/Library/Developer/Xcode/DerivedData/FitCoach-acaaowtqnaruxxgsuqzrckdbihlv/Build/Intermediates.noindex/ArchiveIntermediates/FitCoach/IntermediateBuildFilesPath/FitCoach.build/Release-iphoneos/FitCoach.build/Objects-normal/arm64/FitCoach-Swift.h (in target 'FitCoach' from project 'FitCoach')
    cd /Users/tianli/Apps/fitcoach/ios/01-源程序
    builtin-swiftHeaderTool -arch arm64 /Users/tianli/Library/Developer/Xcode/DerivedData/FitCoach-acaaowtqnaruxxgsuqzrckdbihlv/Build/Intermediates.noindex/ArchiveIntermediates/FitCoach/IntermediateBuildFilesPath/FitCoach.build/Release-iphoneos/FitCoach.build/Objects-normal/arm64/FitCoach-Swift.h -o /Users/tianli/Library/Developer/Xcode/DerivedData/FitCoach-acaaowtqnaruxxgsuqzrckdbihlv/Build/Intermediates.noindex/ArchiveIntermediates/FitCoach/IntermediateBuildFilesPath/FitCoach.build/Release-iphoneos/FitCoach.build/DerivedSources/FitCoach-Swift.h

Copy /Users/tianli/Library/Developer/Xcode/DerivedData/FitCoach-acaaowtqnaruxxgsuqzrckdbihlv/Build/Intermediates.noindex/ArchiveIntermediates/FitCoach/BuildProductsPath/Release-iphoneos/FitCoach.swiftmodule/arm64-apple-ios.swiftdoc /Users/tianli/Library/Developer/Xcode/DerivedData/FitCoach-acaaowtqnaruxxgsuqzrckdbihlv/Build/Intermediates.noindex/ArchiveIntermediates/FitCoach/IntermediateBuildFilesPath/FitCoach.build/Release-iphoneos/FitCoach.build/Objects-normal/arm64/FitCoach.swiftdoc (in target 'FitCoach' from project 'FitCoach')
    cd /Users/tianli/Apps/fitcoach/ios/01-源程序
    builtin-copy -exclude .DS_Store -exclude CVS -exclude .svn -exclude .git -exclude .hg -resolve-src-symlinks -rename /Users/tianli/Library/Developer/Xcode/DerivedData/FitCoach-acaaowtqnaruxxgsuqzrckdbihlv/Build/Intermediates.noindex/ArchiveIntermediates/FitCoach/IntermediateBuildFilesPath/FitCoach.build/Release-iphoneos/FitCoach.build/Objects-normal/arm64/FitCoach.swiftdoc /Users/tianli/Library/Developer/Xcode/DerivedData/FitCoach-acaaowtqnaruxxgsuqzrckdbihlv/Build/Intermediates.noindex/ArchiveIntermediates/FitCoach/BuildProductsPath/Release-iphoneos/FitCoach.swiftmodule/arm64-apple-ios.swiftdoc

Copy /Users/tianli/Library/Developer/Xcode/DerivedData/FitCoach-acaaowtqnaruxxgsuqzrckdbihlv/Build/Intermediates.noindex/ArchiveIntermediates/FitCoach/BuildProductsPath/Release-iphoneos/FitCoach.swiftmodule/arm64-apple-ios.swiftmodule /Users/tianli/Library/Developer/Xcode/DerivedData/FitCoach-acaaowtqnaruxxgsuqzrckdbihlv/Build/Intermediates.noindex/ArchiveIntermediates/FitCoach/IntermediateBuildFilesPath/FitCoach.build/Release-iphoneos/FitCoach.build/Objects-normal/arm64/FitCoach.swiftmodule (in target 'FitCoach' from project 'FitCoach')
    cd /Users/tianli/Apps/fitcoach/ios/01-源程序
    builtin-copy -exclude .DS_Store -exclude CVS -exclude .svn -exclude .git -exclude .hg -resolve-src-symlinks -rename /Users/tianli/Library/Developer/Xcode/DerivedData/FitCoach-acaaowtqnaruxxgsuqzrckdbihlv/Build/Intermediates.noindex/ArchiveIntermediates/FitCoach/IntermediateBuildFilesPath/FitCoach.build/Release-iphoneos/FitCoach.build/Objects-normal/arm64/FitCoach.swiftmodule /Users/tianli/Library/Developer/Xcode/DerivedData/FitCoach-acaaowtqnaruxxgsuqzrckdbihlv/Build/Intermediates.noindex/ArchiveIntermediates/FitCoach/BuildProductsPath/Release-iphoneos/FitCoach.swiftmodule/arm64-apple-ios.swiftmodule

Copy /Users/tianli/Library/Developer/Xcode/DerivedData/FitCoach-acaaowtqnaruxxgsuqzrckdbihlv/Build/Intermediates.noindex/ArchiveIntermediates/FitCoach/BuildProductsPath/Release-iphoneos/FitCoach.swiftmodule/arm64-apple-ios.abi.json /Users/tianli/Library/Developer/Xcode/DerivedData/FitCoach-acaaowtqnaruxxgsuqzrckdbihlv/Build/Intermediates.noindex/ArchiveIntermediates/FitCoach/IntermediateBuildFilesPath/FitCoach.build/Release-iphoneos/FitCoach.build/Objects-normal/arm64/FitCoach.abi.json (in target 'FitCoach' from project 'FitCoach')
    cd /Users/tianli/Apps/fitcoach/ios/01-源程序
    builtin-copy -exclude .DS_Store -exclude CVS -exclude .svn -exclude .git -exclude .hg -resolve-src-symlinks -rename /Users/tianli/Library/Developer/Xcode/DerivedData/FitCoach-acaaowtqnaruxxgsuqzrckdbihlv/Build/Intermediates.noindex/ArchiveIntermediates/FitCoach/IntermediateBuildFilesPath/FitCoach.build/Release-iphoneos/FitCoach.build/Objects-normal/arm64/FitCoach.abi.json /Users/tianli/Library/Developer/Xcode/DerivedData/FitCoach-acaaowtqnaruxxgsuqzrckdbihlv/Build/Intermediates.noindex/ArchiveIntermediates/FitCoach/BuildProductsPath/Release-iphoneos/FitCoach.swiftmodule/arm64-apple-ios.abi.json

Ld /Users/tianli/Library/Developer/Xcode/DerivedData/FitCoach-acaaowtqnaruxxgsuqzrckdbihlv/Build/Intermediates.noindex/ArchiveIntermediates/FitCoach/InstallationBuildProductsLocation/Applications/FitCoach.app/FitCoach normal (in target 'FitCoach' from project 'FitCoach')
    cd /Users/tianli/Apps/fitcoach/ios/01-源程序
    /Applications/Xcode.app/Contents/Developer/Toolchains/XcodeDefault.xctoolchain/usr/bin/clang -Xlinker -reproducible -target arm64-apple-ios18.0 -isysroot /Applications/Xcode.app/Contents/Developer/Platforms/iPhoneOS.platform/Developer/SDKs/iPhoneOS27.0.sdk -Os -Xlinker -no_warn_duplicate_libraries -L/Users/tianli/Library/Developer/Xcode/DerivedData/FitCoach-acaaowtqnaruxxgsuqzrckdbihlv/Build/Intermediates.noindex/ArchiveIntermediates/FitCoach/IntermediateBuildFilesPath/EagerLinkingTBDs/Release-iphoneos -L/Users/tianli/Library/Developer/Xcode/DerivedData/FitCoach-acaaowtqnaruxxgsuqzrckdbihlv/Build/Intermediates.noindex/ArchiveIntermediates/FitCoach/BuildProductsPath/Release-iphoneos -F/Users/tianli/Library/Developer/Xcode/DerivedData/FitCoach-acaaowtqnaruxxgsuqzrckdbihlv/Build/Intermediates.noindex/ArchiveIntermediates/FitCoach/IntermediateBuildFilesPath/EagerLinkingTBDs/Release-iphoneos -F/Users/tianli/Library/Developer/Xcode/DerivedData/FitCoach-acaaowtqnaruxxgsuqzrckdbihlv/Build/Intermediates.noindex/ArchiveIntermediates/FitCoach/BuildProductsPath/Release-iphoneos -filelist /Users/tianli/Library/Developer/Xcode/DerivedData/FitCoach-acaaowtqnaruxxgsuqzrckdbihlv/Build/Intermediates.noindex/ArchiveIntermediates/FitCoach/IntermediateBuildFilesPath/FitCoach.build/Release-iphoneos/FitCoach.build/Objects-normal/arm64/FitCoach.LinkFileList -Xlinker -rpath -Xlinker /usr/lib/swift -Xlinker -rpath -Xlinker @executable_path/Frameworks -Xlinker -dead_strip -Xlinker -object_path_lto -Xlinker /Users/tianli/Library/Developer/Xcode/DerivedData/FitCoach-acaaowtqnaruxxgsuqzrckdbihlv/Build/Intermediates.noindex/ArchiveIntermediates/FitCoach/IntermediateBuildFilesPath/FitCoach.build/Release-iphoneos/FitCoach.build/Objects-normal/arm64/FitCoach_lto.o -Xlinker -final_output -Xlinker /Applications/FitCoach.app/FitCoach -Xlinker -dependency_info -Xlinker /Users/tianli/Library/Developer/Xcode/DerivedData/FitCoach-acaaowtqnaruxxgsuqzrckdbihlv/Build/Intermediates.noindex/ArchiveIntermediates/FitCoach/IntermediateBuildFilesPath/FitCoach.build/Release-iphoneos/FitCoach.build/Objects-normal/arm64/FitCoach_dependency_info.dat -fobjc-link-runtime -L/Applications/Xcode.app/Contents/Developer/Toolchains/XcodeDefault.xctoolchain/usr/lib/swift/iphoneos -L/usr/lib/swift -Xlinker -add_ast_path -Xlinker /Users/tianli/Library/Developer/Xcode/DerivedData/FitCoach-acaaowtqnaruxxgsuqzrckdbihlv/Build/Intermediates.noindex/ArchiveIntermediates/FitCoach/IntermediateBuildFilesPath/FitCoach.build/Release-iphoneos/FitCoach.build/Objects-normal/arm64/FitCoach.swiftmodule -Xlinker -no_adhoc_codesign -o /Users/tianli/Library/Developer/Xcode/DerivedData/FitCoach-acaaowtqnaruxxgsuqzrckdbihlv/Build/Intermediates.noindex/ArchiveIntermediates/FitCoach/InstallationBuildProductsLocation/Applications/FitCoach.app/FitCoach

Copy /Users/tianli/Library/Developer/Xcode/DerivedData/FitCoach-acaaowtqnaruxxgsuqzrckdbihlv/Build/Intermediates.noindex/ArchiveIntermediates/FitCoach/BuildProductsPath/Release-iphoneos/FitCoach.app/Watch/FitCoachWatch.app /Users/tianli/Library/Developer/Xcode/DerivedData/FitCoach-acaaowtqnaruxxgsuqzrckdbihlv/Build/Intermediates.noindex/ArchiveIntermediates/FitCoach/BuildProductsPath/Release-watchos/FitCoachWatch.app (in target 'FitCoach' from project 'FitCoach')
    cd /Users/tianli/Apps/fitcoach/ios/01-源程序
    builtin-copy -exclude .DS_Store -exclude CVS -exclude .svn -exclude .git -exclude .hg -exclude Headers -exclude PrivateHeaders -exclude Modules -exclude \*.tbd -resolve-src-symlinks -remove-static-executable /Users/tianli/Library/Developer/Xcode/DerivedData/FitCoach-acaaowtqnaruxxgsuqzrckdbihlv/Build/Intermediates.noindex/ArchiveIntermediates/FitCoach/BuildProductsPath/Release-watchos/FitCoachWatch.app /Users/tianli/Library/Developer/Xcode/DerivedData/FitCoach-acaaowtqnaruxxgsuqzrckdbihlv/Build/Intermediates.noindex/ArchiveIntermediates/FitCoach/BuildProductsPath/Release-iphoneos/FitCoach.app/Watch

ProcessInfoPlistFile /Users/tianli/Library/Developer/Xcode/DerivedData/FitCoach-acaaowtqnaruxxgsuqzrckdbihlv/Build/Intermediates.noindex/ArchiveIntermediates/FitCoach/InstallationBuildProductsLocation/Applications/FitCoach.app/Info.plist /Users/tianli/Library/Developer/Xcode/DerivedData/FitCoach-acaaowtqnaruxxgsuqzrckdbihlv/Build/Intermediates.noindex/ArchiveIntermediates/FitCoach/IntermediateBuildFilesPath/FitCoach.build/Release-iphoneos/FitCoach.build/empty-FitCoach.plist (in target 'FitCoach' from project 'FitCoach')
    cd /Users/tianli/Apps/fitcoach/ios/01-源程序
    builtin-infoPlistUtility /Users/tianli/Library/Developer/Xcode/DerivedData/FitCoach-acaaowtqnaruxxgsuqzrckdbihlv/Build/Intermediates.noindex/ArchiveIntermediates/FitCoach/IntermediateBuildFilesPath/FitCoach.build/Release-iphoneos/FitCoach.build/empty-FitCoach.plist -producttype com.apple.product-type.application -genpkginfo /Users/tianli/Library/Developer/Xcode/DerivedData/FitCoach-acaaowtqnaruxxgsuqzrckdbihlv/Build/Intermediates.noindex/ArchiveIntermediates/FitCoach/InstallationBuildProductsLocation/Applications/FitCoach.app/PkgInfo -expandbuildsettings -format binary -platform iphoneos -additionalcontentfile /Users/tianli/Library/Developer/Xcode/DerivedData/FitCoach-acaaowtqnaruxxgsuqzrckdbihlv/Build/Intermediates.noindex/ArchiveIntermediates/FitCoach/IntermediateBuildFilesPath/FitCoach.build/Release-iphoneos/FitCoach.build/assetcatalog_generated_info.plist -scanforprivacyfile /Users/tianli/Library/Developer/Xcode/DerivedData/FitCoach-acaaowtqnaruxxgsuqzrckdbihlv/Build/Intermediates.noindex/ArchiveIntermediates/FitCoach/BuildProductsPath/Release-iphoneos/FitCoach.app/Watch/FitCoachWatch.app -requiredArchitecture arm64 -o /Users/tianli/Library/Developer/Xcode/DerivedData/FitCoach-acaaowtqnaruxxgsuqzrckdbihlv/Build/Intermediates.noindex/ArchiveIntermediates/FitCoach/InstallationBuildProductsLocation/Applications/FitCoach.app/Info.plist

CopySwiftLibs /Users/tianli/Library/Developer/Xcode/DerivedData/FitCoach-acaaowtqnaruxxgsuqzrckdbihlv/Build/Intermediates.noindex/ArchiveIntermediates/FitCoach/InstallationBuildProductsLocation/Applications/FitCoach.app (in target 'FitCoach' from project 'FitCoach')
    cd /Users/tianli/Apps/fitcoach/ios/01-源程序
    builtin-swiftStdLibTool --copy --verbose --sign EE29F1EBB490D8505CE220E646907872FD75D65E --scan-executable /Users/tianli/Library/Developer/Xcode/DerivedData/FitCoach-acaaowtqnaruxxgsuqzrckdbihlv/Build/Intermediates.noindex/ArchiveIntermediates/FitCoach/InstallationBuildProductsLocation/Applications/FitCoach.app/FitCoach --scan-folder /Users/tianli/Library/Developer/Xcode/DerivedData/FitCoach-acaaowtqnaruxxgsuqzrckdbihlv/Build/Intermediates.noindex/ArchiveIntermediates/FitCoach/InstallationBuildProductsLocation/Applications/FitCoach.app/Frameworks --scan-folder /Users/tianli/Library/Developer/Xcode/DerivedData/FitCoach-acaaowtqnaruxxgsuqzrckdbihlv/Build/Intermediates.noindex/ArchiveIntermediates/FitCoach/InstallationBuildProductsLocation/Applications/FitCoach.app/PlugIns --scan-folder /Users/tianli/Library/Developer/Xcode/DerivedData/FitCoach-acaaowtqnaruxxgsuqzrckdbihlv/Build/Intermediates.noindex/ArchiveIntermediates/FitCoach/InstallationBuildProductsLocation/Applications/FitCoach.app/SystemExtensions --scan-folder /Users/tianli/Library/Developer/Xcode/DerivedData/FitCoach-acaaowtqnaruxxgsuqzrckdbihlv/Build/Intermediates.noindex/ArchiveIntermediates/FitCoach/InstallationBuildProductsLocation/Applications/FitCoach.app/Extensions --platform iphoneos --toolchain /Applications/Xcode.app/Contents/Developer/Toolchains/XcodeDefault.xctoolchain --destination /Users/tianli/Library/Developer/Xcode/DerivedData/FitCoach-acaaowtqnaruxxgsuqzrckdbihlv/Build/Intermediates.noindex/ArchiveIntermediates/FitCoach/InstallationBuildProductsLocation/Applications/FitCoach.app/Frameworks --unsigned-destination /Users/tianli/Library/Developer/Xcode/DerivedData/FitCoach-acaaowtqnaruxxgsuqzrckdbihlv/Build/Intermediates.noindex/ArchiveIntermediates/FitCoach/BuildProductsPath/SwiftSupport --strip-bitcode --strip-bitcode-tool /Applications/Xcode.app/Contents/Developer/Toolchains/XcodeDefault.xctoolchain/usr/bin/bitcode_strip --emit-dependency-info /Users/tianli/Library/Developer/Xcode/DerivedData/FitCoach-acaaowtqnaruxxgsuqzrckdbihlv/Build/Intermediates.noindex/ArchiveIntermediates/FitCoach/IntermediateBuildFilesPath/FitCoach.build/Release-iphoneos/FitCoach.build/SwiftStdLibToolInputDependencies.dep --filter-for-swift-os --back-deploy-swift-span

ExtractAppIntentsMetadata (in target 'FitCoach' from project 'FitCoach')
    cd /Users/tianli/Apps/fitcoach/ios/01-源程序
    /Applications/Xcode.app/Contents/Developer/Toolchains/XcodeDefault.xctoolchain/usr/bin/appintentsmetadataprocessor --toolchain-dir /Applications/Xcode.app/Contents/Developer/Toolchains/XcodeDefault.xctoolchain --module-name FitCoach --sdk-root /Applications/Xcode.app/Contents/Developer/Platforms/iPhoneOS.platform/Developer/SDKs/iPhoneOS27.0.sdk --xcode-version 27A266a --platform-family iOS --deployment-target 18.0 --bundle-identifier cyou.tianli.fitcoachapp --output /Users/tianli/Library/Developer/Xcode/DerivedData/FitCoach-acaaowtqnaruxxgsuqzrckdbihlv/Build/Intermediates.noindex/ArchiveIntermediates/FitCoach/InstallationBuildProductsLocation/Applications/FitCoach.app --target-triple arm64-apple-ios18.0 --binary-file /Users/tianli/Library/Developer/Xcode/DerivedData/FitCoach-acaaowtqnaruxxgsuqzrckdbihlv/Build/Intermediates.noindex/ArchiveIntermediates/FitCoach/InstallationBuildProductsLocation/Applications/FitCoach.app/FitCoach --dependency-file /Users/tianli/Library/Developer/Xcode/DerivedData/FitCoach-acaaowtqnaruxxgsuqzrckdbihlv/Build/Intermediates.noindex/ArchiveIntermediates/FitCoach/IntermediateBuildFilesPath/FitCoach.build/Release-iphoneos/FitCoach.build/Objects-normal/arm64/FitCoach_dependency_info.dat --stringsdata-file /Users/tianli/Library/Developer/Xcode/DerivedData/FitCoach-acaaowtqnaruxxgsuqzrckdbihlv/Build/Intermediates.noindex/ArchiveIntermediates/FitCoach/IntermediateBuildFilesPath/FitCoach.build/Release-iphoneos/FitCoach.build/Objects-normal/arm64/ExtractedAppShortcutsMetadata.stringsdata --source-file-list /Users/tianli/Library/Developer/Xcode/DerivedData/FitCoach-acaaowtqnaruxxgsuqzrckdbihlv/Build/Intermediates.noindex/ArchiveIntermediates/FitCoach/IntermediateBuildFilesPath/FitCoach.build/Release-iphoneos/FitCoach.build/Objects-normal/arm64/FitCoach.SwiftFileList --metadata-file-list /Users/tianli/Library/Developer/Xcode/DerivedData/FitCoach-acaaowtqnaruxxgsuqzrckdbihlv/Build/Intermediates.noindex/ArchiveIntermediates/FitCoach/IntermediateBuildFilesPath/FitCoach.build/Release-iphoneos/FitCoach.build/FitCoach.DependencyMetadataFileList --static-metadata-file-list /Users/tianli/Library/Developer/Xcode/DerivedData/FitCoach-acaaowtqnaruxxgsuqzrckdbihlv/Build/Intermediates.noindex/ArchiveIntermediates/FitCoach/IntermediateBuildFilesPath/FitCoach.build/Release-iphoneos/FitCoach.build/FitCoach.DependencyStaticMetadataFileList --swift-const-vals-list /Users/tianli/Library/Developer/Xcode/DerivedData/FitCoach-acaaowtqnaruxxgsuqzrckdbihlv/Build/Intermediates.noindex/ArchiveIntermediates/FitCoach/IntermediateBuildFilesPath/FitCoach.build/Release-iphoneos/FitCoach.build/Objects-normal/arm64/FitCoach.SwiftConstValuesFileList --compile-time-extraction --deployment-aware-processing --no-app-shortcuts-localization
2026-10-06 14:42:11.751 appintentsmetadataprocessor[62847:7297189] Starting appintentsmetadataprocessor export
2026-10-06 14:42:11.757 appintentsmetadataprocessor[62847:7297189] warning: Metadata extraction skipped, no AppIntents.framework dependency found

GenerateDSYMFile /Users/tianli/Library/Developer/Xcode/DerivedData/FitCoach-acaaowtqnaruxxgsuqzrckdbihlv/Build/Intermediates.noindex/ArchiveIntermediates/FitCoach/BuildProductsPath/Release-iphoneos/FitCoach.app.dSYM /Users/tianli/Library/Developer/Xcode/DerivedData/FitCoach-acaaowtqnaruxxgsuqzrckdbihlv/Build/Intermediates.noindex/ArchiveIntermediates/FitCoach/InstallationBuildProductsLocation/Applications/FitCoach.app/FitCoach (in target 'FitCoach' from project 'FitCoach')
    cd /Users/tianli/Apps/fitcoach/ios/01-源程序
    export PATH\=/Applications/Xcode.app/Contents/SharedFrameworks/SwiftBuild.framework/Versions/A/PlugIns/SWBBuildService.bundle/Contents/PlugIns/SWBUniversalPlatformPlugin.bundle/Contents/Frameworks/SWBUniversalPlatform.framework/Resources:/Applications/Xcode.app/Contents/Developer/Toolchains/XcodeDefault.xctoolchain/usr/bin:/Applications/Xcode.app/Contents/Developer/Toolchains/XcodeDefault.xctoolchain/usr/local/bin:/Applications/Xcode.app/Contents/Developer/Toolchains/XcodeDefault.xctoolchain/usr/libexec:/Applications/Xcode.app/Contents/Developer/Platforms/iPhoneOS.platform/usr/bin:/Applications/Xcode.app/Contents/Developer/Platforms/iPhoneOS.platform/usr/local/bin:/Applications/Xcode.app/Contents/Developer/Platforms/iPhoneOS.platform/Developer/usr/bin:/Applications/Xcode.app/Contents/Developer/Platforms/iPhoneOS.platform/Developer/usr/local/bin:/Applications/Xcode.app/Contents/Developer/usr/bin:/Applications/Xcode.app/Contents/Developer/usr/local/bin:/usr/bin:/bin:/usr/sbin:/sbin:/Users/tianli/.codex/packages/app-server-daemon/releases/0.160.1-aarch64-apple-darwin/codex-path:/Users/tianli/.local/bin:/Users/tianli/.kimi-code/bin:/usr/local/opt/w3m/bin:/usr/local/go/bin:/Users/tianli/go/bin:/usr/local/opt/php/bin:/usr/local/opt/php/sbin:/opt/homebrew/opt/openjdk/bin:/Users/tianli/Dev/tools/scripts:/Users/tianli/Dev/tools/scripts/system:/Users/tianli/Dev/tools/scripts/system/services:/Users/tianli/Dev/tools/scripts/execute:/Users/tianli/Dev/tools/scripts/execute/tools:/Users/tianli/Dev/tools/scripts/execute/raycast:/Users/tianli/Dev/tools/scripts/execute/compare:/Users/tianli/Dev/tools/scripts/execute/macro:/Users/tianli/.codeium/windsurf/bin:/opt/homebrew/opt/ruby/bin:/Users/tianli/.orbstack/bin:/opt/homebrew/bin:/opt/homebrew/sbin:/usr/local/bin:/System/Cryptexes/App/usr/bin:/var/run/com.apple.security.cryptexd/codex.system/bootstrap/usr/local/bin:/var/run/com.apple.security.cryptexd/codex.system/bootstrap/usr/bin:/var/run/com.apple.security.cryptexd/codex.system/bootstrap/usr/appleinternal/bin:/pkg/env/global/bin:/Library/Apple/usr/bin:/Library/TeX/texbin:/usr/local/share/dotnet:/Applications/quarto/bin:/Users/tianli/.codex/tmp/arg0/codex-arg0WfTpcY:/Users/tianli/.codex/tmp/arg0/codex-arg0m8qLUM:/Users/tianli/.codex/packages/app-server-daemon/releases/0.160.0-aarch64-apple-darwin/codex-path:/Users/tianli/.codex/tmp/arg0/codex-arg04eOo5b:/opt/homebrew/Caskroom/codex/0.160.0/codex-path:/Applications/Ghostty.app/Contents/MacOS:/Users/tianli/Library/pnpm
    /Applications/Xcode.app/Contents/Developer/Toolchains/XcodeDefault.xctoolchain/usr/bin/dsymutil /Users/tianli/Library/Developer/Xcode/DerivedData/FitCoach-acaaowtqnaruxxgsuqzrckdbihlv/Build/Intermediates.noindex/ArchiveIntermediates/FitCoach/InstallationBuildProductsLocation/Applications/FitCoach.app/FitCoach -o /Users/tianli/Library/Developer/Xcode/DerivedData/FitCoach-acaaowtqnaruxxgsuqzrckdbihlv/Build/Intermediates.noindex/ArchiveIntermediates/FitCoach/BuildProductsPath/Release-iphoneos/FitCoach.app.dSYM

AppIntentsSSUTraining (in target 'FitCoach' from project 'FitCoach')
    cd /Users/tianli/Apps/fitcoach/ios/01-源程序
    /Applications/Xcode.app/Contents/Developer/Toolchains/XcodeDefault.xctoolchain/usr/bin/appintentsnltrainingprocessor --infoplist-path /Users/tianli/Library/Developer/Xcode/DerivedData/FitCoach-acaaowtqnaruxxgsuqzrckdbihlv/Build/Intermediates.noindex/ArchiveIntermediates/FitCoach/InstallationBuildProductsLocation/Applications/FitCoach.app/Info.plist --temp-dir-path /Users/tianli/Library/Developer/Xcode/DerivedData/FitCoach-acaaowtqnaruxxgsuqzrckdbihlv/Build/Intermediates.noindex/ArchiveIntermediates/FitCoach/IntermediateBuildFilesPath/FitCoach.build/Release-iphoneos/FitCoach.build/ssu --bundle-id cyou.tianli.fitcoachapp --product-path /Users/tianli/Library/Developer/Xcode/DerivedData/FitCoach-acaaowtqnaruxxgsuqzrckdbihlv/Build/Intermediates.noindex/ArchiveIntermediates/FitCoach/InstallationBuildProductsLocation/Applications/FitCoach.app --extracted-metadata-path /Users/tianli/Library/Developer/Xcode/DerivedData/FitCoach-acaaowtqnaruxxgsuqzrckdbihlv/Build/Intermediates.noindex/ArchiveIntermediates/FitCoach/InstallationBuildProductsLocation/Applications/FitCoach.app/Metadata.appintents --deployment-postprocessing --metadata-file-list /Users/tianli/Library/Developer/Xcode/DerivedData/FitCoach-acaaowtqnaruxxgsuqzrckdbihlv/Build/Intermediates.noindex/ArchiveIntermediates/FitCoach/IntermediateBuildFilesPath/FitCoach.build/Release-iphoneos/FitCoach.build/FitCoach.DependencyMetadataFileList --source-file /Users/tianli/Library/Developer/Xcode/DerivedData/FitCoach-acaaowtqnaruxxgsuqzrckdbihlv/Build/Intermediates.noindex/ArchiveIntermediates/FitCoach/InstallationBuildProductsLocation/Applications/FitCoach.app/Info.plist --archive-ssu-assets
2026-10-06 14:42:11.852 appintentsnltrainingprocessor[62850:7297196] Parsing options for appintentsnltrainingprocessor
2026-10-06 14:42:11.853 appintentsnltrainingprocessor[62850:7297196] Starting AppIntents SSU YAML Generation
2026-10-06 14:42:11.854 appintentsnltrainingprocessor[62850:7297196] No AppShortcuts found - Skipping.

Strip /Users/tianli/Library/Developer/Xcode/DerivedData/FitCoach-acaaowtqnaruxxgsuqzrckdbihlv/Build/Intermediates.noindex/ArchiveIntermediates/FitCoach/InstallationBuildProductsLocation/Applications/FitCoach.app/FitCoach (in target 'FitCoach' from project 'FitCoach')
    cd /Users/tianli/Apps/fitcoach/ios/01-源程序
    /Applications/Xcode.app/Contents/Developer/Toolchains/XcodeDefault.xctoolchain/usr/bin/strip -D /Users/tianli/Library/Developer/Xcode/DerivedData/FitCoach-acaaowtqnaruxxgsuqzrckdbihlv/Build/Intermediates.noindex/ArchiveIntermediates/FitCoach/InstallationBuildProductsLocation/Applications/FitCoach.app/FitCoach

SetOwnerAndGroup tianli:staff /Users/tianli/Library/Developer/Xcode/DerivedData/FitCoach-acaaowtqnaruxxgsuqzrckdbihlv/Build/Intermediates.noindex/ArchiveIntermediates/FitCoach/InstallationBuildProductsLocation/Applications/FitCoach.app (in target 'FitCoach' from project 'FitCoach')
    cd /Users/tianli/Apps/fitcoach/ios/01-源程序
    /usr/sbin/chown -RH tianli:staff /Users/tianli/Library/Developer/Xcode/DerivedData/FitCoach-acaaowtqnaruxxgsuqzrckdbihlv/Build/Intermediates.noindex/ArchiveIntermediates/FitCoach/InstallationBuildProductsLocation/Applications/FitCoach.app

SetMode u+w,go-w,a+rX /Users/tianli/Library/Developer/Xcode/DerivedData/FitCoach-acaaowtqnaruxxgsuqzrckdbihlv/Build/Intermediates.noindex/ArchiveIntermediates/FitCoach/InstallationBuildProductsLocation/Applications/FitCoach.app (in target 'FitCoach' from project 'FitCoach')
    cd /Users/tianli/Apps/fitcoach/ios/01-源程序
    /bin/chmod -RH u+w,go-w,a+rX /Users/tianli/Library/Developer/Xcode/DerivedData/FitCoach-acaaowtqnaruxxgsuqzrckdbihlv/Build/Intermediates.noindex/ArchiveIntermediates/FitCoach/InstallationBuildProductsLocation/Applications/FitCoach.app

CodeSign /Users/tianli/Library/Developer/Xcode/DerivedData/FitCoach-acaaowtqnaruxxgsuqzrckdbihlv/Build/Intermediates.noindex/ArchiveIntermediates/FitCoach/InstallationBuildProductsLocation/Applications/FitCoach.app (in target 'FitCoach' from project 'FitCoach')
    cd /Users/tianli/Apps/fitcoach/ios/01-源程序
    
    Signing Identity:     "Apple Development: zengtianli1@126.com (XADD6XV55H)"
    Provisioning Profile: "iOS Team Provisioning Profile: cyou.tianli.fitcoachapp"
                          (d49fe64d-dd38-4e6c-a3a1-240d77cdfdb4)
    
    /usr/bin/codesign --force --sign EE29F1EBB490D8505CE220E646907872FD75D65E --entitlements /Users/tianli/Library/Developer/Xcode/DerivedData/FitCoach-acaaowtqnaruxxgsuqzrckdbihlv/Build/Intermediates.noindex/ArchiveIntermediates/FitCoach/IntermediateBuildFilesPath/FitCoach.build/Release-iphoneos/FitCoach.build/FitCoach.app.xcent --generate-entitlement-der /Users/tianli/Library/Developer/Xcode/DerivedData/FitCoach-acaaowtqnaruxxgsuqzrckdbihlv/Build/Intermediates.noindex/ArchiveIntermediates/FitCoach/InstallationBuildProductsLocation/Applications/FitCoach.app

ValidateEmbeddedBinary /Users/tianli/Library/Developer/Xcode/DerivedData/FitCoach-acaaowtqnaruxxgsuqzrckdbihlv/Build/Intermediates.noindex/ArchiveIntermediates/FitCoach/BuildProductsPath/Release-iphoneos/FitCoach.app/Watch/FitCoachWatch.app (in target 'FitCoach' from project 'FitCoach')
    cd /Users/tianli/Apps/fitcoach/ios/01-源程序
    /Applications/Xcode.app/Contents/Developer/usr/bin/embeddedBinaryValidationUtility /Users/tianli/Library/Developer/Xcode/DerivedData/FitCoach-acaaowtqnaruxxgsuqzrckdbihlv/Build/Intermediates.noindex/ArchiveIntermediates/FitCoach/BuildProductsPath/Release-iphoneos/FitCoach.app/Watch/FitCoachWatch.app -signing-cert EE29F1EBB490D8505CE220E646907872FD75D65E -info-plist-path /Users/tianli/Library/Developer/Xcode/DerivedData/FitCoach-acaaowtqnaruxxgsuqzrckdbihlv/Build/Intermediates.noindex/ArchiveIntermediates/FitCoach/InstallationBuildProductsLocation/Applications/FitCoach.app/Info.plist

RegisterExecutionPolicyException /Users/tianli/Library/Developer/Xcode/DerivedData/FitCoach-acaaowtqnaruxxgsuqzrckdbihlv/Build/Intermediates.noindex/ArchiveIntermediates/FitCoach/InstallationBuildProductsLocation/Applications/FitCoach.app (in target 'FitCoach' from project 'FitCoach')
    cd /Users/tianli/Apps/fitcoach/ios/01-源程序
    builtin-RegisterExecutionPolicyException /Users/tianli/Library/Developer/Xcode/DerivedData/FitCoach-acaaowtqnaruxxgsuqzrckdbihlv/Build/Intermediates.noindex/ArchiveIntermediates/FitCoach/InstallationBuildProductsLocation/Applications/FitCoach.app

Validate /Users/tianli/Library/Developer/Xcode/DerivedData/FitCoach-acaaowtqnaruxxgsuqzrckdbihlv/Build/Intermediates.noindex/ArchiveIntermediates/FitCoach/InstallationBuildProductsLocation/Applications/FitCoach.app (in target 'FitCoach' from project 'FitCoach')
    cd /Users/tianli/Apps/fitcoach/ios/01-源程序
    builtin-validationUtility /Users/tianli/Library/Developer/Xcode/DerivedData/FitCoach-acaaowtqnaruxxgsuqzrckdbihlv/Build/Intermediates.noindex/ArchiveIntermediates/FitCoach/InstallationBuildProductsLocation/Applications/FitCoach.app -shallow-bundle -infoplist-subpath Info.plist

Touch /Users/tianli/Library/Developer/Xcode/DerivedData/FitCoach-acaaowtqnaruxxgsuqzrckdbihlv/Build/Intermediates.noindex/ArchiveIntermediates/FitCoach/InstallationBuildProductsLocation/Applications/FitCoach.app (in target 'FitCoach' from project 'FitCoach')
    cd /Users/tianli/Apps/fitcoach/ios/01-源程序
    /usr/bin/touch -c /Users/tianli/Library/Developer/Xcode/DerivedData/FitCoach-acaaowtqnaruxxgsuqzrckdbihlv/Build/Intermediates.noindex/ArchiveIntermediates/FitCoach/InstallationBuildProductsLocation/Applications/FitCoach.app

PruneExplicitPrecompiledModules /Users/tianli/Library/Developer/Xcode/DerivedData/SDKExplicitPrecompiledModules

PruneExplicitPrecompiledModules /Users/tianli/Library/Developer/Xcode/DerivedData/FitCoach-acaaowtqnaruxxgsuqzrckdbihlv/Build/Intermediates.noindex/ArchiveIntermediates/FitCoach/IntermediateBuildFilesPath/ExplicitPrecompiledModules

PruneExplicitPrecompiledModules /Users/tianli/Library/Developer/Xcode/DerivedData/FitCoach-acaaowtqnaruxxgsuqzrckdbihlv/Build/Intermediates.noindex/ArchiveIntermediates/FitCoach/IntermediateBuildFilesPath/SwiftExplicitPrecompiledModules

** ARCHIVE SUCCEEDED **

